id,segmentation
000001,0 30 40 123 174 112 295 124 430 111 550 125 685 111 804 127 938 114 1060 127 1192 116 1315 129 1446 118 1571 248 1827 248 2082 248 2338 247 2593 248 2849 247 3105 247 3360 248 3616 248 3872 248 4128 248 4384 248 4640 247 4896 247 5153 245 5409 244 5666 242 5922 242 6178 242 6435 241 6691 241 6947 221 7169 19 7203 221 7425 19 7459 221 7681 19 7714 222 7937 19 7970 222 8194 18 8226 222 8451 17 8482 222 8708 16 8738 222 8964 16 8994 222 9221 15 9250 222 9478 16 9506 222 9735 17 9756 228 9992 248 10249 247 10504 248 10759 249 11014 250 11268 4623 15897 251 16154 253 16411 253 16668 253 16925 252 17182 251 17438 251 17694 250 17950 250 18206 248 18462 247 18719 241 18975 240 19231 239 19488 238 19744 184 19936 46 20001 181 20193 46 20257 180 20448 47 20512 178 20703 48 20768 171 20941 2 20957 50 21024 131 21160 33 21212 50 21280 127 21421 8 21431 11 21468 49 21536 126 21687 11 21723 48 21793 124 21943 11 21978 48 22050 123 22199 11 22233 47 22308 76 22389 39 22454 11 22489 45 22564 76 22645 38 22710 9 22745 44 22819 76 22900 34 22967 3 22984 3 23000 44 23075 75 23156 33 23224 1 23240 4 23256 44 23331 75 23412 33 23496 3 23512 43 23586 76 23668 32 23709 1 23753 1 23768 41 23826 1 23841 77 23924 30 23964 2 24024 40 24080 5 24096 78 24180 29 24220 3 24279 41 24335 6 24351 52 24409 21 24436 29 24477 1 24534 42 24590 8 24606 49 24666 19 24693 27 24789 43 24846 8 24861 39 24903 7 24922 17 24950 26 25044 44 25092 3 25102 8 25117 38 25160 5 25178 15 25207 25 25299 45 25346 6 25357 10 25374 36 25433 15 25465 23 25554 46 25601 8 25613 13 25630 32 25689 14 25722 22 25810 55 25868 17 25888 29 25944 14 25978 22 26066 56 26124 17 26149 24 26200 14 26235 21 26322 76 26407 22 26455 14 26491 21 26578 77 26664 21 26711 14 26747 21 26834 77 26921 21 26966 15 27003 21 27090 78 27178 21 27222 14 27260 18 27346 78 27435 20 27478 13 27516 13 27602 79 27692 20 27715 3 27734 11 27772 12 27857 80 27948 20 27970 5 27991 7 28029 9 28113 81 28205 26 28286 6 28369 81 28461 26 28626 81 28718 25 28882 81 28975 25 29138 82 29232 24 29394 82 29490 22 29651 81 29747 20 29907 81 30004 19 30164 80 30266 13 30421 79 30523 12 30677 79 30780 11 30934 78 31036 10 31190 78 31292 10 31447 77 31547 11 31704 76 31803 10 31960 76 32059 10 32217 76 32315 9 32474 82 32571 9 32730 84 32827 8 32987 86 33084 6 33244 88 33340 6 33501 88 33597 4 33761 85 34019 83 34275 85 34532 86 34788 87 35044 88 35236 12 35249 7 35301 88 35491 22 35557 89 35746 25 35813 90 36001 28 36070 90 36236 6 36257 28 36326 91 36490 8 36512 30 36582 91 36745 10 36768 30 36838 92 36994 17 37023 32 37094 93 37248 20 37279 33 37349 95 37503 22 37534 35 37605 96 37759 24 37790 38 37860 97 38015 25 38044 45 38116 98 38271 79 38372 98 38526 82 38629 98 38776 88 38885 98 39032 88 39142 97 39287 89 39400 95 39543 89 39657 94 39798 89 39913 94 40053 89 40171 92 40309 88 40429 90 40564 89 40688 87 40820 88 40945 85 41075 89 41201 84 41330 89 41458 82 41585 89 41715 80 41840 88 41972 80 42096 87 42229 80 42351 88 42485 80 42607 89 42741 81 42835 4 42863 89 42997 81 43090 7 43119 85 43206 3 43245 1 43253 81 43346 16 43373 80 43455 4 43463 3 43496 9 43508 82 43602 17 43625 83 43719 3 43750 12 43764 82 43858 105 43976 2 44006 96 44114 104 44261 96 44370 104 44517 96 44626 105 44773 95 44881 108 45029 95 45137 109 45285 94 45392 111 45542 92 45647 113 45797 91 45903 115 46053 90 46159 116 46308 87 46415 116 46563 87 46672 115 46818 88 46929 97 47028 15 47074 88 47186 96 47288 11 47329 89 47442 96 47546 8 47585 89 47699 95 47802 7 47841 89 47956 94 48054 9 48097 89 48212 95 48308 8 48352 90 48468 104 48608 91 48725 102 48863 94 48981 102 49118 103 49237 103 49373 107 49494 102 49627 110 49750 103 49882 112 50006 104 50137 113 50263 103 50387 119 50519 104 50642 120 50776 103 50897 121 51032 102 51150 123 51289 100 51404 125 51546 97 51659 126 51802 96 51911 130 52058 96 52165 133 52314 95 52418 137 52570 95 52671 140 52827 93 52926 142 53088 87 53181 143 53345 85 53437 144 53602 74 53679 6 53694 143 53858 71 53950 143 54115 69 54207 142 54371 69 54463 142 54628 67 54720 141 54885 7 54895 56 54976 141 55154 52 55232 141 55411 51 55488 142 55668 50 55744 143 55925 49 55987 4 56000 144 56183 47 56242 7 56256 146 56442 44 56497 8 56512 146 56702 39 56753 9 56768 147 56960 37 57008 10 57024 148 57216 37 57264 11 57281 147 57471 38 57520 11 57537 149 57726 40 57775 13 57793 149 57980 42 58030 15 58049 150 58235 44 58285 17 58304 151 58490 46 58540 171 58745 47 58796 170 59001 218 59257 212 59513 212 59769 213 60026 216 60282 218 60512 4 60540 218 60766 6 60797 218 61021 8 61055 217 61276 9 61313 229 61572 226 61830 225 62058 3 62092 227 62350 113 62464 112 62606 112 62720 113 62862 111 62976 113 63118 90 63211 18 63232 113 63374 90 63467 17 63488 114 63607 5 63629 92 63722 17 63744 114 63861 8 63884 111 64000 127 64139 111 64256 129 64394 111 64512 129 64650 111 64768 130 64906 111 65024 130 65162 112 65280 130 65419 111
000002,0 251 256 251 512 250 768 250 1024 250 1280 250 1536 250 1792 249 2048 249 2304 249 2560 249 2816 249 3072 249 3328 249 3580 3 3584 61952
000003,0 65536
000004,0 34803 34804 256 35062 255 35318 256 35575 29961
000005,0 44799 44800 20736
000006,193 55 448 56 703 56 959 56 1214 57 1470 56 1725 58 1980 59 2236 59 2492 60 2747 61 3003 61 3258 62 3512 63 3764 67 4015 71 4270 73 4525 76 4781 27 4811 49 5036 27 5068 49 5291 27 5324 51 5546 27 5580 52 5800 28 5836 52 6056 27 6093 51 6311 26 6350 50 6567 24 6605 51 6823 24 6861 51 7079 23 7116 52 7335 22 7370 54 7592 20 7625 55 7848 8 7857 9 7880 56 8106 4 8136 55 8391 52 8646 51 8902 51 9157 52 9411 55 9666 56 9921 58 10177 58 10432 59 10688 59 10944 58 11201 57 11457 57 11714 61 11970 62 12227 37 12270 18 12484 34 12527 17 12742 31 12782 18 13000 28 13038 18 13257 27 13293 19 13513 27 13549 19 13769 28 13804 20 14026 30 14060 20 14282 32 14315 21 14538 54 14795 53 15052 6 15061 43 15318 42 15574 42 15830 42 16086 42 16330 4 16340 44 16584 7 16595 45 16839 9 16850 46 17094 58 17349 59 17604 60 17860 12 17874 46 18116 11 18130 46 18372 9 18386 46 18629 8 18642 9 18657 31 18887 6 18897 10 18914 30 19145 4 19153 9 19171 29 19409 9 19427 29 19665 8 19684 8 19694 18 19921 8 19940 8 19952 7 19963 5 20178 6 20197 7 20211 2 20435 4 20453 7 20710 4 20967 1 21222 2 21477 2 21722 4 21976 7 22227 12 22482 13 22737 14 22992 15 23248 15 23503 16 23758 16 24014 16 24052 3 24270 15 24307 5 24318 1 24526 14 24563 5 24573 3 24783 11 24819 6 24827 5 25039 10 25076 12 25296 8 25333 11 25552 7 25589 11 25809 5 25846 10 26102 10 26358 10 26613 11 26869 11 27124 12 27380 12 27635 13 27890 14 28146 14 28402 14 28658 14 28914 14 29169 15 29424 16 29680 16 29936 16 30192 15 30449 9 30706 7 30963 6 43376 2 43630 6 43886 6 44142 7 44398 7 44654 6 44912 2
000007,0 65536
000008,32 44 106 6 153 7 195 48 288 44 362 7 409 7 451 48 544 44 617 8 665 6 706 49 800 45 872 9 922 4 962 49 1057 45 1128 9 1218 49 1313 45 1384 9 1474 49 1570 46 1639 11 1730 50 1826 49 1895 11 1986 51 2082 49 2151 11 2242 52 2339 49 2407 11 2497 53 2596 48 2664 9 2753 54 2852 49 2920 8 3009 54 3108 50 3176 7 3264 55 3363 52 3433 6 3520 55 3610 62 3690 4 3776 55 3863 66 3947 3 4032 56 4117 69 4288 56 4372 71 4478 4 4544 58 4627 73 4733 7 4799 59 4882 75 4988 9 5032 8 5055 60 5138 76 5242 12 5287 13 5310 61 5394 80 5497 15 5536 4 5541 16 5566 61 5650 82 5752 17 5789 26 5821 62 5906 85 6007 18 6044 29 6076 62 6162 86 6263 18 6299 95 6418 87 6518 19 6554 95 6674 87 6774 19 6810 94 6931 86 7030 18 7065 95 7187 85 7286 18 7320 95 7431 4 7443 85 7542 18 7575 96 7686 7 7698 85 7799 17 7830 96 7941 9 7953 86 8057 8 8066 5 8085 97 8196 98 8314 6 8341 97 8448 102 8571 5 8597 97 8704 102 8822 1 8827 5 8852 97 8960 103 9077 3 9084 3 9108 97 9216 103 9332 4 9363 97 9472 103 9589 3 9619 97 9728 103 9874 97 9984 103 10130 96 10240 103 10386 95 10496 102 10642 93 10752 101 10899 92 11008 101 11156 91 11264 100 11412 91 11520 99 11669 90 11776 98 11926 89 12032 98 12182 89 12288 97 12439 88 12544 97 12695 89 12800 97 12952 89 13056 98 13209 89 13312 98 13466 89 13568 98 13723 88 13824 99 13981 87 14080 99 14237 87 14336 99 14493 87 14592 99 14748 83 14848 99 15004 82 15104 100 15260 82 15360 100 15477 6 15515 82 15616 101 15727 15 15743 2 15771 82 15872 101 15982 21 16027 82 16128 102 16237 23 16283 82 16384 102 16492 27 16539 82 16640 103 16747 29 16796 81 16896 136 17053 80 17152 103 17256 33 17311 78 17408 138 17568 76 17664 138 17826 74 17920 138 18084 72 18176 139 18320 2 18340 71 18432 139 18573 7 18591 76 18688 149 18846 76 18944 150 19101 76 19200 150 19356 75 19456 150 19612 74 19712 151 19867 74 19959 4 19968 151 20122 75 20214 6 20224 229 20470 6 20480 228 20726 5 20736 228 20981 5 20992 228 21237 4 21248 228 21493 4 21504 228 21738 4 21749 5 21760 229 21992 7 22004 6 22016 230 22247 9 22260 6 22272 241 22516 7 22528 251 22784 252 23040 252 23296 245 23543 4 23552 245 23808 244 24064 244 24320 243 24576 243 24832 243 25088 242 25344 242 25600 242 25856 241 26112 240 26368 239 26624 237 26880 237 27136 236 27392 236 27648 236 27904 235 28160 235 28416 235 28672 235 28928 235 29184 126 29314 105 29440 125 29571 103 29696 124 29827 103 29952 123 30082 104 30208 122 30338 103 30464 120 30594 102 30720 118 30849 102 30976 117 31104 102 31232 116 31360 102 31488 116 31614 103 31744 117 31868 106 32000 117 32123 107 32242 5 32256 117 32378 111 32496 8 32512 117 32634 112 32751 9 32768 118 32888 113 33007 9 33024 233 33263 10 33283 229 33519 10 33540 94 33639 128 33775 10 33797 86 33898 124 34031 10 34053 86 34155 120 34287 11 34309 85 34411 116 34545 9 34560 3 34564 72 34666 116 34802 8 34816 72 34922 116 35058 9 35072 72 35177 116 35314 9 35328 72 35432 115 35570 9 35584 71 35687 115 35826 9 35840 71 35943 114 36083 8 36096 64 36198 116 36339 8 36350 1 36352 62 36453 117 36597 72 36709 118 36858 67 36964 119 37114 65 37209 2 37220 120 37370 64 37464 4 37476 120 37627 63 37721 3 37732 120 37869 3 37884 61 37989 118 38124 4 38144 57 38245 118 38380 4 38400 56 38502 101 38608 10 38637 2 38656 55 38758 100 38866 7 38910 1 38912 54 39014 99 39155 7 39164 56 39271 98 39410 65 39517 1 39526 98 39665 65 39771 5 39782 98 39921 64 40026 7 40038 99 40177 61 40271 5 40280 9 40293 100 40432 61 40526 20 40549 100 40688 56 40781 22 40804 101 40939 4 40944 16 40962 36 41036 125 41193 23 41218 35 41292 125 41448 24 41474 33 41548 126 41703 25 41731 31 41804 126 41960 24 41988 29 42060 126 42218 22 42246 25 42316 127 42474 22 42505 20 42572 128 42729 23 42762 18 42828 128 42985 23 43019 14 43085 128 43241 23 43276 10 43342 127 43496 24 43533 5 43601 124 43748 2 43753 22 43791 1 43858 123 44004 3 44010 20 44116 9 44129 106 44260 2 44268 17 44386 104 44526 15 44643 103 44782 14 44899 102 45038 14 45155 102 45294 13 45411 102 45550 12 45668 102 45807 9 45925 104 46063 6 46181 106 46438 104 46694 104 46950 103 47177 3 47206 103 47420 4 47431 6 47462 102 47674 8 47686 8 47718 100 47927 12 47940 11 47974 99 48181 27 48229 99 48435 29 48483 102 48690 30 48736 106 48885 3 48945 31 48991 109 49139 7 49201 31 49247 109 49390 13 49405 3 49456 31 49502 110 49644 20 49711 31 49758 110 49899 21 49967 30 50015 109 50154 22 50220 31 50271 108 50408 24 50466 2 50473 33 50527 73 50601 33 50662 26 50720 42 50783 107 50916 28 50975 43 51038 107 51172 28 51231 44 51292 107 51428 28 51483 48 51543 111 51684 28 51735 52 51796 114 51940 28 51989 54 52051 115 52196 28 52243 55 52306 117 52452 28 52492 62 52562 119 52708 28 52746 64 52818 122 52950 42 53002 64 53074 124 53205 43 53257 65 53330 127 53461 43 53513 65 53586 128 53717 43 53770 64 53842 130 53973 43 54026 64 54098 174 54282 64 54353 175 54538 65 54606 178 54793 247 55049 204 55255 41 55304 205 55512 40 55560 205 55767 41 55816 205 56022 42 56072 248 56328 248 56584 248 56840 248 57096 248 57352 248 57609 247 57865 247 58122 246 58379 245 58636 244 58893 243 59150 242 59407 241 59664 240 59922 238 60182 234 60439 233 60695 233 60951 233 61207 233 61464 232 61720 232 61978 230 62235 229 62493 227 62750 226 63007 225 63264 224 63522 222 63779 221 64035 221 64291 221 64546 222 64798 226 65052 228 65308 228
000009,0 26 42 20 153 129 297 20 409 129 552 21 665 120 786 7 806 22 921 116 1044 5 1061 11 1078 4 1177 112 1301 3 1316 12 1434 111 1571 13 1660 4 1691 110 1826 14 1893 8 1916 4 1948 109 2080 17 2148 11 2173 3 2204 109 2335 19 2403 13 2460 109 2590 27 2620 3 2659 13 2716 109 2845 29 2875 4 2915 14 2971 109 3101 36 3170 16 3226 110 3356 41 3426 16 3482 110 3612 42 3682 16 3738 110 3869 42 3938 15 3994 110 4125 43 4194 14 4250 110 4374 4 4383 41 4450 14 4506 109 4629 8 4639 42 4706 13 4763 107 4885 9 4896 41 4961 13 5019 106 5140 54 5217 13 5277 103 5396 12 5411 39 5473 12 5534 102 5652 12 5668 39 5716 3 5730 11 5791 100 5908 13 5925 39 5970 7 5987 10 6047 100 6164 13 6181 40 6225 9 6244 8 6303 101 6420 15 6437 54 6501 7 6560 100 6676 72 6758 5 6816 101 6929 76 7015 3 7072 102 7183 78 7328 103 7438 79 7584 103 7693 80 7840 96 7937 5 7949 80 8096 96 8205 80 8352 96 8461 81 8609 95 8717 81 8865 95 8973 81 9122 94 9229 82 9377 95 9485 82 9632 96 9741 82 9887 97 9997 81 10141 99 10253 81 10381 115 10508 30 10541 50 10634 118 10765 28 10797 50 10890 118 11021 26 11054 49 11145 119 11277 25 11310 49 11401 119 11533 24 11566 49 11656 120 11789 23 11822 50 11911 121 12045 22 12078 51 12166 122 12301 22 12334 51 12421 123 12557 21 12591 51 12676 124 12813 21 12848 50 12931 125 13070 3 13077 12 13110 44 13186 126 13337 5 13367 43 13441 127 13624 42 13696 128 13880 42 13952 128 14136 43 14208 128 14392 43 14464 128 14648 43 14721 127 14905 42 14977 127 15161 42 15234 126 15417 43 15490 126 15674 43 15745 127 15930 44 16001 127 16186 45 16256 48 16305 79 16442 45 16512 48 16562 78 16698 45 16768 48 16819 77 16954 46 17024 49 17074 78 17210 46 17279 129 17465 47 17534 130 17721 48 17790 130 17976 49 18045 131 18227 54 18301 131 18478 59 18558 130 18731 62 18815 3 18820 124 18986 62 19076 124 19241 63 19333 123 19497 64 19589 123 19753 64 19845 123 20008 66 20101 123 20264 67 20358 122 20519 31 20553 35 20615 121 20775 30 20810 34 20871 121 21030 30 21067 33 21126 122 21286 31 21323 33 21382 122 21542 31 21578 34 21638 122 21798 31 21833 34 21893 123 22054 32 22088 34 22149 123 22310 67 22404 15 22420 108 22567 66 22660 15 22678 106 22823 67 22916 124 23079 67 23172 124 23335 67 23426 126 23591 68 23681 127 23847 68 23936 128 24103 68 24191 129 24359 69 24447 129 24615 70 24703 129 24871 70 24960 128 25126 71 25217 127 25345 12 25382 71 25474 143 25638 71 25731 143 25893 72 25988 142 26149 73 26244 141 26404 75 26501 123 26626 14 26660 76 26757 123 26884 11 26917 76 27013 123 27143 7 27175 75 27268 124 27401 4 27431 75 27524 124 27688 74 27779 125 27944 75 28035 125 28200 75 28290 126 28457 75 28546 126 28713 76 28801 127 28970 77 29051 2 29056 128 29227 213 29485 4 29491 205 29748 204 30004 204 30261 203 30518 202 30775 201 31036 60 31097 135 31294 58 31354 134 31551 56 31612 132 31807 56 31871 129 32063 55 32127 129 32318 56 32383 129 32573 57 32639 129 32829 57 32895 129 33085 57 33151 129 33344 54 33407 129 33604 51 33663 129 33862 49 33919 129 34118 50 34173 131 34375 185 34630 186 34886 103 34993 79 35078 1 35142 103 35249 79 35332 7 35398 103 35506 78 35587 14 35654 102 35762 78 35842 16 35910 100 36020 76 36098 16 36166 96 36278 74 36354 16 36422 94 36533 75 36610 16 36678 94 36788 76 36866 16 36934 93 37044 76 37122 16 37140 7 37190 93 37299 77 37379 24 37446 93 37555 77 37636 24 37702 94 37811 77 37898 18 37958 94 38067 77 38155 17 38213 96 38323 77 38412 16 38469 97 38576 80 38673 11 38725 98 38831 81 38929 11 38981 99 39086 82 39184 12 39238 97 39341 83 39439 13 39496 94 39597 83 39694 14 39753 92 39853 83 39950 14 40009 90 40108 84 40205 14 40264 92 40363 85 40461 14 40519 93 40619 85 40716 15 40754 1 40775 93 40875 85 40972 15 41009 5 41031 65 41098 26 41131 85 41228 15 41264 7 41288 63 41355 26 41387 85 41483 16 41520 7 41547 60 41611 26 41643 85 41739 21 41776 8 41804 58 41868 25 41899 85 41994 25 42033 7 42060 56 42124 26 42153 87 42250 27 42291 4 42296 3 42315 49 42368 2 42381 25 42407 89 42505 29 42552 7 42570 16 42589 31 42638 24 42663 89 42760 31 42807 8 42826 16 42847 28 42894 114 43016 31 43063 8 43081 17 43105 26 43151 22 43174 90 43272 31 43319 7 43336 18 43361 25 43407 12 43430 90 43528 32 43575 6 43588 26 43617 25 43664 6 43686 90 43784 32 43833 2 43843 27 43873 26 43922 2 43942 90 44041 31 44099 27 44129 26 44198 90 44297 32 44354 27 44385 27 44455 89 44553 32 44610 27 44641 29 44712 88 44810 31 44845 5 44866 27 44897 31 44968 88 45065 33 45099 14 45123 25 45153 33 45224 88 45321 49 45379 26 45408 35 45480 88 45575 52 45635 26 45663 37 45736 88 45829 56 45891 66 45991 89 46084 59 46146 67 46247 89 46339 61 46402 68 46502 90 46593 64 46659 68 46757 156 46915 68 47012 158 47172 68 47267 159 47429 67 47522 160 47687 65 47778 161 47944 64 48034 162 48198 66 48289 230 48545 230 48800 231 49056 230 49312 229 49568 228 49824 226 50080 223 50336 218 50592 218 50848 217 51104 218 51360 218 51616 10 51627 207 51873 8 51884 208 52132 4 52140 211 52395 155 52551 57 52651 151 52814 50 52907 151 53072 48 53163 150 53329 48 53420 149 53586 47 53676 149 53842 47 53933 147 54099 47 54190 146 54357 46 54415 5 54427 4 54447 146 54615 46 54670 19 54703 146 54871 48 54926 20 54959 146 55127 51 55181 21 55211 158 55383 76 55462 163 55639 75 55717 164 55896 74 55973 164 56152 73 56229 164 56408 11 56423 58 56485 163 56664 11 56680 57 56741 163 56920 11 56943 51 56997 163 57177 9 57206 44 57253 162 57433 8 57462 46 57509 162 57691 5 57718 26 57746 181 57974 10 57988 10 58002 20 58023 160 58230 10 58258 20 58279 160 58486 10 58514 180 58742 9 58770 180 58999 7 59026 180 59282 180 59538 181 59795 180 60051 181 60308 181 60565 182 60822 183 61079 184 61336 15 61353 168 61597 9 61610 167 61856 5 61865 169 62120 170 62375 170 62631 168 62886 168 63111 2 63142 167 63398 168 63569 3 63654 168 63824 4 63910 176 64134 4 64167 183 64389 5 64424 93 64524 83 64644 7 64685 86 64781 82 64899 9 64941 83 65038 82 65155 10 65197 83 65297 3 65305 70 65411 9 65453 83
000010,0 65536
000011, 
000012,620 5 874 8 1128 10 1384 11 1640 11 1896 11 2152 11 2409 9 2426 3 2665 9 2680 5 2922 7 2934 8 3184 15 3440 15 3695 16 3950 18 4205 19 4460 20 4716 19 4971 19 5227 17 5483 16 5739 13 5996 11 6252 10 6509 9 6765 9 7022 7 7280 3 12680 7 12932 13 13186 16 13441 17 13697 18 13952 19 14208 20 14464 20 14721 19 14977 18 15234 16 15492 12 20988 4 21243 5 21498 6 21754 6 22010 6 22266 6 22523 5 22780 4 31860 5 32083 12 32114 9 32335 17 32370 9 32588 20 32626 10 32843 22 32882 10 33098 24 33139 9 33353 26 33396 7 33608 27 33653 5 33864 27 33910 2 34119 26 34160 2 34374 25 34413 6 34630 22 34664 11 34887 17 34917 13 35152 6 35172 14 35427 14 35683 13 35939 12 36195 11 36451 10 36708 8 36968 2 39756 5 40010 10 40265 11 40520 12 40772 16 41026 18 41282 18 41537 18 41792 18 42048 19 42303 22 42559 23 42814 25 43070 25 43326 25 43581 27 43836 28 44088 32 44342 35 44598 35 44853 36 45109 37 45365 37 45621 37 45878 36 46093 2 46099 4 46134 36 46349 12 46390 36 46604 14 46646 35 46860 14 46902 35 47115 16 47158 35 47370 18 47414 35 47626 18 47670 34 47881 19 47927 33 48136 20 48184 31 48385 1 48391 20 48441 29 48640 27 48703 23 48896 27 48960 22 49152 27 49217 21 49408 27 49473 21 49664 27 49729 21 49920 26 49984 23 50176 25 50240 23 50432 25 50496 23 50688 17 50751 25 50944 16 51007 25 51200 3 51206 9 51262 26 51457 1 51462 9 51518 26 51708 2 51720 6 51774 25 51963 4 51977 5 52030 25 52218 6 52235 3 52286 25 52474 6 52542 25 52730 6 52798 24 52986 6 53055 23 53242 6 53311 22 53351 3 53498 6 53568 20 53606 5 53753 7 53824 20 53862 5 54008 8 54080 20 54119 4 54263 9 54336 19 54387 3 54518 10 54592 19 54643 5 54773 11 54849 12 54867 4 54898 7 55029 11 55078 5 55105 11 55123 4 55154 8 55187 3 55286 10 55333 8 55362 9 55380 2 55411 8 55442 4 55542 10 55588 10 55618 9 55667 9 55697 2 55798 10 55843 12 55875 7 55916 2 55923 10 55953 1 56055 8 56097 16 56116 3 56131 6 56171 4 56179 11 56314 3 56350 27 56389 3 56426 5 56435 11 56605 29 56682 5 56691 12 56860 31 56937 6 56947 12 57116 31 57193 6 57203 13 57371 32 57449 6 57459 13 57627 32 57706 4 57715 13 57884 31 57963 2 57971 14 58140 31 58228 13 58396 31 58440 2 58483 15 58652 31 58693 7 58739 16 58909 30 58948 8 58977 4 58983 3 58995 18 59166 29 59203 10 59232 11 59251 19 59428 23 59458 11 59488 11 59507 23 59658 3 59685 25 59714 13 59744 12 59763 24 59913 5 59941 26 59969 14 59999 13 60020 23 60167 8 60196 27 60224 16 60255 12 60277 23 60423 9 60445 51 60505 3 60510 12 60534 22 60678 10 60698 36 60735 16 60760 17 60791 21 60934 10 60952 37 60991 16 61016 16 61047 21 61189 12 61202 40 61247 16 61272 15 61304 20 61444 54 61503 15 61528 14 61560 20 61699 54 61760 13 61785 12 61815 21 61954 55 62016 12 62044 5 62070 22 62210 55 62272 11 62325 22 62465 56 62529 8 62580 23 62720 57 62785 5 62829 4 62835 23 62976 57 63042 2 63084 30 63232 57 63339 31 63488 56 63595 30 63744 56 63850 30 64000 55 64104 32 64256 54 64360 32 64512 44 64558 8 64615 33 64768 45 64815 7 64872 32 65024 45 65071 7 65128 31 65280 45 65328 5 65386 28
000013,198 10 454 10 710 10 968 2 6792 6 7047 8 7301 10 7556 12 7811 13 8066 14 8322 14 8578 14 8834 13 9091 6 9907 2 10128 4 10162 4 10383 5 10417 6 10628 4 10639 5 10672 7 10878 12 10894 6 10927 9 11133 23 11182 10 11388 24 11437 12 11456 8 11644 24 11692 16 11711 11 11900 25 11947 32 12157 24 12202 33 12413 25 12457 33 12669 25 12713 33 12925 25 12969 31 13180 26 13224 31 13436 25 13480 29 13692 24 13736 29 13948 24 13992 29 14203 24 14248 30 14459 23 14504 30 14714 24 14760 31 14970 23 15016 31 15225 24 15271 33 15481 23 15527 33 15736 23 15782 35 15992 22 16038 16 16059 15 16077 3 16248 21 16294 16 16315 23 16503 22 16550 16 16572 24 16759 21 16806 15 16828 26 17015 18 17062 15 17085 30 17272 16 17319 13 17342 30 17528 15 17575 13 17598 30 17785 14 17832 12 17854 31 18043 11 18088 13 18109 32 18301 5 18345 14 18365 33 18602 14 18621 33 18860 7 18869 2 18878 32 19118 2 19134 32 19385 37 19639 39 19894 41 20150 41 20406 41 20662 41 20918 41 21174 40 21431 38 21687 38 21943 37 22199 36 22455 36 22710 37 22966 36 23221 37 23477 36 23733 36 23988 36 24244 36 24500 35 24756 34 25012 33 25268 32 25524 31 25780 31 26036 31 26293 32 26550 32 26806 9 26817 21 27063 7 27074 20 27321 4 27331 19 27587 19 27845 17 28102 17 28360 15 28617 15 28873 15 29130 14 29387 13 29645 10 29902 8 30159 6
000014,183 7 253 2 439 7 509 3 695 7 764 4 950 7 1020 4 1155 3 1207 5 1276 4 1410 5 1463 4 1525 1 1531 5 1665 7 1787 5 1921 8 2043 5 2177 9 2299 5 2432 11 2555 5 2688 12 2811 5 2943 13 3010 4 3067 5 3198 16 3222 3 3233 3 3265 7 3323 5 3450 20 3477 6 3488 5 3520 9 3579 5 3702 25 3732 7 3743 7 3775 11 3835 5 3956 27 3988 7 3999 7 4030 12 4091 5 4211 30 4242 9 4254 9 4286 12 4348 4 4467 40 4509 10 4542 13 4605 3 4722 40 4765 10 4798 14 4978 37 5021 11 5054 15 5234 37 5276 12 5310 16 5489 38 5531 14 5567 15 5743 40 5786 15 5823 16 5998 42 6041 15 6078 17 6254 58 6334 17 6508 60 6590 17 6763 60 6845 18 7017 62 7101 17 7157 1 7272 63 7357 17 7412 3 7527 63 7613 16 7668 3 7711 2 7782 56 7870 14 7925 1 7965 6 8038 54 8127 13 8220 12 8294 51 8384 12 8417 3 8474 15 8550 51 8640 12 8672 5 8729 17 8806 51 8896 12 8928 5 8985 18 9062 51 9152 13 9183 7 9240 19 9318 51 9408 13 9439 6 9495 19 9574 51 9665 12 9695 6 9749 21 9831 50 9921 11 9952 3 10004 22 10087 50 10177 11 10260 21 10343 50 10433 10 10515 21 10600 49 10690 8 10771 20 10858 47 10946 7 11027 8 11039 8 11115 46 11203 4 11283 7 11296 7 11372 44 11539 7 11552 7 11628 44 11795 7 11809 6 11886 42 12052 6 12066 5 12146 38 12308 7 12323 3 12403 37 12565 5 12660 37 12822 4 12917 36 13079 2 13173 36 13317 1 13430 36 13571 5 13685 37 13826 8 13941 37 14082 9 14197 37 14337 11 14453 37 14579 6 14593 13 14709 37 14833 9 14848 15 14911 3 14966 36 15089 10 15104 17 15167 5 15222 36 15344 12 15360 20 15422 9 15478 14 15496 17 15598 14 15616 22 15678 10 15735 10 15753 15 15853 15 15872 23 15934 10 15992 6 16010 13 16108 16 16128 23 16190 10 16267 11 16364 15 16384 23 16446 10 16524 7 16620 14 16640 23 16702 10 16876 13 16896 23 16958 8 17132 13 17152 23 17215 6 17388 13 17408 24 17472 3 17643 13 17664 25 17898 14 17920 25 18151 16 18176 25 18406 16 18434 23 18662 15 18691 22 18919 13 18948 20 19176 11 19205 19 19333 2 19433 9 19463 17 19587 4 19689 8 19720 16 19842 4 19945 7 19976 16 20096 6 20112 2 20123 6 20202 5 20231 16 20352 6 20367 4 20376 10 20486 17 20607 7 20623 5 20630 13 20742 17 20863 6 20878 21 20998 17 21119 6 21133 23 21254 17 21376 5 21389 23 21510 17 21632 6 21645 24 21766 17 21888 6 21901 24 22022 17 22143 7 22158 27 22278 17 22398 8 22414 29 22533 18 22654 8 22670 29 22789 18 22909 9 22926 30 23046 17 23165 9 23182 31 23302 16 23421 9 23438 31 23559 15 23678 7 23695 31 23816 12 23935 6 23951 32 24074 8 24192 4 24208 31 24332 4 24450 1 24464 32 24721 32 24979 37 25237 37 25493 38 25750 37 26006 38 26263 37 26366 1 26520 37 26621 3 26776 37 26876 4 27033 36 27131 5 27289 36 27386 6 27546 33 27642 6 27803 28 27897 7 28061 2 28066 20 28152 8 28324 17 28407 9 28582 13 28662 10 28840 8 28915 13 29169 15 29425 15 29680 16 29936 16 30193 15 30458 6 30715 5 30971 5 31229 2 31486 1 31742 1 31997 3 32253 3 32508 4 32764 4 33020 4 33276 4 33532 4 33788 4 34044 4 34301 3 34558 2 35582 1 35837 3 36091 5 36346 6 36601 7 36857 7 37113 6 38730 3 38985 6 39240 8 39496 10 39752 10 40008 11 40264 11 40520 12 40776 13 41032 13 41214 2 41288 14 41450 6 41469 3 41544 15 41704 9 41724 4 41800 16 41959 11 41979 5 42057 15 42211 16 42232 8 42314 15 42466 18 42487 9 42571 15 42722 30 42827 15 42978 30 43083 15 43234 30 43338 16 43491 29 43594 16 43747 29 43850 15 44004 28 44106 12 44260 28 44363 6 44517 27 44773 27 45029 27 45285 27 45541 10 45552 16 45797 9 45808 16 46054 7 46063 17 46310 26 46566 26 46821 27 47076 28 47330 30 47585 31 47840 32 48095 33 48351 33 48607 33 48862 34 49117 35 49372 36 49627 37 49883 37 50138 38 50394 38 50649 39 50904 40 51159 41 51414 42 51669 43 51924 44 52125 2 52180 44 52378 7 52435 45 52634 8 52690 46 52889 9 52946 46 53144 10 53202 46 53399 11 53457 47 53654 12 53693 4 53712 48 53910 11 53947 14 53966 50 54166 10 54202 70 54422 10 54457 71 54677 10 54713 71 54933 10 54968 72 55189 9 55224 72 55446 8 55480 72 55703 6 55737 71 55993 71 56249 58 56310 10 56505 57 56566 10 56762 55 56823 9 57018 54 57081 7 57104 4 57274 53 57339 5 57358 7 57531 51 57596 11 57613 9 57789 48 57852 13 57868 11 58048 45 58108 28 58313 36 58364 29 58571 33 58620 29 58828 32 58876 29 59088 28 59132 29 59345 8 59359 12 59388 29 59603 2 59617 7 59644 28 59900 28 60157 27 60412 28 60668 28 60924 28 61179 29 61435 29 61691 29 61947 29 62203 29 62459 30 62715 30 62971 30 63227 30 63483 30 63739 30 63996 30 64252 30 64509 30 64765 30 65022 1 65024 27 65240 9 65252 3 65280 27 65498 2 65501 3 65507 5
000015,0 28 31 6 38 10 225 31 261 22 289 2 296 8 482 30 518 20 552 7 738 30 775 19 800 2 808 7 994 30 1032 18 1056 2 1065 5 1250 30 1288 18 1312 2 1508 28 1545 17 1581 2 1768 24 1801 17 1834 7 2026 24 2058 16 2088 10 2282 25 2314 15 2342 12 2538 26 2571 13 2597 14 2794 19 2815 6 2827 11 2843 1 2852 15 3050 18 3072 5 3082 10 3097 7 3108 16 3306 17 3328 6 3339 8 3353 8 3364 16 3562 16 3584 6 3595 8 3608 9 3620 16 3819 14 3840 7 3851 7 3863 10 3877 15 4076 12 4096 7 4107 7 4117 11 4133 15 4334 10 4352 6 4364 5 4372 12 4388 16 4591 8 4608 5 4628 12 4642 19 4849 4 4864 4 4883 13 4897 20 5139 34 5395 34 5651 35 5907 36 6163 38 6420 38 6676 39 6932 39 7188 40 7443 42 7697 44 7951 46 8207 37 8247 6 8462 37 8503 5 8718 37 8761 1 8974 37 9230 37 9487 36 9743 36 9999 36 10255 34 10511 32 10577 3 10767 24 10794 3 10831 8 10903 2 10919 3 11023 23 11086 10 11111 1 11140 3 11158 4 11174 5 11279 23 11342 14 11366 4 11396 3 11413 7 11430 5 11536 23 11597 17 11621 6 11652 3 11668 8 11687 4 11792 24 11852 20 11877 6 11909 2 11918 15 12050 23 12107 21 12133 7 12172 18 12307 9 12319 10 12363 22 12389 6 12427 21 12565 6 12576 10 12618 23 12646 5 12683 22 12823 3 12833 9 12874 23 12938 24 13090 9 13130 24 13194 24 13346 9 13386 24 13443 32 13603 8 13641 26 13698 33 13860 6 13896 28 13953 35 14080 3 14090 2 14117 4 14151 29 14208 36 14336 4 14345 3 14407 29 14463 37 14592 5 14602 1 14663 30 14718 37 14848 5 14919 30 14973 38 15104 6 15176 30 15230 36 15360 6 15434 2 15437 25 15486 36 15616 5 15695 23 15743 35 15872 5 15953 21 16000 34 16128 5 16210 20 16258 33 16384 5 16468 17 16514 33 16640 6 16726 14 16771 32 16896 7 16984 11 17027 32 17152 8 17210 4 17241 9 17284 31 17408 9 17466 5 17500 5 17540 32 17664 10 17721 6 17796 32 17920 10 17973 10 18052 32 18176 11 18227 13 18309 31 18432 11 18449 1 18483 13 18565 31 18688 12 18705 1 18739 13 18821 30 18944 12 18997 3 19002 6 19077 30 19200 12 19259 5 19333 30 19456 11 19515 5 19589 30 19620 2 19712 9 19772 4 19845 34 19968 3 20028 4 20100 36 20353 30 20386 6 20544 2 20609 29 20642 6 20799 4 20864 10 20878 14 20898 6 21054 5 21121 9 21134 12 21154 6 21309 7 21377 9 21390 12 21410 6 21555 17 21636 4 21641 1 21645 14 21667 4 21809 19 21893 2 21903 12 21924 2 22065 19 22160 12 22320 20 22416 12 22576 20 22668 15 22832 18 22924 14 23089 13 23179 14 23345 12 23435 12 23603 9 23691 10 23861 5 23946 11 24202 10 24458 10 24715 8 24971 8 25069 7 25228 7 25323 10 25485 5 25579 11 25742 2 25834 13 26089 15 26345 15 26596 3 26601 14 26851 20 27106 21 27362 21 27618 21 27874 21 28131 19 28387 19 28644 18 28900 18 29156 18 29412 17 29668 17 29925 15 30181 6 30191 4 30437 6 30693 5 30949 5 31206 3 31282 2 31486 2 31536 6 31742 2 31790 10 31997 3 32045 13 32253 3 32300 17 32508 4 32556 19 32763 5 32811 21 33018 6 33066 23 33273 7 33322 23 33528 8 33578 24 33783 9 33831 27 34037 11 34085 30 34292 12 34339 32 34547 13 34594 33 34802 14 34850 33 35058 14 35106 33 35314 14 35362 33 35570 14 35618 32 35826 14 35873 33 36082 14 36128 33 36340 12 36383 33 36597 5 36606 2 36639 32 36862 2 36895 32 37118 2 37150 32 37374 2 37407 31 37630 2 37663 28 37885 3 37919 26 38140 4 38175 25 38382 1 38394 6 38432 23 38636 6 38646 10 38689 22 38892 20 38948 19 39147 21 39209 14 39397 27 39469 10 39652 28 39727 7 39907 29 40162 30 40411 1 40418 30 40574 3 40666 3 40674 30 40829 5 40922 3 40931 29 41084 6 41178 3 41187 29 41340 6 41435 1 41443 29 41596 5 41699 29 41956 28 42212 28 42469 27 42725 27 42903 2 42981 27 43157 6 43236 28 43413 7 43491 29 43668 8 43746 30 43924 8 44002 30 44180 8 44258 30 44436 9 44515 29 44692 8 44774 26 44948 8 45032 24 45204 7 45289 23 45460 7 45546 22 45717 5 45803 21 45974 2 46060 20 46317 19 46573 19 46829 19 47086 18 47342 18 47599 17 47856 16 48112 16 48369 15 48626 14 48883 7 48891 5 49141 3 49149 3 52531 5 52787 7 53042 8 53297 10 53551 13 53758 2 53804 16 54012 4 54059 17 54177 3 54187 5 54267 5 54314 18 54432 6 54439 11 54521 7 54569 19 54687 19 54776 8 54824 19 54943 19 55031 9 55078 22 55200 17 55286 10 55334 22 55456 4 55462 9 55540 12 55590 22 55719 7 55794 14 55845 23 55975 3 56046 18 56102 22 56232 2 56299 21 56359 2 56366 14 56487 2 56554 22 56624 12 56742 4 56756 2 56808 24 56880 12 56998 4 57011 4 57063 25 57136 11 57254 4 57267 4 57318 26 57390 13 57511 3 57524 3 57574 26 57641 19 57780 3 57830 26 57896 20 58036 2 58086 26 58152 21 58342 26 58408 22 58599 25 58663 23 58856 24 58919 23 59112 24 59176 22 59369 23 59432 22 59626 22 59688 22 59882 22 59943 23 60138 22 60198 23 60394 22 60454 23 60650 22 60709 24 60905 23 60965 24 61042 7 61053 7 61161 23 61222 23 61297 22 61417 23 61478 22 61553 22 61673 23 61734 22 61809 22 61930 22 61991 21 62066 21 62187 21 62247 9 62260 7 62324 19 62409 10 62445 19 62503 8 62581 18 62663 13 62702 18 62761 4 62837 18 62918 15 62959 17 63093 18 63174 15 63216 16 63348 20 63429 16 63473 15 63604 20 63684 17 63729 15 63859 21 63938 19 63986 14 64115 21 64193 20 64243 13 64371 20 64449 20 64500 12 64627 20 64703 23 64756 12 64883 21 64958 24 65013 11 65140 20 65214 24 65270 10 65396 21 65471 23 65526 10
000016,245 2 254 1 758 2 1014 3 1270 3 1274 3 1279 1 1531 2 1787 2 1790 1 2044 3 2302 2 3469 7 3582 1 3724 10 3838 1 3980 16 4235 21 4491 23 4747 25 5003 27 5238 3 5258 29 5492 9 5514 29 5747 14 5770 29 6003 15 6025 30 6139 2 6259 19 6280 30 6394 4 6515 51 6650 4 6771 49 6906 4 7028 47 7161 5 7284 45 7417 4 7541 43 7674 3 7797 42 7931 1 8054 40 8312 38 8568 37 8825 36 8955 1 9083 33 9211 1 9340 31 9597 30 9853 31 9980 1 10110 30 10235 2 10366 30 10453 1 10622 30 10878 30 11134 30 11391 28 11474 2 11647 28 11730 5 11903 28 11985 7 12159 28 12241 7 12415 28 12497 6 12671 29 12753 4 12927 30 13009 4 13183 31 13265 4 13272 2 13439 31 13521 4 13528 2 13696 30 13777 5 13783 4 13953 29 14032 11 14210 27 14288 12 14469 22 14545 11 14728 15 14801 10 14989 9 15058 9 15247 4 15316 7 15356 1 15573 5 15829 4 16086 3 16343 2 28045 5 28299 10 28555 12 28670 1 28810 14 29066 14 29322 14 29578 14 29834 14 30091 13 30348 12 30605 10 30862 8 31119 6 31377 1 44810 1 45848 2 46096 1 46099 9 46345 9 46355 2 46359 5 46600 10 46611 1 46615 6 46856 10 46870 7 47112 12 47125 8 47368 21 47624 7 47632 13 47872 1 47879 8 47888 14 48128 1 48134 26 48384 2 48388 29 48640 34 48896 34 49152 34 49408 35 49664 36 49920 36 49962 1 50176 37 50218 1 50432 38 50688 38 50944 39 51200 39 51456 39 51712 39 51753 1 51968 38 52009 1 52224 38 52480 38 52736 38 52992 38 53248 38 53504 39 53760 39 54016 39 54272 39 54318 4 54528 40 54571 8 54784 40 54827 7 55040 40 55083 5 55296 40 55338 6 55552 40 55594 5 55808 40 55850 5 55857 2 56064 40 56105 6 56320 40 56361 6 56576 40 56617 6 56832 40 56873 7 57088 40 57129 7 57344 49 57600 50 57856 50 58112 49 58368 48 58624 45 58670 1 58880 44 58927 1 59136 48 59392 50 59648 51 59904 53 60160 53 60416 54 60672 53 60925 56 61179 58 61434 59 61687 59 61941 51 61994 6 62196 52 62251 3 62452 53 62707 55 62963 55 63219 56 63474 57 63730 58 63985 60 64241 62 64497 65 64754 66 65010 69 65266 71 65521 15
000017,206 2 210 46 467 45 718 1 724 44 974 1 980 44 1236 44 1491 45 1747 45 2003 45 2260 44 2516 44 2772 44 3026 46 3283 45 3541 43 3798 42 4054 42 4309 43 4565 43 4821 43 5077 43 5333 43 5589 43 5845 43 6102 42 6358 42 6614 42 6871 41 7127 41 7383 41 7640 40 7896 40 8154 38 8410 38 8667 37 8923 37 9179 37 9435 37 9692 36 9948 36 10203 37 10458 38 10711 41 10967 41 11223 41 11479 41 11736 40 11993 39 12249 39 12504 40 12759 41 13015 41 13271 41 13527 41 13784 40 14040 40 14295 41 14551 41 14807 41 15064 40 15320 40 15576 40 15833 39 16089 39 16346 38 16602 38 16860 36 17117 35 17372 36 17627 37 17882 38 18137 39 18392 40 18648 40 18906 38 19163 37 19419 37 19674 38 19930 38 20186 38 20441 39 20696 40 20951 41 21207 41 21462 42 21716 44 21972 44 22229 43 22485 43 22741 43 22997 43 23253 43 23510 42 23766 42 24022 42 24279 41 24536 40 24793 39 25051 37 25309 35 25566 34 25823 33 26080 32 26336 32 26592 32 26849 31 27106 30 27363 29 27620 28 27883 21 28127 1 28141 19 28398 18 28655 17 28911 17 29168 16 29423 17 29679 17 29935 17 30191 17 30447 17 30702 18 30956 20 31211 21 31467 21 31723 21 31980 20 32236 20 32493 19 32750 18 33007 17 33264 16 33521 15 33778 14 34036 12 34294 10 34558 1 39811 2 39816 1 39821 2 40064 19 40320 5 40328 22 40577 4 40586 24 40834 4 40843 26 41091 4 41104 22 41347 3 41360 24 41604 1 41616 29 41872 33 42116 1 42128 37 42382 44 42637 48 42894 47 43155 2 43159 39 43418 40 43675 42 43932 41 44189 42 44448 44 44705 44 44961 43 45217 43 45475 43 45542 7 45732 46 45780 4 45787 21 45812 1 45981 4 45986 90 46078 1 46234 102 46489 103 46745 103 47001 103 47258 102 47515 101 47771 101 48026 102 48281 103 48536 104 48792 104 49048 104 49304 104 49560 104 49815 105 50071 105 50326 106 50582 106 50838 106 51095 105 51351 105 51606 106 51860 108 52116 108 52372 108 52628 108 52885 107 53141 107 53398 106 53655 105 53912 104 54168 104 54425 103 54682 102 54939 101 55196 4 55202 94 55458 94 55715 93 55971 93 56227 93 56483 93 56739 93 56997 91 57255 89 57513 87 57770 86 58027 85 58284 1 58287 81 58545 79 58801 79 59057 79 59313 79 59569 79 59822 1 59826 78 60084 76 60340 76 60596 76 60852 76 61109 75 61365 75 61622 74 61875 2 61878 74 62130 78 62386 78 62642 78 62900 76 63159 73 63415 2 63419 69 63670 3 63675 69 63926 4 63932 68 64181 75 64438 74 64696 72 64953 71 65209 71 65466 5 65473 62
000018,137 55 202 17 220 12 391 57 458 17 477 11 646 57 714 17 733 10 758 3 900 58 969 18 990 9 1013 5 1156 58 1224 18 1248 7 1269 6 1411 88 1505 6 1524 7 1667 89 1762 4 1779 9 1923 90 2035 10 2179 91 2291 10 2435 93 2547 11 2691 94 2803 12 2947 94 3060 11 3203 95 3314 14 3459 95 3567 17 3715 95 3823 17 3971 94 4078 18 4228 92 4332 20 4484 90 4587 21 4740 88 4840 24 4997 86 5095 25 5253 85 5349 27 5509 82 5605 27 5766 80 5860 28 6022 80 6115 29 6279 79 6371 29 6535 79 6626 30 6792 78 6882 30 7049 77 7138 30 7307 75 7394 30 7565 72 7650 30 7822 71 7906 30 8078 71 8163 29 8335 70 8420 28 8573 3 8592 69 8676 28 8826 8 8848 70 8932 28 9077 14 9104 79 9188 28 9331 17 9360 112 9586 19 9616 112 9842 20 9872 112 10098 21 10127 113 10354 21 10382 114 10609 22 10637 115 10863 21 10893 115 11119 19 11149 115 11375 18 11405 115 11631 17 11661 115 11887 14 11917 115 12144 11 12173 107 12282 6 12429 106 12538 6 12684 105 12793 7 12938 105 13048 8 13194 103 13304 8 13450 102 13561 7 13705 103 13818 6 13961 103 14076 4 14217 102 14334 2 14473 102 14729 101 14985 101 15241 101 15497 100 15754 98 16010 98 16267 96 16523 96 16780 94 17038 89 17297 85 17555 82 17812 80 18068 79 18324 79 18581 78 18837 79 19094 3 19104 69 19364 66 19621 66 19877 67 20134 67 20390 67 20646 67 20903 67 21159 67 21416 66 21674 48 21723 14 21931 45 21981 12 22188 43 22238 11 22447 39 22495 9 22705 37 22751 10 22962 36 23006 11 23219 35 23261 13 23475 55 23733 53 23990 53 24247 53 24504 53 24761 53 25018 52 25086 2 25275 12 25290 37 25341 3 25532 3 25548 35 25596 4 25806 33 25852 4 26062 34 26108 4 26318 35 26354 5 26363 5 26573 43 26619 5 26829 51 27083 53 27338 54 27593 55 27848 56 28104 56 28360 56 28615 57 28870 58 29126 58 29382 58 29627 5 29638 58 29882 8 29892 60 30138 70 30394 70 30650 70 30907 69 31088 2 31164 68 31343 4 31421 67 31598 5 31678 66 31854 6 31934 66 32110 6 32190 66 32365 6 32446 66 32619 7 32702 66 32874 7 32958 66 33129 8 33214 66 33384 9 33470 66 33639 11 33727 65 33895 12 33987 61 34150 14 34244 60 34406 15 34500 60 34661 16 34757 59 34917 16 35014 58 35172 16 35270 58 35428 16 35527 57 35683 17 35784 56 35938 18 36043 53 36192 22 36301 43 36347 5 36447 24 36557 41 36604 4 36702 26 36812 41 36861 3 36958 26 37067 41 37118 1 37214 26 37322 41 37470 26 37578 41 37726 26 37833 41 37982 25 38089 42 38238 25 38344 43 38494 25 38598 46 38750 25 38853 47 39007 24 39108 49 39264 23 39320 2 39363 50 39522 22 39619 50 39780 20 39875 49 40037 19 40131 49 40293 18 40387 49 40550 16 40642 50 40806 14 40898 50 41062 10 41153 50 41319 2 41322 5 41409 50 41618 1 41665 49 41803 2 41874 2 41921 48 41993 5 42058 4 42130 2 42177 48 42248 6 42314 4 42384 4 42434 47 42504 6 42569 5 42638 7 42691 46 42761 5 42825 5 42893 8 42951 42 43018 2 43081 5 43132 25 43208 41 43337 5 43387 17 43406 6 43465 40 43593 5 43643 18 43663 4 43721 40 43849 4 43898 20 43920 2 43977 40 44106 2 44154 24 44233 39 44306 7 44410 24 44488 40 44560 12 44666 25 44744 40 44813 16 44922 26 45000 39 45068 18 45178 26 45256 38 45324 19 45435 26 45512 37 45580 20 45691 26 45767 21 45790 8 45801 3 45836 21 45947 26 46023 20 46046 7 46092 21 46170 2 46203 27 46280 18 46303 6 46348 22 46426 2 46458 28 46536 18 46560 4 46605 21 46713 29 46793 17 46817 2 46861 21 46968 30 47050 15 47117 21 47224 30 47307 2 47317 4 47373 21 47480 30 47629 20 47735 31 47885 20 47991 31 48142 18 48247 30 48401 14 48503 30 48659 3 48668 3 48759 28 48924 5 49015 25 49180 6 49271 22 49435 7 49528 18 49691 7 49784 16 49947 6 50041 15 50204 5 50299 13 50557 10 50813 9 51070 7 52317 3 52572 5 52827 6 53082 7 53338 7 53593 7 53850 5 55615 3 55634 5 55869 7 55887 15 56125 7 56141 19 56380 9 56394 23 56635 38 56890 40 57145 41 57400 43 57652 48 57904 53 58159 54 58415 54 58671 53 58927 53 59183 52 59438 52 59694 6 59701 44 59950 4 59958 44 60206 4 60214 44 60462 3 60469 46 60719 2 60724 50 60980 54 61236 54 61492 55 61748 55 62004 54 62259 55 62515 55 62771 54 63027 54 63283 53 63540 52 63797 28 63836 12 64055 18 64094 9 64313 2 64352 7 64574 1 64610 4 64829 11 65085 12 65343 9
000019,0 65536
000020,0 65536
000021,0 62 65 15 87 11 256 62 322 14 343 11 512 61 579 13 599 10 610 1 768 60 835 13 855 9 866 1 1024 59 1092 12 1111 8 1280 59 1350 10 1366 9 1536 37 1578 16 1612 3 1622 8 1792 36 1835 15 1878 8 2048 36 2091 14 2131 12 2304 35 2347 13 2386 13 2560 35 2604 10 2642 13 2816 33 2861 7 2897 13 3072 31 3153 13 3328 31 3409 11 3584 29 3665 7 3840 27 3921 5 4096 27 4352 26 4608 26 4864 25 4898 1 5120 24 5376 23 5632 17 5651 2 5888 16 6144 16 6400 16 6656 16 6912 16 6934 6 7168 15 7190 7 7424 15 7447 6 7680 15 7704 4 7936 15 8192 15 8448 15 8704 15 8960 15 9216 15 9472 15 9728 15 9984 15 10240 15 10496 15 10752 15 11008 15 11264 15 11520 14 11776 13 12032 10 12288 5 12544 3 17001 3 17255 7 17492 3 17506 13 17748 3 17759 16 18004 4 18013 19 18260 3 18268 28 18515 4 18523 30 18770 6 18778 32 19025 41 19281 42 19536 43 19791 44 20046 46 20302 47 20556 50 20811 51 21067 52 21322 54 21578 54 21833 56 22089 56 22344 57 22600 57 22855 58 23111 58 23366 60 23621 61 23876 63 24132 67 24387 69 24643 69 24899 69 25155 70 25411 70 25668 70 25924 70 26181 69 26437 68 26693 68 26949 68 27205 68 27461 68 27717 68 27973 68 28230 67 28492 60 28749 58 29004 59 29260 59 29517 57 29773 57 30029 56 30285 55 30541 54 30797 52 31053 51 31310 49 31567 48 31831 39 32087 38 32344 31 32600 30 32857 28 33115 2 33121 19 33378 17 33635 15 33891 9 34148 6 34404 5 48376 1 48626 9 48880 12 49136 12 49392 12 49648 12 49881 13 49904 11 50135 16 50160 10 50389 18 50416 10 50430 1 50644 20 50672 9 50685 3 50900 20 50928 8 50941 3 51155 21 51184 8 51198 2 51411 22 51440 8 51453 3 51667 23 51697 8 51708 4 51923 25 51954 14 52178 26 52209 15 52434 26 52465 15 52690 26 52720 16 52946 27 52976 16 53203 26 53231 17 53462 23 53487 17 53719 22 53743 17 53975 21 54000 16 54232 19 54257 15 54488 13 54503 2 54515 13 54744 12 54773 11 54999 11 55030 10 55255 10 55285 11 55511 9 55541 11 55767 9 55797 11 56024 7 56053 11 56280 6 56309 11 56538 2 56565 11 56822 10 57079 9 57336 8 57593 7 57849 7 58104 8 58360 8 58615 9 58872 8 59128 8 59385 7 59642 6 59899 5 60156 4 60412 4 60668 4 60924 4 61180 4 61436 4 61692 4 61947 5 62203 5 62459 5 62716 4 62972 4 63230 1
000022,46318 3 46566 5 46572 7 46820 17 46838 3 47075 29 47331 29 47586 30 47842 30 48099 29 48355 29 48612 28 48870 26 49126 26 49383 25 49639 25 49896 24 50152 17 50170 6 50408 15 50427 5 50665 12 50683 5 50922 11 50939 5 51179 9 51195 5 51436 7 51451 5 51695 2 51707 5 51963 5 51969 2 52219 5 52225 3 52256 5 52444 7 52458 5 52476 4 52481 2 52509 9 52526 1 52700 24 52732 4 52738 1 52764 10 52780 6 52890 4 52956 25 52987 5 53019 11 53036 6 53144 7 53213 25 53243 5 53275 11 53292 7 53398 9 53459 3 53469 35 53531 12 53548 7 53653 10 53713 8 53726 34 53787 12 53804 6 53907 12 53969 9 53982 34 54043 13 54059 7 54160 14 54224 11 54238 34 54300 12 54315 6 54415 15 54479 12 54494 34 54556 12 54570 6 54670 16 54730 18 54750 34 54812 20 54926 16 54985 19 55006 34 55068 20 55138 3 55181 17 55240 56 55324 21 55392 7 55437 18 55458 3 55494 58 55565 4 55576 3 55580 21 55646 11 55691 27 55749 59 55820 38 55901 13 55944 30 56003 61 56076 38 56156 15 56199 31 56255 65 56332 22 56357 14 56411 17 56455 31 56509 67 56588 21 56613 15 56667 17 56710 34 56764 68 56844 22 56867 18 56923 17 56964 38 57019 69 57099 42 57179 17 57218 41 57274 70 57353 45 57435 16 57470 46 57530 70 57607 47 57692 15 57711 3 57725 47 57786 70 57862 48 57916 3 57950 21 57980 48 58041 71 58118 48 58172 3 58207 21 58235 49 58297 71 58373 49 58428 3 58461 79 58552 72 58628 51 58716 80 58805 75 58884 51 58970 83 59060 76 59139 52 59199 6 59225 85 59315 77 59395 52 59454 10 59480 168 59651 52 59710 10 59735 169 59908 52 59966 11 59991 169 60164 53 60222 10 60246 170 60419 55 60479 9 60502 106 60609 63 60674 57 60736 8 60755 108 60866 121 60995 4 61009 110 61123 119 61263 112 61379 117 61518 113 61635 116 61774 114 61891 115 62030 115 62147 114 62285 117 62403 114 62540 231 62795 229 63050 228 63303 228 63558 226 63813 225 64068 226 64324 225 64579 226 64835 225 65091 224 65347 189
000023,2 37 78 14 97 54 241 13 258 38 334 14 353 54 439 2 496 15 514 39 590 13 609 54 694 3 752 16 770 40 847 8 865 16 882 37 949 5 1007 17 1026 41 1106 3 1122 14 1139 36 1205 5 1214 6 1263 17 1283 41 1378 3 1384 8 1395 36 1461 16 1520 16 1540 40 1633 5 1642 6 1651 36 1716 18 1776 16 1797 40 1885 10 1899 4 1907 37 1971 20 2033 15 2054 39 2140 11 2163 37 2226 21 2290 14 2311 38 2394 13 2420 36 2482 21 2546 14 2567 38 2649 13 2676 35 2738 22 2803 13 2823 38 2905 13 2933 34 2993 24 3059 13 3079 39 3160 13 3189 33 3249 24 3316 12 3335 7 3345 29 3416 11 3446 31 3505 25 3572 12 3591 6 3601 30 3673 6 3702 30 3761 26 3789 5 3828 6 3835 5 3848 5 3858 29 3932 1 3959 29 4012 43 4083 13 4105 1 4115 28 4215 29 4268 50 4339 13 4371 28 4472 28 4524 51 4594 14 4628 27 4727 29 4780 52 4836 1 4850 14 4885 26 4983 28 5036 58 5107 13 5142 25 5238 28 5291 60 5362 14 5400 24 5494 28 5547 61 5618 14 5657 23 5750 27 5803 63 5873 15 5914 8 5923 13 6006 26 6058 66 6126 18 6171 3 6180 13 6262 25 6314 86 6438 11 6517 26 6570 86 6695 10 6772 26 6826 68 6897 15 6953 8 7028 25 7083 67 7155 13 7211 5 7283 27 7339 66 7411 13 7539 28 7595 66 7667 13 7795 29 7837 4 7851 21 7873 44 7923 13 8051 29 8093 5 8107 20 8130 42 8179 13 8306 30 8349 6 8364 20 8386 41 8435 13 8562 30 8605 6 8622 18 8643 39 8691 13 8818 31 8861 6 8881 15 8902 36 8947 13 9074 31 9117 6 9138 14 9159 35 9204 12 9298 3 9330 31 9373 6 9394 14 9416 33 9461 11 9553 7 9586 32 9629 5 9651 13 9673 32 9720 8 9809 9 9842 32 9885 5 9908 12 9930 30 9977 7 10064 11 10099 31 10142 4 10165 11 10187 28 10234 6 10320 15 10358 27 10400 7 10423 8 10443 28 10490 6 10576 16 10615 25 10656 10 10699 28 10746 6 10832 18 10871 23 10912 12 10954 29 11003 5 11028 2 11087 25 11128 21 11168 14 11210 30 11259 5 11283 4 11342 27 11385 20 11424 18 11466 31 11516 4 11538 6 11597 29 11653 7 11680 20 11723 31 11774 1 11794 7 11852 31 11911 2 11936 21 11979 31 12050 7 12107 33 12192 22 12235 31 12268 5 12306 7 12363 34 12448 23 12491 40 12564 4 12619 35 12704 23 12748 40 12875 39 12960 23 13005 21 13030 14 13132 39 13215 24 13263 15 13289 12 13389 39 13470 25 13546 11 13646 39 13725 26 13802 12 13902 39 13980 27 14045 1 14058 12 14157 40 14235 28 14299 5 14314 12 14341 5 14413 40 14485 34 14554 8 14570 13 14597 6 14669 40 14740 35 14808 14 14825 14 14852 7 14925 40 14995 36 15062 17 15080 15 15108 6 15180 40 15250 36 15317 33 15366 3 15435 41 15506 36 15572 35 15690 38 15762 36 15828 35 15946 38 16017 35 16084 36 16202 38 16272 30 16340 37 16458 38 16528 30 16596 37 16714 38 16783 31 16853 36 16933 3 16970 39 17039 32 17110 35 17187 9 17227 38 17295 33 17368 32 17442 12 17483 38 17551 35 17625 30 17697 14 17739 38 17807 42 17883 24 17953 14 17995 37 18063 44 18140 22 18208 15 18251 37 18320 44 18397 20 18464 16 18507 37 18576 46 18654 19 18719 17 18738 3 18763 38 18832 48 18911 18 18974 28 19019 42 19088 48 19168 19 19230 29 19276 43 19344 49 19425 19 19485 31 19532 44 19601 48 19651 5 19681 21 19741 32 19788 45 19857 55 19938 20 19996 33 20044 45 20114 55 20194 21 20252 34 20302 17 20324 22 20370 55 20451 20 20508 35 20559 15 20581 22 20625 56 20708 18 20763 36 20817 11 20838 22 20861 4 20882 55 20964 17 21019 37 21074 5 21097 24 21138 37 21177 16 21220 16 21242 2 21275 37 21354 23 21395 35 21433 17 21477 13 21496 5 21530 39 21610 23 21651 34 21690 16 21734 10 21751 6 21786 39 21865 23 21905 35 21946 16 21990 10 22007 6 22041 40 22120 22 22160 36 22202 16 22246 11 22263 6 22296 41 22376 19 22415 37 22459 15 22501 13 22519 5 22551 43 22632 18 22670 38 22715 14 22757 14 22806 44 22888 18 22925 44 22972 13 23012 15 23061 45 23144 18 23180 60 23268 16 23316 21 23344 18 23400 10 23413 4 23434 61 23521 20 23572 21 23601 17 23657 8 23688 52 23741 8 23774 24 23828 21 23857 17 23913 6 23943 53 24000 2 24028 26 24084 21 24113 17 24170 2 24199 53 24283 27 24340 21 24369 17 24400 1 24456 52 24538 28 24597 19 24625 17 24655 3 24713 50 24794 28 24854 17 24881 16 24912 1 24970 10 24983 36 25049 29 25111 15 25137 16 25240 35 25305 29 25369 12 25394 14 25475 2 25497 34 25560 31 25629 7 25651 11 25728 7 25754 32 25816 34 25887 4 25907 8 25982 10 26013 29 26071 36 26164 6 26237 11 26271 3 26278 19 26327 36 26492 11 26536 16 26583 37 26746 13 26800 7 26840 37 27002 12 27026 3 27058 3 27096 37 27246 4 27255 14 27281 5 27301 2 27353 37 27501 23 27536 7 27555 8 27609 37 27756 23 27793 6 27810 10 27866 36 28012 22 28050 6 28066 10 28122 35 28268 22 28309 3 28322 10 28378 34 28474 5 28524 22 28579 9 28635 32 28679 3 28728 8 28781 23 28836 7 28892 30 28933 6 28983 10 29039 23 29094 3 29149 29 29188 7 29238 11 29296 23 29405 28 29444 8 29494 11 29553 23 29661 28 29694 1 29700 8 29749 12 29809 23 29918 28 29949 3 29956 8 30005 11 30066 22 30174 34 30213 6 30237 1 30261 9 30314 2 30322 21 30430 34 30470 4 30493 2 30518 6 30557 5 30569 30 30686 30 30726 2 30812 7 30824 30 30941 31 30982 2 31058 2 31068 8 31080 29 31197 31 31313 8 31323 10 31335 28 31452 23 31478 5 31568 49 31709 21 31824 50 31965 21 32080 52 32221 21 32335 54 32478 21 32591 58 32734 21 32847 60 32993 19 33103 62 33251 17 33359 63 33508 16 33615 34 33651 28 33763 17 33871 33 33910 27 33951 5 34019 18 34127 32 34166 28 34205 8 34274 19 34383 30 34422 29 34460 9 34530 20 34639 30 34677 31 34713 11 34785 21 34894 30 34932 33 34966 14 35040 22 35150 30 35186 50 35296 22 35375 2 35405 31 35441 51 35552 21 35630 6 35661 30 35696 51 35770 3 35808 20 35876 2 35886 7 35917 29 35952 50 36025 4 36064 20 36130 6 36141 12 36174 26 36208 50 36281 4 36320 19 36385 7 36398 13 36432 22 36466 47 36524 2 36538 3 36542 2 36576 19 36639 10 36654 13 36689 19 36723 46 36775 10 36797 4 36803 6 36832 19 36893 12 36909 15 36947 15 36981 44 37029 17 37053 13 37088 18 37149 13 37164 16 37213 3 37238 42 37283 20 37310 13 37344 18 37404 32 37495 40 37538 22 37569 11 37600 18 37660 31 37750 40 37794 23 37825 11 37857 16 37916 31 38006 38 38049 26 38080 12 38100 1 38113 15 38173 29 38261 39 38305 28 38335 14 38353 7 38370 13 38415 3 38429 27 38517 39 38560 45 38608 9 38627 11 38670 4 38685 25 38773 39 38816 45 38864 10 38885 8 38926 4 38941 25 39029 39 39072 46 39120 11 39146 1 39182 5 39198 24 39285 13 39307 18 39328 46 39375 13 39438 5 39454 24 39541 11 39563 18 39585 59 39677 3 39695 3 39710 24 39797 10 39819 18 39841 60 39932 4 39966 24 40054 7 40075 18 40097 60 40188 4 40222 24 40255 6 40310 4 40330 19 40353 61 40444 4 40479 24 40508 12 40586 18 40609 61 40701 3 40736 7 40745 32 40842 16 40866 60 40957 3 40994 4 41004 30 41098 15 41123 58 41214 2 41261 29 41355 14 41381 56 41467 5 41519 27 41613 12 41638 30 41671 21 41720 8 41777 25 41869 12 41896 27 41927 20 41974 10 42033 25 42126 10 42152 24 42183 19 42229 11 42290 23 42382 9 42408 23 42439 19 42485 11 42547 22 42572 4 42639 6 42663 24 42694 20 42740 12 42805 19 42827 5 42897 1 42918 24 42950 19 42996 12 43062 17 43082 7 43172 20 43194 2 43205 20 43252 12 43319 14 43338 10 43427 19 43460 20 43508 12 43576 13 43593 13 43682 18 43715 20 43764 12 43835 11 43848 15 43922 3 43938 14 43970 21 44020 12 44091 29 44177 6 44194 14 44225 21 44276 12 44347 29 44409 5 44418 4 44432 12 44450 13 44481 21 44532 12 44601 12 44616 16 44663 16 44688 14 44706 13 44736 22 44788 12 44855 12 44872 16 44918 17 44943 16 44963 11 44993 21 45044 12 45111 12 45128 16 45173 18 45198 21 45221 9 45249 21 45300 12 45367 11 45385 15 45428 19 45454 22 45480 6 45506 20 45534 5 45556 10 45623 10 45641 15 45684 18 45709 23 45737 4 45763 6 45777 4 45789 8 45814 5 45879 9 45898 13 45939 19 45966 22 46044 10 46136 7 46155 12 46195 18 46222 23 46299 11 46412 11 46450 18 46478 23 46554 12 46668 11 46706 17 46734 23 46806 16 46924 10 46962 16 46989 24 47061 17 47179 10 47218 15 47245 23 47317 17 47435 9 47474 14 47501 23 47573 17 47691 7 47729 7 47741 1 47756 23 47829 17 47947 6 47984 6 48012 23 48086 15 48184 1 48204 3 48240 5 48268 23 48343 12 48437 6 48496 5 48524 23 48602 6 48689 11 48753 3 48780 23 48944 12 48961 3 49036 23 49199 14 49215 6 49250 2 49293 22 49452 26 49504 12 49550 9 49561 13 49630 3 49707 28 49759 15 49807 6 49818 22 49885 5 49963 28 50015 15 50064 4 50074 23 50141 5 50219 28 50271 15 50321 2 50330 38 50398 4 50475 27 50526 16 50586 39 50655 2 50731 26 50782 16 50842 40 50988 23 51038 15 51097 41 51245 3 51249 16 51294 14 51352 42 51507 6 51550 13 51606 44 51807 11 51860 45 52063 10 52115 45 52319 10 52370 45 52575 10 52625 46 52832 9 52880 46 53089 7 53136 45 53347 4 53392 45 53648 44 53904 44 54161 42 54418 41 54675 39 54932 38 55189 36 55446 34 55702 32 55958 29 56215 27 56364 2 56472 25 56619 4 56729 22 56846 4 56874 6 56896 5 56985 19 57102 5 57124 13 57151 8 57241 18 57357 10 57377 16 57407 10 57498 15 57612 13 57632 17 57662 19 57754 14 57850 3 57868 14 57887 18 57918 20 58012 10 58105 4 58122 16 58142 21 58174 21 58361 4 58371 22 58397 24 58429 23 58618 2 58624 25 58653 24 58685 28 58880 24 58909 25 58940 30 59136 23 59165 25 59195 32 59392 22 59421 27 59450 33 59585 9 59648 20 59676 63 59834 17 59904 12 59932 63 60086 22 60160 10 60188 63 60340 25 60416 9 60443 63 60594 27 60672 8 60699 63 60848 29 60930 4 60955 63 61104 29 61211 63 61359 30 61467 63 61615 20 61639 5 61723 63 61871 20 61901 4 61924 1 61980 61 62127 19 62157 14 62179 4 62236 61 62383 18 62411 17 62434 5 62493 30 62525 7 62534 19 62639 18 62665 20 62688 7 62749 12 62765 13 62782 5 62790 19 62895 18 62920 32 63005 11 63022 11 63047 18 63150 19 63176 33 63261 11 63279 10 63307 14 63405 20 63432 33 63518 10 63535 9 63565 11 63660 21 63687 35 63775 7 63792 6 63822 9 63916 21 63942 36 64048 5 64081 3 64172 20 64198 37 64305 3 64428 20 64453 38 64683 20 64708 40 64939 20 64964 40 65195 19 65219 41 65453 15 65476 39
000024,0 129 168 9 206 35 250 135 424 9 462 35 506 135 681 7 718 34 762 134 975 31 1017 135 1233 28 1273 134 1497 19 1530 133 1753 17 1786 133 2007 17 2042 133 2252 1 2263 15 2291 2 2296 135 2505 6 2519 14 2547 1 2550 137 2759 9 2774 14 2804 139 3015 19 3040 3 3060 139 3270 20 3316 139 3526 20 3572 138 3732 1 3783 21 3828 138 4039 21 4084 138 4225 5 4246 5 4296 21 4339 139 4479 11 4501 7 4552 20 4597 150 4757 9 4809 18 4851 152 5013 10 5065 18 5106 152 5268 13 5321 18 5362 151 5524 14 5577 19 5617 150 5780 14 5834 18 5873 148 6037 13 6090 18 6128 149 6293 14 6329 4 6346 17 6384 149 6549 14 6584 7 6602 18 6640 149 6805 15 6823 4 6839 8 6858 18 6896 149 7061 24 7094 10 7114 17 7152 148 7315 26 7350 10 7371 15 7407 148 7569 29 7604 12 7628 13 7663 146 7823 31 7858 16 7884 12 7919 120 8040 24 8078 53 8141 11 8168 3 8174 119 8298 21 8333 56 8398 10 8422 127 8554 19 8588 59 8656 7 8678 127 8810 18 8844 60 8915 3 8934 126 9066 17 9099 61 9190 126 9323 16 9354 62 9447 124 9579 15 9610 62 9703 123 9835 15 9866 62 9959 123 10092 13 10122 61 10214 124 10349 11 10378 61 10469 126 10610 2 10634 62 10724 128 10890 62 10980 128 11144 65 11236 27 11264 101 11399 67 11492 27 11520 102 11655 68 11748 27 11776 103 11910 70 12004 27 12032 104 12166 70 12261 132 12399 5 12422 70 12517 133 12653 8 12678 69 12774 132 12908 9 12934 67 13030 144 13190 65 13286 144 13446 64 13543 144 13704 62 13801 22 13824 119 13964 58 14058 21 14080 121 14223 55 14313 22 14336 122 14479 55 14568 148 14735 54 14826 148 14991 53 15082 148 15247 37 15287 13 15339 147 15504 35 15544 12 15597 136 15735 7 15761 34 15801 11 15852 133 15992 6 16018 33 16057 11 16107 130 16250 2 16275 32 16314 10 16364 128 16532 30 16570 11 16620 127 16788 29 16827 9 16878 123 17044 27 17084 8 17135 121 17301 25 17341 6 17392 118 17558 18 17650 115 17815 16 17907 114 18071 15 18168 95 18267 9 18327 14 18430 1 18432 83 18524 7 18583 14 18688 76 18768 3 18781 4 18840 13 18944 75 19097 11 19135 5 19200 75 19355 7 19390 7 19456 75 19633 5 19645 9 19712 75 19888 7 19901 10 19968 76 20143 9 20156 11 20224 76 20384 4 20395 14 20411 12 20480 77 20594 5 20638 41 20736 77 20848 7 20893 42 20992 77 21102 9 21148 44 21248 77 21358 10 21402 46 21504 77 21614 10 21658 47 21760 77 21870 10 21904 3 21913 49 22016 78 22127 9 22159 7 22168 52 22272 78 22383 9 22414 63 22528 78 22640 9 22670 63 22784 78 22896 9 22927 63 23040 79 23152 10 23184 64 23296 79 23408 10 23441 65 23552 79 23664 11 23699 64 23808 80 23920 12 23956 63 24061 83 24176 14 24215 60 24316 84 24432 16 24452 5 24474 15 24491 41 24572 84 24688 26 24747 41 24828 84 24944 26 25003 41 25084 84 25200 27 25259 42 25340 84 25456 27 25514 44 25596 84 25712 27 25770 44 25852 84 25968 27 26027 43 26109 82 26223 28 26283 43 26365 81 26480 27 26539 42 26621 80 26735 28 26796 41 26877 62 26941 16 26991 28 27052 40 27133 59 27199 13 27247 27 27308 39 27388 58 27456 13 27494 3 27503 28 27564 37 27644 56 27712 14 27749 38 27820 34 27899 56 27968 16 28004 38 28075 32 28154 57 28223 17 28259 39 28330 31 28410 57 28478 19 28514 40 28586 30 28665 58 28734 20 28768 42 28841 31 28921 58 28989 21 29022 44 29097 31 29176 59 29244 23 29277 45 29353 30 29432 60 29499 24 29532 47 29608 31 29687 61 29755 25 29788 47 29864 31 29934 2 29943 61 30011 25 30043 48 30120 31 30188 8 30197 63 30267 25 30299 48 30377 30 30444 72 30523 25 30554 49 30633 18 30654 10 30699 72 30779 26 30809 50 30890 13 30913 8 30955 71 31035 26 31065 50 31147 11 31169 10 31210 72 31291 26 31320 51 31404 10 31426 10 31466 71 31547 27 31575 51 31661 9 31682 10 31722 70 31804 78 31919 7 31938 10 31978 71 32061 76 32176 6 32194 9 32235 70 32318 74 32433 4 32450 8 32491 71 32574 74 32707 5 32747 71 32830 74 33003 72 33086 74 33260 72 33342 74 33516 73 33598 74 33773 72 33855 73 34031 70 34111 74 34288 70 34368 3 34372 69 34479 1 34544 69 34629 68 34733 5 34800 69 34886 67 34989 7 35057 68 35143 67 35245 8 35261 4 35272 1 35313 68 35400 66 35501 9 35516 6 35526 5 35570 66 35657 65 35758 8 35771 8 35780 8 35826 66 35912 65 36014 9 36027 17 36083 65 36166 66 36271 8 36283 17 36340 64 36420 54 36475 12 36528 7 36539 17 36597 64 36675 55 36735 6 36771 4 36794 18 36854 63 36930 56 37026 7 37050 18 37120 54 37182 61 37281 8 37307 17 37376 54 37435 64 37531 14 37564 15 37632 124 37785 16 37825 10 37888 125 38036 20 38081 9 38144 125 38291 21 38337 8 38400 126 38546 21 38593 7 38656 126 38798 24 38849 7 38912 126 39052 25 39104 10 39166 1 39168 126 39307 26 39360 13 39421 130 39562 27 39616 15 39676 131 39818 27 39872 16 39932 135 40073 28 40127 18 40188 136 40328 29 40381 21 40444 169 40635 24 40700 169 40885 30 40957 168 41140 31 41214 1 41216 164 41395 32 41472 164 41650 34 41728 164 41906 38 41984 163 42162 39 42240 162 42419 18 42439 18 42496 162 42676 17 42695 19 42752 161 42935 14 42952 17 43008 161 43192 12 43209 16 43264 161 43448 11 43464 18 43490 5 43518 1 43520 162 43705 8 43720 18 43744 7 43772 168 43961 7 43975 19 43999 8 44027 170 44218 4 44231 19 44255 8 44283 170 44475 2 44487 18 44511 8 44538 172 44743 18 44767 8 44787 2 44794 172 45000 17 45023 8 45041 181 45256 16 45279 8 45296 183 45513 5 45535 8 45552 183 45792 7 45807 184 46048 8 46062 185 46305 8 46315 188 46562 197 46820 196 47077 196 47334 197 47590 198 47845 200 48100 201 48354 202 48609 203 48865 202 49120 203 49376 203 49632 204 49888 204 50145 30 50176 173 50401 29 50432 177 50643 3 50658 27 50688 182 50899 5 50916 24 50944 183 51155 7 51173 22 51200 184 51411 8 51430 20 51456 184 51667 9 51686 20 51712 185 51924 8 51943 19 51968 120 52096 57 52180 9 52199 19 52224 118 52356 54 52436 10 52455 18 52480 117 52615 51 52692 11 52711 18 52736 117 52870 52 52948 13 52968 17 52992 117 53125 53 53203 15 53224 15 53248 117 53381 53 53457 18 53482 11 53504 117 53636 54 53712 20 53739 9 53760 117 53892 53 53968 20 53996 8 54016 117 54148 53 54224 20 54253 8 54272 117 54404 52 54480 20 54509 9 54528 117 54660 52 54735 20 54765 10 54784 116 54915 53 54991 20 55021 10 55040 115 55171 53 55247 19 55277 10 55296 114 55426 54 55502 20 55533 10 55552 113 55681 55 55758 19 55789 11 55808 111 55937 55 56013 21 56045 11 56064 110 56178 4 56193 55 56269 22 56301 12 56320 110 56433 6 56449 54 56516 31 56557 13 56576 110 56689 6 56705 53 56771 33 56814 13 56832 110 56944 7 56963 50 57026 34 57071 12 57088 119 57220 47 57281 36 57328 11 57344 118 57476 45 57537 36 57586 8 57600 118 57733 43 57793 36 57856 117 57991 40 58049 36 58112 117 58248 38 58306 36 58368 116 58504 37 58563 35 58624 115 58760 37 58819 35 58880 108 59017 35 59074 37 59136 107 59273 35 59329 39 59392 106 59530 33 59584 40 59648 104 59787 32 59839 42 59904 103 60044 30 60094 43 60160 102 60301 28 60347 46 60416 102 60559 25 60600 48 60672 102 60816 24 60854 49 60928 103 61073 23 61108 50 61184 104 61329 23 61360 53 61440 105 61585 23 61615 53 61696 105 61841 24 61870 53 61938 5 61952 105 62096 25 62125 54 62193 7 62208 105 62351 27 62380 55 62449 7 62464 104 62606 85 62704 8 62720 103 62861 85 62960 8 62976 101 63116 86 63216 8 63232 99 63371 88 63473 8 63488 99 63627 88 63729 9 63744 99 63863 4 63883 89 63986 8 64000 99 64118 7 64134 94 64242 8 64256 100 64373 9 64389 96 64498 8 64512 100 64629 10 64644 97 64754 8 64768 101 64884 12 64898 99 65010 8 65024 101 65139 13 65154 99 65266 8 65280 101 65396 12 65410 9 65422 87 65524 5
000025,32245 2 32498 6 32753 8 33009 8 33020 4 33265 8 33275 5 33522 8 33531 5 33778 7 33787 5 34035 6 34043 5 34292 4 34299 5 34554 6 34811 5 35067 5 35323 5 35579 5 35836 4 36092 4 36348 4 36604 4 36860 4 37116 4 37372 4 37628 4 37884 4 38141 3 38397 3 38648 2 38653 3 38904 8 39160 8 39416 8 39671 9 39928 8 40184 8 40440 8 40697 7 40954 6 41211 5 48371 8 48626 10 48882 13 49137 15 49393 15 49648 16 49904 16 50159 17 50414 18 50670 18 50925 19 51180 20 51436 20 51691 21 51947 21 52203 21 52459 21 52715 21 52974 18 53232 16 53489 15 53746 14 54002 14 54259 13 54467 2 54516 12 54722 4 54774 10 54977 7 55032 8 55233 7 55288 8 55489 7 55544 8 55746 6 55799 9 56003 5 56055 9 56262 2 56311 9 56518 2 56567 9 56823 9 57080 8 57336 8 57592 8 57848 8 58104 8 58360 8 58616 8 58872 8 59128 8 59384 8 59641 7 59897 7 60153 7 60409 7 60665 7 60922 6 61177 7 61433 7 61687 9 61942 10 62197 11 62453 11 62709 11 62964 12 63220 12 63476 12 63732 12 63988 12 64243 13 64499 13 64756 12 65012 12 65269 11 65526 10
000026,57484 5 57738 8 57994 8 58250 9 58506 9 58763 7 59020 6 59278 1 61599 6 61853 10 62108 12 62363 14 62618 16 62874 17 63110 1 63129 19 63364 6 63385 19 63619 10 63642 19 63873 14 63898 20 64128 16 64154 21 64384 17 64409 22 64640 18 64665 23 64896 18 64920 24 65152 19 65175 25 65408 19 65432 24
000027,153 9 409 9 665 9 922 8 1180 5 1438 2 5212 4 5465 9 5720 12 5975 14 6231 16 6487 17 6743 18 7000 17 7256 17 7512 17 7768 18 8024 18 8280 17 8536 17 8792 16 9049 13 9305 12 9562 12 9819 5 9825 5 10081 5 10175 2 10216 3 10338 5 10429 6 10471 5 10595 4 10684 8 10725 7 10939 10 10980 8 11194 12 11235 10 11444 19 11490 10 11697 22 11745 11 11950 26 11999 12 12205 27 12254 13 12461 27 12509 14 12716 28 12764 16 12933 5 12972 28 13019 25 13186 10 13227 29 13274 27 13440 12 13483 29 13529 28 13696 13 13739 29 13785 29 13923 4 13950 14 13995 30 14040 30 14178 7 14205 15 14252 31 14295 31 14433 8 14460 16 14508 33 14551 31 14689 8 14716 16 14764 37 14808 31 14843 5 14944 9 14971 17 15020 38 15065 30 15098 6 15200 9 15219 2 15226 18 15276 39 15323 37 15457 7 15473 28 15531 41 15580 36 15714 3 15726 31 15787 41 15838 34 15980 32 16043 41 16095 33 16236 32 16299 42 16353 31 16492 31 16554 43 16612 28 16748 30 16808 45 16868 28 17004 29 17062 49 17125 27 17260 29 17316 52 17382 26 17516 28 17571 53 17639 25 17772 28 17826 54 17896 24 18028 28 18082 52 18152 24 18284 27 18337 51 18408 24 18540 27 18592 51 18663 25 18796 27 18848 51 18918 26 19052 27 19104 50 19173 27 19294 4 19309 10 19320 16 19359 52 19429 27 19549 6 19566 8 19576 16 19616 51 19684 28 19805 7 19824 5 19832 16 19872 51 19940 28 20061 8 20089 16 20128 51 20196 28 20317 9 20345 16 20385 50 20451 29 20573 10 20601 15 20641 50 20707 28 20829 11 20858 14 20898 49 20962 28 21062 4 21085 11 21114 9 21155 9 21167 35 21218 26 21316 7 21341 11 21371 5 21412 6 21425 33 21474 25 21571 9 21597 11 21684 30 21730 25 21826 10 21853 12 21943 27 21987 23 22082 10 22109 12 22201 25 22245 18 22338 10 22365 12 22458 24 22502 15 22525 2 22594 10 22621 12 22715 23 22758 13 22779 5 22850 10 22878 10 22972 22 23014 11 23035 5 23106 10 23134 9 23228 23 23271 5 23291 5 23362 10 23392 6 23484 24 23548 4 23618 9 23740 25 23805 3 23995 26 24062 2 24250 28 24317 3 24506 27 24572 4 24761 28 24827 5 25017 28 25079 9 25197 6 25272 29 25333 11 25452 8 25528 28 25588 12 25706 10 25783 29 25843 13 25961 11 26038 30 26099 13 26216 12 26286 4 26293 31 26355 13 26472 12 26540 40 26611 13 26728 12 26796 40 26867 13 26984 12 27051 41 27124 12 27240 13 27306 42 27380 12 27496 13 27561 19 27582 21 27637 11 27753 12 27817 18 27838 21 27894 10 28009 12 28072 19 28092 23 28153 7 28265 13 28328 43 28413 3 28521 14 28584 43 28777 15 28839 44 29033 15 29095 44 29289 15 29351 44 29545 14 29608 43 29801 13 29864 42 30057 13 30121 40 30313 12 30377 39 30569 12 30634 32 30825 12 30890 31 31081 12 31148 29 31337 12 31410 1 31417 16 31594 10 31674 14 31850 9 31931 13 32106 8 32187 12 32364 3 32444 10 32702 6 34383 6 34636 11 34891 13 35147 14 35402 15 35658 16 35914 16 36170 16 36426 16 36682 15 36938 15 37194 15 37451 13 37709 10 37970 3 38882 8 39137 12 39382 6 39391 15 39630 33 39742 5 39885 34 39996 9 40140 35 40252 11 40394 37 40507 14 40650 37 40763 15 40905 38 41020 15 41161 38 41276 15 41416 38 41533 14 41672 38 41790 13 41928 38 42047 15 42183 39 42304 9 42315 4 42438 39 42519 3 42561 2 42693 40 42775 4 42949 41 43032 3 43070 3 43205 41 43325 5 43460 42 43581 6 43716 42 43837 6 43972 42 44093 7 44228 42 44350 6 44484 42 44606 6 44740 42 44863 4 44997 41 45255 39 45512 37 45769 35 46025 30 46282 28 46538 28 46794 28 47049 29 47304 31 47560 32 47816 32 48071 33 48327 33 48583 34 48839 34 49095 33 49350 35 49606 35 49862 35 50117 37 50373 37 50628 39 50883 40 51137 42 51391 25 51420 15 51646 25 51681 9 51901 25 51938 6 52157 25 52375 10 52413 24 52631 11 52669 24 52886 13 52925 23 53142 14 53180 24 53397 15 53436 24 53529 3 53652 16 53691 26 53784 5 53908 16 53947 26 54040 5 54164 16 54203 28 54290 10 54420 16 54459 30 54545 10 54675 17 54716 31 54800 11 54926 22 54953 3 54974 31 55057 10 55181 24 55208 5 55231 30 55313 10 55436 25 55463 6 55488 29 55569 10 55692 25 55719 5 55744 29 55825 9 55947 18 55975 4 56001 28 56081 9 56201 20 56232 3 56258 27 56297 7 56337 8 56452 25 56504 4 56514 26 56552 12 56592 8 56706 28 56759 7 56771 25 56808 14 56849 6 56961 31 57015 7 57027 25 57064 15 57105 5 57216 33 57271 7 57283 25 57320 15 57362 4 57472 33 57528 6 57539 25 57576 16 57728 33 57785 4 57796 24 57832 16 57983 35 58052 24 58087 18 58239 35 58308 24 58343 19 58495 36 58565 9 58578 9 58599 20 58751 36 58821 8 58836 6 58855 24 59007 37 59078 7 59112 24 59263 37 59334 6 59368 24 59520 36 59591 4 59624 24 59776 36 59849 1 59879 25 60033 35 60133 27 60289 35 60388 28 60546 34 60643 29 60803 33 60899 29 61061 7 61074 18 61155 29 61319 2 61332 15 61411 29 61589 5 61595 6 61667 29 61923 29 62179 29 62434 30 62690 30 62946 30 63118 1 63201 31 63373 3 63457 31 63629 3 63713 31 63886 1 63969 31 64225 31 64481 31 64738 29 64994 29 65251 27 65507 26
000028,0 65536
000029, 
000030,0 65536
000031,64474 2 64729 4 64985 4 65241 3
000032,0 56643 56644 1 56647 256 56907 257 57165 255 57421 216 57638 43 57683 210 57894 42 57939 255 58195 6 58204 245 58451 8 58461 200 58662 42 58707 9 58718 241 58962 11 58975 240 59217 12 59231 763 59997 245 60251 243 60503 36 60541 3269 63811 255 64068 254 64323 512 64836 253 65094 251 65351 77 65431 105
000033, 
000034,176 80 434 78 690 78 948 76 1207 73 1466 5 1472 64 1729 63 1985 63 2241 63 2497 63 2753 63 3008 64 3264 64 3519 65 3774 66 4025 71 4266 2 4281 71 4521 5 4536 72 4776 7 4792 72 5031 9 5047 73 5286 10 5301 75 5541 12 5556 76 5797 91 6052 92 6307 93 6563 93 6818 94 7074 94 7329 95 7585 95 7841 95 8096 96 8352 96 8606 98 8861 99 9117 99 9373 99 9629 99 9882 102 10138 102 10394 102 10650 102 10907 101 11163 101 11418 102 11674 102 11928 104 12184 104 12440 104 12696 104 12952 104 13208 104 13464 104 13720 104 13975 105 14230 106 14485 107 14741 107 14996 108 15251 109 15506 110 15762 110 16018 110 16274 110 16530 110 16787 109 17043 109 17299 109 17555 109 17811 109 18067 109 18323 109 18580 108 18836 108 19092 108 19348 108 19600 1 19604 108 19856 112 20113 111 20369 111 20625 111 20881 111 21137 111 21389 3 21394 110 21645 2 21651 109 21907 109 22163 109 22419 109 22675 109 22932 108 23188 108 23444 108 23700 108 23955 109 24210 110 24465 111 24722 110 24978 110 25233 111 25488 112 25746 110 26002 110 26259 109 26512 112 26766 114 27023 113 27280 112 27535 113 27791 113 28047 113 28304 112 28559 113 28815 113 29071 113 29326 114 29579 117 29836 116 30093 115 30350 114 30606 114 30862 114 31118 114 31374 114 31630 114 31886 114 32141 115 32397 115 32654 114 32910 114 33167 113 33422 114 33678 114 33934 114 34190 114 34446 114 34702 114 34957 115 35213 115 35469 115 35726 114 35984 112 36241 92 36336 4 36343 9 36498 54 36562 26 36591 4 36600 8 36753 55 36822 4 36836 5 36846 5 36856 8 37011 53 37103 3 37112 8 37268 2 37276 44 37367 9 37533 4 37538 37 37623 9 37790 2 37796 34 37878 10 38055 26 38133 11 38313 11 38333 3 38389 11 38578 1 38646 10 38902 10 39158 10 39414 10 39671 9 39930 6 40186 6 40443 5 40699 5 40956 4 41213 2
000035,16 140 169 42 226 30 269 144 425 43 481 31 524 145 681 48 737 31 778 148 938 48 992 32 1033 150 1194 50 1246 34 1290 149 1451 85 1541 2 1545 151 1708 244 1964 244 2220 245 2475 247 2731 248 2987 249 3243 250 3499 251 3755 262 4020 252 4277 251 4534 250 4791 249 5048 248 5304 248 5560 1613 7175 254 7432 253 7689 247 7937 4 7945 247 8200 10 8214 234 8454 8 8470 234 8706 10 8726 246 8982 246 9238 246 9495 245 9752 245 10008 232 10243 10 10262 234 10500 9 10516 236 10757 7 10771 237 11015 5 11026 238 11281 239 11537 239 11794 238 12050 238 12305 239 12561 239 12816 240 13072 240 13328 240 13586 239 13842 240 14099 240 14355 244 14611 245 14868 245 15117 3 15124 253 15380 254 15635 2559 18196 253 18451 3752 22208 250 22465 248 22721 247 22978 246 23234 244 23490 236 23746 184 23934 37 24001 184 24191 7 24204 18 24257 183 24451 2 24463 14 24512 183 24720 12 24768 183 24976 11 25024 184 25233 8 25280 185 25490 6 25536 186 25747 4 25792 187 26048 187 26304 188 26560 188 26815 189 27070 190 27326 189 27581 190 27777 3 27837 189 28032 5 28093 189 28288 8 28350 188 28544 15 28607 187 28800 17 28864 187 29056 18 29121 187 29312 19 29378 187 29568 20 29633 211 29889 212 30145 213 30401 213 30656 216 30913 216 31169 222 31426 223 31682 225 31937 228 32192 230 32448 232 32703 234 32959 236 33215 238 33470 241 33712 1 33726 246 33982 247 34237 248 34492 250 34747 6643 41395 250 41654 247 41911 246 42168 245 42425 244 42682 244 42938 244 43194 244 43450 244 43706 243 43962 243 44218 243 44474 243 44730 242 44986 242 45242 241 45497 242 45751 245 46005 2186 48194 252 48451 250 48709 247 48965 246 49224 243 49480 243 49736 199 49939 40 49992 11 50005 183 50195 41 50250 9 50261 181 50452 40 50507 8 50517 181 50709 39 50764 7 50772 181 50966 38 51021 5 51028 181 51222 39 51279 2 51284 180 51479 38 51540 179 51735 37 51797 176 51993 35 52053 171 52251 33 52309 171 52507 32 52565 171 52764 32 52821 171 53020 32 53077 171 53276 33 53332 172 53531 34 53588 172 53787 34 53843 173 54043 34 54099 173 54300 34 54355 173 54556 36 54610 174 54790 5 54813 36 54865 175 55043 10 55070 36 55120 193 55328 34 55375 196 55586 32 55630 202 55833 1 55840 34 55885 207 56094 36 56140 247 56395 249 56650 2322 58973 254 59229 253 59486 253 59742 253 59999 253 60254 3779 64034 253 64292 250 64549 252 64805 254 65061 249 65311 3 65318 218
000036,0 4 13 116 145 112 270 77 369 12 403 55 462 50 527 72 631 5 659 54 716 52 783 30 814 40 887 5 915 54 970 54 1039 30 1071 42 1145 2 1171 54 1227 53 1295 31 1327 43 1427 51 1484 52 1551 75 1685 48 1741 51 1808 76 1943 46 2000 48 2064 78 2199 46 2257 20 2278 26 2320 81 2456 43 2514 12 2527 5 2536 24 2576 82 2660 2 2712 42 2771 16 2792 24 2833 81 2915 3 2968 42 3028 2 3031 8 3040 1 3048 20 3090 80 3172 3 3224 41 3288 6 3304 17 3347 79 3428 3 3481 40 3546 3 3560 15 3603 85 3690 3 3737 40 3816 12 3859 91 3955 1 3993 40 4072 11 4115 92 4210 4 4244 1 4249 40 4314 1 4329 9 4371 83 4458 3 4466 4 4506 40 4608 1 4610 6 4627 68 4698 13 4714 3 4723 3 4762 41 4864 10 4882 66 4950 1 4955 12 4969 5 4979 2 5020 39 5074 2 5120 10 5138 66 5211 20 5260 1 5279 37 5330 2 5376 10 5393 67 5467 20 5515 2 5536 36 5632 10 5649 66 5716 3 5723 21 5771 3 5779 2 5793 35 5877 3 5886 12 5905 71 5979 21 6011 1 6026 4 6034 5 6051 36 6131 8 6142 12 6160 72 6235 21 6266 2 6280 16 6310 34 6360 3 6386 11 6398 2 6401 6 6416 71 6492 20 6522 3 6527 26 6566 35 6605 5 6615 4 6642 11 6654 2 6658 3 6672 70 6747 23 6777 32 6822 35 6860 16 6897 15 6930 98 7031 36 7080 1 7084 47 7153 15 7186 139 7340 47 7409 15 7442 142 7597 46 7664 16 7696 1 7698 142 7852 48 7918 18 7952 55 8008 85 8108 49 8159 6 8172 20 8208 40 8250 10 8266 83 8364 57 8427 21 8464 39 8506 4 8523 82 8607 1 8620 57 8682 22 8722 2 8725 32 8780 84 8874 60 8936 24 8984 29 9036 84 9129 87 9241 27 9292 84 9384 88 9498 26 9533 8 9543 2 9548 85 9640 88 9755 27 9787 15 9803 87 9895 89 10012 228 10270 226 10526 2 10530 222 10780 228 11034 230 11292 228 11550 207 11760 12 11774 2 11806 206 12016 12 12030 2 12062 206 12272 12 12287 1 12318 206 12530 7 12574 140 12715 64 12790 2 12828 142 12972 62 13083 143 13227 63 13338 208 13594 209 13850 140 13992 67 14107 139 14251 62 14364 140 14509 60 14621 139 14765 60 14880 136 15021 61 15138 135 15277 61 15397 132 15534 61 15596 1 15654 132 15789 65 15912 198 16169 198 16426 197 16683 11 16697 168 16872 6 16896 1 16939 10 16954 165 17130 1 17152 1 17180 7 17194 11 17208 165 17408 1 17434 10 17447 180 17688 14 17704 178 17943 16 17962 174 18198 18 18218 164 18384 7 18453 184 18709 183 18964 184 19219 186 19411 2 19472 189 19667 2 19728 189 19981 192 20184 4 20236 193 20438 7 20491 194 20692 10 20743 198 20946 12 20998 199 21201 14 21253 199 21456 27 21509 197 21715 11 21731 2 21760 1 21762 198 21977 2 22016 194 22214 1 22272 191 22528 191 22784 160 22946 29 23040 159 23202 5 23208 23 23237 7 23296 167 23465 21 23491 10 23552 166 23721 10 23735 5 23747 10 23808 156 23966 8 24003 8 24023 3 24064 153 24228 2 24260 4 24280 2 24288 7 24320 152 24499 1 24544 7 24576 151 24802 5 24832 150 25055 1 25060 1 25088 149 25304 7 25344 147 25514 1 25560 6 25600 142 25744 2 25769 2 25797 2 25800 3 25816 5 25856 141 25999 3 26025 2 26052 7 26112 141 26255 4 26281 3 26308 9 26368 140 26511 4 26518 6 26531 2 26536 4 26564 9 26624 141 26768 4 26774 6 26786 4 26792 4 26820 10 26880 142 27024 5 27031 4 27041 4 27047 5 27063 5 27076 10 27136 150 27297 3 27303 5 27316 10 27331 11 27392 152 27560 4 27571 12 27586 12 27648 152 27816 2 27825 29 27904 152 28080 30 28160 152 28335 32 28416 152 28590 34 28648 4 28672 1 28676 2 28683 6 28690 1 28692 132 28845 35 28899 11 28951 129 29097 2 29100 38 29148 20 29196 3 29200 3 29206 132 29351 43 29403 21 29443 1 29449 147 29607 43 29659 22 29696 1 29698 3 29704 149 29865 41 29914 23 29952 1 29954 3 29961 148 30121 41 30170 23 30208 1 30210 4 30217 148 30376 44 30424 25 30464 6 30473 148 30631 73 30720 6 30731 147 30887 72 30976 4 30987 147 31142 71 31232 4 31243 147 31398 70 31488 4 31499 147 31653 70 31744 5 31757 145 31908 70 32000 5 32014 144 32164 68 32256 5 32270 143 32420 67 32512 5 32528 142 32675 68 32768 7 32785 141 32930 68 33024 8 33038 144 33183 71 33280 10 33294 216 33536 12 33550 216 33792 229 34048 228 34302 135 34439 90 34558 133 34696 86 34814 3 34819 127 34959 79 35070 3 35075 126 35216 78 35327 2 35331 126 35464 1 35473 77 35582 131 35718 4 35728 79 35835 2 35838 132 35973 6 35983 80 36091 2 36094 132 36227 92 36350 224 36608 129 36738 91 36864 128 36995 89 37120 87 37208 41 37252 87 37376 86 37465 130 37623 1 37632 87 37721 129 37879 2 37888 88 37977 44 38023 83 38144 134 38280 81 38388 1 38400 134 38537 80 38643 3 38656 91 38749 124 38899 4 38912 1 38915 1 38920 83 39006 123 39153 7 39168 1 39177 82 39262 123 39405 12 39424 1 39433 83 39518 8 39528 114 39653 20 39680 1 39689 83 39773 6 39780 2 39785 115 39908 20 39936 1 39944 83 40029 6 40041 31 40078 79 40162 17 40180 1 40192 4 40198 85 40285 5 40297 30 40335 78 40416 18 40448 87 40537 1 40542 5 40550 1 40554 28 40591 78 40672 17 40704 81 40799 4 40805 34 40848 77 40926 19 40960 4 40965 76 41057 2 41060 13 41074 21 41104 76 41181 20 41203 2 41208 11 41222 76 41315 13 41332 19 41360 75 41437 20 41459 10 41470 5 41477 77 41570 14 41591 16 41616 75 41693 32 41726 84 41827 16 41845 18 41872 70 41943 4 41948 28 41979 87 42083 13 42097 2 42100 3 42104 17 42127 70 42199 32 42235 87 42340 12 42357 2 42361 16 42383 67 42455 32 42491 87 42596 12 42613 2 42617 16 42638 66 42712 32 42747 87 42853 10 42869 2 42874 15 42894 65 42968 122 43110 6 43130 15 43150 64 43224 122 43367 5 43386 16 43406 64 43478 124 43642 16 43662 64 43727 130 43898 12 43917 197 44154 14 44173 197 44410 15 44428 198 44667 14 44684 199 44924 13 44940 199 45146 2 45180 9 45191 1 45196 199 45400 5 45436 13 45452 210 45692 13 45709 210 45941 2 45947 16 45964 211 46196 3 46203 228 46452 2 46459 229 46707 3 46717 4 46722 106 46831 116 46962 4 46978 96 47076 7 47088 116 47220 1 47234 95 47334 5 47345 115 47489 93 47590 6 47603 112 47745 94 47841 1 47844 10 47860 110 48000 226 48256 227 48514 119 48636 103 48770 119 48893 102 49025 119 49150 101 49275 108 49384 15 49406 102 49530 107 49640 17 49662 103 49771 1 49781 111 49896 18 49918 114 50034 109 50151 18 50174 3 50178 221 50404 13 50418 7 50430 2 50434 238 50675 5 50686 2 50690 100 50791 135 50933 1 50942 2 50947 99 51048 137 51198 2 51203 239 51444 2 51449 3 51453 3 51459 254 51714 463 52178 148 52328 105 52434 145 52588 247 52844 246 53100 246 53356 96 53454 147 53611 97 53710 146 53865 246 54121 246 54378 245 54627 2 54634 245 54883 6 54890 245 55140 3 55144 1 55149 18 55168 223 55400 3 55405 16 55428 219 55656 3 55662 13 55684 219 55918 12 55940 219 56173 6 56180 3 56195 221 56428 7 56437 1 56451 222 56683 9 56693 2 56698 3 56707 223 56937 15 56953 5 56959 227 57192 16 57209 233 57448 12 57462 1 57465 232 57704 12 57721 232 57959 13 57977 232 58215 251 58471 7 58482 241 58727 4 58740 1 58744 47 58793 187 58984 3 59001 44 59048 190 59245 2 59257 44 59304 189 59501 2 59514 42 59562 187 59770 42 59819 57 59879 126 60026 42 60076 54 60136 125 60263 1 60268 8 60281 42 60331 55 60392 125 60519 3 60524 9 60536 43 60587 54 60648 141 60793 42 60843 54 60903 141 61049 43 61099 53 61159 141 61305 43 61355 54 61412 144 61561 43 61611 201 61816 24 61846 14 61867 228 62104 12 62124 227 62361 11 62380 227 62618 9 62637 226 62876 6 62893 226 63150 225 63406 225 63664 40 63706 181 63921 38 63962 181 64183 32 64218 181 64437 35 64473 181 64677 1 64692 218 64948 219 65190 2 65204 219 65427 2 65444 5 65460 76
000037, 
000038,0 585 586 1463 2050 255 2306 2047 4354 255 4610 255 4866 282 5149 255 5406 65 5472 255 5728 180 5909 3 5914 39 5955 28 5984 179 6165 2 6170 39 6211 38 6250 151 6402 10 6414 4 6421 2 6426 39 6467 29 6497 4 6504 1 6507 150 6658 2 6661 7 6678 79 6760 1 6763 12 6776 137 6914 15 6931 99 7032 137 7170 92 7266 4 7271 15 7288 137 7426 6 7433 85 7524 1 7528 153 7682 92 7779 2 7784 3 7788 174 7964 66 8035 3 8041 2 8044 174 8220 10 8231 55 8291 3 8297 1 8304 170 8476 33 8511 2 8514 28 8548 2 8560 170 8732 33 8770 28 8804 2 8816 170 8987 34 9026 28 9056 2 9060 3 9066 1 9068 209 9280 30 9311 4 9316 3 9322 10 9333 140 9474 59 9536 30 9568 2 9572 4 9578 10 9590 199 9792 17 9810 12 9824 2 9828 4 9834 10 9847 167 10016 3 10020 25 10048 17 10066 12 10080 2 10084 4 10090 6 10098 2 10104 2 10108 14 10123 147 10272 2 10276 24 10304 17 10322 12 10340 4 10346 6 10354 3 10360 2 10364 162 10532 23 10560 30 10596 4 10602 6 10609 5 10620 163 10786 25 10816 22 10839 7 10852 20 10873 166 11040 28 11072 22 11095 7 11109 24 11134 190 11331 19 11352 3 11356 2 11365 23 11391 189 11587 18 11608 2 11623 7 11637 2 11642 1 11647 11 11660 175 11843 11 11855 5 11881 3 11904 4 11910 1 11918 173 12100 10 12112 2 12138 1 12161 2 12166 1 12174 165 12341 6 12356 10 12369 1 12411 1 12418 2 12421 2 12431 165 12597 6 12612 10 12646 1 12666 3 12674 5 12688 130 12819 40 12867 11 12888 6 12902 2 12922 3 12931 5 12944 169 13115 1 13123 11 13141 10 13158 2 13172 1 13174 1 13178 3 13186 8 13201 167 13376 1 13378 15 13396 11 13434 3 13442 8 13454 1 13457 165 13635 6 13643 7 13652 8 13661 1 13699 8 13713 164 13890 7 13900 7 13908 7 13947 2 13955 8 13969 163 14144 1 14146 6 14156 16 14178 1 14202 3 14211 8 14225 162 14396 1 14404 2 14412 16 14434 1 14459 2 14467 8 14481 128 14611 10 14622 21 14668 17 14690 1 14715 3 14723 5 14729 1 14739 126 14868 9 14878 21 14924 18 14971 3 14979 4 14995 126 15124 32 15168 2 15177 1 15180 18 15227 3 15234 4 15252 126 15380 33 15415 6 15424 2 15433 1 15436 3 15441 13 15484 3 15491 3 15496 2 15511 124 15636 33 15671 6 15681 1 15693 2 15698 1 15703 1 15706 3 15743 1 15747 3 15751 4 15767 127 15896 30 15927 6 15937 1 15950 1 15962 3 15999 1 16004 2 16007 4 16012 2 16024 126 16152 36 16192 2 16218 2 16254 2 16260 1 16263 4 16268 3 16282 121 16404 1 16407 37 16448 3 16481 1 16509 3 16515 2 16520 3 16524 3 16538 108 16647 10 16663 36 16704 3 16735 4 16765 3 16771 2 16777 1 16781 2 16793 18 16815 82 16898 4 16904 9 16919 35 16959 5 16970 1 16989 6 17012 1 17022 1 17027 3 17032 3 17037 2 17044 2 17048 18 17071 87 17160 10 17174 37 17213 7 17225 1 17243 9 17268 1 17278 2 17283 3 17288 4 17294 1 17300 22 17326 87 17416 12 17430 34 17465 11 17480 1 17498 11 17524 2 17534 3 17540 2 17544 7 17556 16 17574 5 17581 89 17672 12 17686 34 17721 15 17744 3 17751 1 17753 12 17780 2 17790 2 17799 9 17812 4 17824 1 17830 96 17928 12 17942 34 17977 16 17994 1 17998 5 18007 6 18015 6 18036 3 18053 12 18068 4 18086 21 18112 71 18184 11 18199 33 18233 10 18244 2 18248 11 18263 6 18271 4 18292 3 18308 13 18324 4 18342 20 18368 83 18454 34 18490 10 18503 11 18519 1 18521 5 18528 2 18548 2 18565 12 18581 3 18599 16 18623 83 18708 36 18746 11 18759 11 18778 4 18821 12 18837 3 18848 2 18857 8 18866 5 18878 78 18958 4 18964 62 19036 2 19056 1 19062 1 19077 14 19094 2 19099 2 19103 6 19114 6 19122 6 19134 78 19214 4 19220 14 19236 27 19264 21 19312 1 19319 1 19331 10 19342 5 19350 8 19359 17 19379 5 19386 1 19388 80 19470 19 19493 26 19521 19 19567 3 19589 8 19598 6 19605 9 19615 17 19635 5 19642 3 19649 96 19750 1 19753 23 19778 18 19805 1 19822 4 19846 6 19856 5 19862 4 19867 3 19872 15 19891 5 19899 2 19905 96 20010 21 20034 17 20061 1 20077 5 20095 2 20103 5 20114 7 20129 14 20147 5 20156 1 20162 95 20267 19 20290 13 20305 1 20332 6 20351 3 20359 5 20372 5 20386 13 20403 6 20418 95 20524 13 20539 3 20546 12 20571 1 20588 4 20607 4 20616 4 20628 5 20636 1 20642 14 20658 6 20673 96 20779 14 20795 3 20802 13 20843 4 20864 3 20872 4 20883 6 20892 1 20896 16 20914 6 20927 98 21030 1 21034 15 21051 4 21059 13 21077 1 21092 1 21100 3 21120 3 21128 6 21136 1 21140 36 21183 31 21216 50 21268 10 21279 3 21286 19 21307 5 21314 18 21333 2 21338 3 21347 2 21356 3 21376 3 21384 9 21398 29 21429 2 21440 17 21458 13 21472 2 21476 46 21526 8 21536 3 21541 21 21563 5 21570 21 21594 3 21603 3 21612 3 21632 3 21640 8 21654 26 21681 1 21696 17 21714 13 21733 44 21783 7 21793 2 21797 22 21820 4 21826 21 21850 2 21860 1 21888 6 21898 2 21910 24 21955 14 21970 13 21991 42 22038 3 22042 4 22049 30 22082 21 22106 1 22116 1 22132 2 22136 2 22145 6 22166 23 22212 3 22217 25 22247 42 22294 3 22298 5 22305 31 22338 20 22361 2 22388 6 22397 2 22402 5 22421 24 22456 1 22465 34 22503 42 22550 3 22554 5 22561 31 22594 20 22617 2 22623 1 22644 6 22653 3 22659 5 22677 23 22708 6 22721 37 22760 40 22806 2 22811 2 22817 17 22835 35 22873 2 22901 5 22909 4 22915 5 22933 25 22964 7 22977 36 23016 39 23062 3 23074 7 23084 6 23091 4 23096 31 23157 6 23164 14 23189 25 23220 7 23233 17 23251 16 23272 39 23318 3 23329 6 23340 10 23353 31 23389 2 23392 2 23413 6 23420 15 23441 2 23444 27 23476 8 23489 17 23507 16 23529 38 23573 4 23585 6 23597 8 23609 32 23645 2 23648 3 23662 4 23670 20 23701 26 23733 6 23745 16 23764 16 23786 37 23830 3 23841 1 23843 2 23857 3 23866 1 23868 29 23905 3 23917 5 23926 18 23957 3 23962 3 23966 6 23973 10 23990 1 23993 2 24000 17 24020 16 24042 38 24088 1 24114 1 24124 29 24161 3 24173 6 24182 18 24213 3 24218 10 24230 10 24241 2 24249 2 24254 16 24271 2 24276 12 24289 3 24300 36 24374 3 24380 32 24417 3 24428 7 24438 20 24469 3 24474 10 24486 13 24505 3 24509 17 24527 3 24533 12 24547 1 24556 38 24626 1 24630 4 24637 32 24673 4 24683 8 24694 20 24726 1 24730 10 24742 9 24758 1 24762 24 24790 15 24812 21 24834 16 24881 2 24887 4 24893 41 24939 9 24949 22 24986 10 24999 8 25014 1 25019 24 25046 15 25067 1 25069 20 25090 16 25116 1 25119 2 25137 3 25143 47 25191 35 25242 10 25255 7 25266 1 25270 2 25275 24 25302 16 25323 22 25346 16 25371 3 25375 2 25390 1 25393 3 25399 47 25447 35 25498 11 25511 7 25521 3 25526 3 25531 25 25558 18 25578 23 25602 16 25626 4 25644 9 25655 76 25733 5 25751 2 25755 10 25767 6 25777 4 25784 1 25787 21 25810 2 25814 19 25834 23 25858 15 25882 5 25897 2 25900 5 25906 3 25912 75 25989 5 26008 1 26014 7 26023 5 26033 4 26043 20 26066 2 26070 58 26138 5 26145 1 26148 1 26152 9 26162 2 26168 74 26246 4 26263 2 26271 6 26279 4 26289 4 26299 2 26302 17 26322 62 26394 9 26404 17 26424 72 26497 1 26502 4 26519 2 26526 7 26536 3 26545 5 26558 19 26578 62 26650 28 26680 35 26716 35 26753 1 26758 4 26774 3 26780 9 26793 2 26801 4 26815 18 26834 62 26906 8 26915 55 26972 35 27009 1 27015 4 27029 4 27035 10 27050 1 27057 3 27071 38 27110 27 27140 11 27152 1 27161 8 27171 55 27228 31 27260 5 27272 3 27278 2 27284 17 27307 1 27312 5 27327 38 27366 26 27396 11 27408 1 27412 13 27427 55 27484 38 27528 4 27534 3 27539 18 27563 2 27568 5 27576 3 27580 2 27584 7 27592 29 27622 26 27652 11 27665 1 27667 13 27683 55 27740 38 27783 5 27790 23 27819 3 27823 6 27831 8 27840 6 27848 29 27878 26 27908 11 27921 5 27927 9 27940 55 27996 39 28038 7 28046 23 28072 2 28077 1 28082 1 28087 8 28096 6 28105 4 28110 23 28135 25 28164 10 28176 2 28180 2 28185 8 28196 5 28203 48 28253 72 28328 2 28332 2 28344 8 28353 5 28361 4 28368 22 28392 24 28420 10 28432 2 28436 3 28441 6 28448 2 28451 6 28461 46 28510 71 28585 6 28600 7 28609 5 28617 4 28624 23 28648 24 28676 9 28692 4 28697 5 28704 9 28716 48 28767 2 28772 65 28842 5 28852 1 28856 7 28864 3 28868 2 28872 6 28881 22 28904 25 28930 10 28948 10 28960 9 28971 49 29023 1 29027 16 29044 49 29099 6 29107 2 29114 9 29124 2 29128 6 29137 22 29160 36 29204 10 29216 9 29227 49 29283 68 29355 11 29371 11 29384 6 29392 20 29414 38 29460 10 29471 62 29534 40 29575 32 29611 11 29624 2 29627 11 29640 6 29648 20 29669 41 29716 9 29727 98 29826 4 29831 33 29867 27 29896 71 29968 1 29972 7 29983 103 30087 31 30119 2 30122 28 30151 75 30228 7 30239 134 30375 90 30466 17 30488 4 30495 134 30631 49 30681 40 30723 17 30744 4 30751 185 30937 40 30978 18 31001 1 31007 134 31143 49 31193 17 31212 20 31234 18 31264 3 31269 128 31399 67 31470 18 31491 12 31504 3 31515 2 31520 1 31525 8 31535 118 31656 3 31660 61 31726 18 31748 11 31771 4 31782 5 31792 117 31912 3 31916 61 31984 16 32005 6 32014 3 32028 2 32039 4 32048 72 32121 44 32169 1 32171 62 32241 1 32243 13 32261 7 32271 2 32284 2 32295 4 32304 72 32377 45 32425 1 32427 62 32499 13 32518 6 32540 2 32551 4 32560 26 32587 45 32633 45 32682 63 32747 3 32756 12 32775 4 32796 2 32807 3 32816 25 32844 42 32887 29 32919 15 32937 69 33008 1 33012 12 33034 1 33053 1 33063 3 33070 1 33072 25 33100 42 33143 29 33175 11 33187 75 33264 2 33268 12 33318 1 33321 2 33326 27 33355 73 33431 10 33443 3 33447 89 33573 106 33680 4 33687 9 33699 2 33705 87 33830 33 33864 71 33938 1 33943 7 33952 1 33961 87 34091 27 34121 70 34199 7 34208 1 34217 87 34341 1 34347 2 34350 23 34377 70 34455 6 34464 1 34467 2 34473 87 34569 2 34573 2 34586 2 34594 6 34603 2 34606 24 34632 71 34711 6 34720 1 34722 3 34729 87 34835 1 34842 3 34850 7 34860 24 34888 71 34968 5 34976 5 34986 86 35090 3 35098 2 35106 7 35116 24 35143 73 35226 3 35231 6 35242 87 35354 2 35363 9 35374 22 35399 56 35456 16 35483 3 35487 3 35498 87 35608 5 35620 32 35654 56 35712 17 35739 7 35755 85 35862 8 35876 90 35968 18 35995 6 36011 85 36121 7 36133 109 36251 7 36266 86 36370 1 36378 6 36389 7 36400 98 36500 3 36506 10 36523 85 36625 2 36634 5 36645 7 36656 98 36756 17 36778 86 36881 3 36886 1 36890 4 36902 6 36915 9 36925 22 36948 58 37013 16 37034 86 37137 7 37146 4 37159 5 37172 8 37182 21 37205 57 37270 14 37289 87 37393 8 37402 4 37416 3 37429 7 37439 79 37526 12 37545 87 37650 7 37659 3 37673 2 37685 8 37695 79 37778 1 37782 12 37796 1 37799 90 37907 6 37915 4 37928 4 37939 91 38033 3 38038 12 38054 93 38164 4 38171 5 38184 4 38195 86 38282 4 38289 7 38298 7 38310 94 38420 4 38427 8 38437 1 38441 4 38451 85 38537 6 38545 4 38553 7 38566 94 38677 3 38686 6 38697 4 38704 101 38806 10 38822 94 38944 3 38953 3 38960 112 39077 95 39200 2 39209 1 39216 2 39219 62 39283 45 39333 96 39456 2 39465 1 39473 1 39476 61 39538 46 39588 96 39712 2 39716 5 39726 2 39733 109 39843 97 39972 5 39982 2 39989 207 40223 1 40227 7 40238 2 40245 207 40476 14 40495 1 40501 178 40681 27 40731 15 40756 180 40937 5 40944 19 40987 15 41012 180 41193 5 41200 19 41243 14 41268 183 41452 2 41456 19 41499 6 41506 1 41510 1 41525 205 41756 7 41765 2 41782 1 41785 1 41788 198 42012 7 42021 2 42024 1 42047 195 42250 4 42268 14 42302 197 42504 7 42525 13 42553 3 42557 40 42599 169 42780 14 42808 45 42855 170 43034 3 43038 6 43046 4 43064 47 43112 171 43290 3 43295 4 43304 2 43319 50 43370 170 43546 4 43551 4 43560 2 43575 50 43626 171 43802 4 43808 3 43817 1 43831 50 43882 171 44058 5 44065 2 44073 1 44087 50 44138 170 44314 5 44330 1 44343 45 44389 1 44395 5 44401 163 44570 5 44585 3 44592 2 44599 45 44651 5 44658 162 44826 3 44830 1 44833 1 44840 4 44847 3 44855 44 44902 2 44907 144 45052 24 45080 5 45093 2 45096 2 45102 4 45108 48 45157 3 45164 142 45309 22 45334 1 45336 5 45349 5 45357 4 45364 48 45413 3 45419 119 45540 22 45565 21 45588 10 45601 2 45605 6 45613 4 45619 12 45632 36 45670 125 45797 22 45820 19 45843 12 45857 1 45861 6 45869 5 45875 14 45892 32 45926 128 46055 26 46082 11 46098 16 46117 6 46127 2 46132 3 46137 8 46148 33 46182 128 46311 25 46339 10 46354 16 46374 5 46393 8 46405 187 46597 8 46610 16 46633 1 46650 5 46661 46 46708 140 46854 10 46865 17 46905 7 46913 1 46916 7 46924 5 46931 47 46980 19 47000 104 47111 9 47121 16 47138 4 47161 7 47169 2 47172 5 47180 5 47189 45 47236 19 47258 102 47367 8 47377 16 47394 5 47416 11 47429 3 47437 2 47445 21 47467 27 47495 8 47504 6 47517 70 47588 28 47625 30 47672 14 47695 2 47701 21 47723 36 47760 8 47773 50 47825 18 47844 28 47881 31 47929 6 47936 6 47951 75 48027 53 48084 44 48138 30 48185 5 48193 5 48207 130 48341 43 48394 30 48441 4 48449 8 48463 48 48512 63 48576 18 48598 9 48610 14 48625 15 48651 30 48697 5 48705 10 48718 49 48768 63 48833 17 48856 7 48866 14 48881 15 48907 30 48954 4 48959 147 49113 6 49122 30 49164 10 49178 17 49210 4 49215 118 49335 27 49369 6 49378 30 49420 9 49435 17 49466 4 49471 117 49591 27 49622 2 49625 6 49635 29 49677 8 49691 19 49722 3 49727 8 49736 51 49789 55 49848 24 49875 10 49889 31 49934 7 49947 20 49978 3 49984 8 49993 1 49996 46 50045 57 50104 1 50107 20 50131 10 50144 32 50193 4 50202 21 50234 3 50240 8 50254 6 50261 37 50302 4 50307 52 50360 21 50388 10 50400 32 50450 3 50458 21 50491 2 50497 7 50510 6 50518 36 50558 3 50565 71 50647 41 50706 3 50714 21 50754 6 50767 1 50769 4 50774 36 50814 4 50822 69 50902 42 50963 2 50969 23 51012 4 51023 43 51070 4 51078 57 51136 11 51153 30 51184 16 51220 1 51223 2 51226 23 51280 43 51325 5 51335 11 51347 44 51392 3 51397 6 51409 23 51433 5 51441 15 51475 2 51480 26 51528 6 51536 48 51585 3 51592 10 51603 44 51648 3 51653 7 51666 21 51689 5 51697 15 51731 32 51783 6 51792 34 51827 19 51848 95 51945 23 51987 32 52039 4 52049 3 52053 3 52058 45 52104 96 52201 23 52243 33 52295 3 52310 2 52313 60 52374 1 52376 104 52499 33 52552 1 52566 4 52575 52 52632 104 52755 3 52759 29 52823 3 52832 28 52862 21 52888 33 52922 14 52937 10 52948 44 53016 28 53065 2 53078 6 53089 27 53125 15 53144 58 53204 44 53271 29 53317 7 53331 10 53345 26 53381 16 53401 7 53409 44 53455 3 53459 25 53485 19 53529 28 53573 8 53585 7 53594 3 53602 25 53638 15 53657 7 53665 44 53711 49 53785 29 53829 19 53849 4 53858 24 53886 4 53893 17 53914 51 53967 49 54041 30 54086 22 54111 110 54223 49 54298 30 54343 8 54355 9 54367 113 54482 46 54555 30 54604 3 54613 7 54624 30 54656 26 54683 50 54738 46 54812 29 54860 2 54870 3 54874 2 54881 27 54912 7 54920 18 54939 48 54994 21 55017 23 55069 29 55115 3 55120 1 55127 4 55137 27 55168 75 55250 22 55273 23 55326 29 55370 4 55386 2 55394 27 55423 41 55466 34 55505 22 55529 23 55583 29 55625 3 55643 4 55650 27 55679 41 55722 1 55724 34 55760 23 55786 22 55839 29 55880 4 55899 5 55906 70 55978 1 55981 58 56041 23 56096 29 56137 4 56156 76 56237 83 56353 29 56393 4 56412 76 56493 55 56551 25 56610 29 56652 1 56668 21 56690 55 56749 52 56807 25 56866 30 56925 132 57063 7 57071 17 57122 30 57177 131 57310 4 57315 1 57319 7 57327 17 57378 30 57433 131 57568 4 57575 7 57583 17 57634 29 57689 5 57696 69 57766 54 57825 1 57830 26 57891 7 57899 21 57946 5 57952 13 57967 2 57971 103 58086 26 58147 7 58155 21 58203 5 58209 11 58226 104 58342 26 58407 26 58445 1 58453 1 58459 17 58482 55 58538 12 58551 33 58592 1 58595 29 58664 25 58701 2 58708 2 58715 7 58723 10 58738 55 58795 30 58826 13 58852 28 58921 25 58954 1 58957 2 58971 7 58980 9 58994 11 59006 43 59051 41 59108 28 59175 29 59210 2 59214 2 59228 6 59237 4 59242 3 59252 9 59263 42 59308 39 59360 1 59364 28 59431 30 59467 1 59484 7 59493 4 59499 3 59509 6 59520 42 59564 39 59607 3 59613 1 59619 13 59633 15 59687 31 59729 2 59737 16 59754 1 59756 4 59765 1 59768 3 59776 3 59781 1 59784 2 59789 30 59820 39 59861 6 59869 1 59874 13 59890 14 59941 34 59985 3 59992 12 60005 13 60021 1 60023 4 60030 1 60032 2 60037 1 60040 2 60045 1 60048 28 60077 67 60146 14 60198 8 60208 23 60242 3 60248 12 60261 20 60285 2 60296 2 60301 2 60304 112 60457 30 60499 2 60504 7 60513 3 60517 20 60538 5 60550 1 60552 1 60557 115 60715 27 60761 6 60770 29 60812 116 60962 3 60972 28 61018 4 61026 4 61032 25 61059 3 61068 42 61112 72 61218 4 61228 19 61251 5 61274 5 61282 4 61288 31 61323 43 61369 71 61473 6 61484 29 61530 5 61545 33 61579 43 61626 70 61729 6 61742 28 61787 6 61799 1 61802 77 61881 71 61986 6 61998 30 62044 4 62058 51 62111 24 62137 10 62148 4 62154 54 62245 3 62254 31 62301 3 62313 2 62316 50 62367 35 62405 1 62409 39 62450 14 62511 31 62557 4 62568 3 62574 84 62665 38 62707 13 62768 31 62814 3 62824 3 62831 44 62878 35 62918 40 62963 13 63025 31 63070 6 63080 3 63088 44 63133 37 63173 40 63218 14 63274 1 63281 33 63327 5 63336 4 63343 126 63473 15 63530 1 63537 33 63584 3 63593 3 63599 126 63726 18 63786 2 63794 32 63841 1 63854 13 63869 132 64042 3 64052 30 64110 147 64299 2 64311 27 64367 4 64372 3 64379 26 64407 106 64568 26 64635 26 64662 18 64681 8 64690 23 64715 55 64824 26 64890 45 64938 7 64946 23 64972 55 65080 25 65130 2 65138 148 65322 6 65335 28 65375 161
000039,0 65536
000040,0 65536
000041,0 65535
000042,0 4 93 16 149 6 175 6 241 20 349 16 405 6 431 7 497 19 605 16 662 4 686 8 752 16 861 16 942 8 1008 16 1113 2 1117 15 1198 8 1263 17 1369 2 1373 15 1453 15 1517 19 1630 13 1709 16 1729 4 1738 4 1772 20 1894 5 1965 34 2027 21 2221 35 2258 4 2283 21 2477 43 2539 21 2733 45 2795 21 2989 46 3050 22 3245 46 3305 23 3502 45 3560 24 3760 43 3815 25 3892 2 4016 43 4070 26 4147 8 4272 43 4326 26 4402 10 4528 43 4582 26 4658 13 4672 3 4784 43 4838 26 4914 18 5040 43 5095 25 5171 18 5296 44 5352 24 5428 23 5552 44 5608 24 5685 24 5809 44 5865 23 5941 25 6064 45 6122 22 6196 27 6319 46 6379 21 6451 28 6573 49 6637 19 6706 29 6827 51 6895 17 6960 32 7082 52 7151 17 7215 33 7337 53 7408 16 7471 33 7593 53 7664 16 7727 33 7848 54 7920 16 7983 33 8104 53 8177 15 8239 33 8351 4 8358 55 8433 15 8495 33 8607 61 8690 14 8751 33 8863 60 8947 13 9007 34 9120 57 9204 12 9263 35 9378 54 9461 11 9520 34 9634 54 9718 10 9777 33 9891 51 9975 9 10034 32 10149 47 10231 9 10291 31 10405 45 10487 9 10548 30 10662 41 10743 9 10805 27 10918 38 10999 9 11064 22 11175 36 11255 9 11321 16 11437 29 11511 9 11578 14 11695 25 11767 9 11835 12 11953 21 12023 9 12092 11 12210 18 12281 7 12352 6 12467 16 12540 4 12725 2 12731 7 12988 6 13141 1 13246 2 13389 11 13644 13 13759 11 13899 15 14014 14 14153 17 14269 16 14341 6 14349 6 14399 5 14407 19 14525 16 14596 16 14655 28 14781 17 14851 17 14911 28 15037 18 15107 17 15166 29 15293 19 15362 19 15422 29 15549 19 15617 20 15677 31 15805 19 15872 21 15931 34 16062 18 16128 21 16186 36 16319 17 16384 21 16441 38 16575 17 16640 21 16696 39 16832 16 16896 21 16951 40 17088 16 17152 20 17207 40 17344 15 17408 20 17462 40 17596 3 17601 13 17664 19 17718 39 17784 3 17810 1 17851 6 17859 11 17920 19 17973 38 18038 7 18056 2 18063 5 18106 7 18118 6 18176 19 18228 28 18293 8 18312 2 18319 6 18363 6 18432 20 18483 28 18549 9 18568 2 18575 6 18619 6 18688 20 18739 27 18805 10 18832 5 18875 5 18944 20 18995 27 19061 12 19089 5 19133 1 19200 20 19251 27 19318 16 19345 5 19456 20 19506 28 19575 16 19601 5 19712 19 19762 27 19832 15 19857 4 19968 19 20016 29 20078 6 20089 15 20224 19 20272 28 20334 7 20344 18 20480 18 20527 28 20589 31 20630 12 20736 18 20783 27 20845 32 20885 14 20992 18 21039 26 21101 32 21141 15 21248 18 21295 26 21357 33 21396 17 21504 19 21552 24 21613 33 21651 19 21760 19 21808 22 21869 34 21906 20 22016 19 22065 19 22124 36 22162 20 22272 20 22322 17 22380 36 22418 20 22528 20 22579 15 22614 4 22636 58 22784 20 22835 14 22854 4 22868 6 22892 58 23040 19 23091 14 23108 8 23123 8 23148 58 23296 18 23346 29 23378 9 23405 57 23552 17 23602 42 23661 57 23808 3 23813 11 23858 42 23917 57 24008 8 24071 7 24114 42 24173 58 24263 10 24277 4 24329 3 24371 42 24429 58 24518 20 24627 42 24685 53 24740 2 24745 1 24773 23 24883 42 24941 51 25029 24 25140 40 25197 50 25285 24 25396 40 25453 50 25541 24 25653 39 25710 50 25798 23 25910 37 25966 53 26054 23 26167 35 26223 53 26311 22 26424 34 26479 53 26569 19 26679 34 26736 53 26827 17 26934 30 26993 52 27084 16 27185 34 27250 51 27341 14 27440 36 27512 45 27597 13 27696 37 27769 45 27853 12 27952 40 28025 45 28109 11 28208 42 28281 45 28366 9 28465 42 28537 45 28627 2 28722 41 28793 45 28979 40 29048 46 29236 39 29304 45 29495 37 29559 45 29757 4 29762 26 29815 45 30017 27 30071 45 30273 27 30327 45 30528 28 30584 44 30783 29 30840 43 31038 29 31097 42 31294 29 31353 41 31549 30 31609 40 31806 30 31864 41 32062 37 32120 40 32319 36 32375 41 32576 35 32630 40 32833 33 32886 37 33089 33 33142 36 33346 32 33398 35 33603 31 33655 34 33861 29 33912 32 34118 28 34170 30 34376 25 34428 25 34637 5 34646 11 34686 14 34895 2 34903 9 34944 10 35151 2 35160 8 35204 4 35417 7 35673 7 35821 4 35826 6 35930 6 36075 14 36187 5 36329 17 36583 20 36827 2 36837 27 37082 5 37092 28 37337 7 37348 28 37593 8 37604 28 37848 9 37860 28 38002 6 38099 15 38116 28 38257 7 38354 46 38512 8 38609 47 38767 9 38865 47 39021 16 39121 47 39276 18 39377 47 39532 19 39633 47 39788 19 39889 47 40044 19 40146 46 40300 19 40402 46 40557 18 40658 46 40813 18 40914 46 41066 21 41171 45 41319 24 41427 45 41574 26 41683 45 41830 26 41940 44 42085 27 42196 43 42341 27 42451 33 42487 8 42506 2 42595 28 42705 35 42745 4 42761 4 42849 30 42961 36 43016 5 43104 30 43216 37 43272 5 43360 30 43472 37 43523 2 43527 6 43615 32 43728 37 43778 11 43871 6 43881 22 43984 37 44034 11 44127 5 44138 21 44240 37 44290 12 44383 5 44394 20 44496 37 44545 14 44639 5 44651 18 44751 38 44801 14 44895 5 44908 14 45006 38 45057 14 45152 4 45164 12 45261 35 45313 14 45408 5 45421 11 45516 34 45569 14 45656 3 45665 4 45677 10 45772 10 45790 15 45826 13 45912 3 45922 3 45934 9 46028 8 46047 14 46082 13 46168 4 46192 5 46285 4 46304 14 46338 13 46424 3 46561 17 46594 13 46681 1 46818 6 46825 13 46850 13 47081 14 47105 13 47336 16 47357 15 47592 16 47611 15 47849 15 47866 14 48105 29 48361 23 48385 3 48617 23 48873 23 49129 23 49385 23 49641 23 49897 23 50153 23 50408 24 50663 25 50918 26 51173 27 51428 28 51684 28 51940 28 52082 7 52195 29 52336 9 52452 27 52591 11 52708 26 52847 11 52964 24 53103 11 53220 21 53359 11 53476 18 53615 10 53732 8 53871 8 53989 3 54127 7 54384 5 54614 5 54868 10 55122 12 55144 5 55376 15 55399 8 55632 15 55654 10 55887 17 55909 12 56143 35 56399 35 56654 37 56910 37 57166 38 57221 3 57422 38 57476 5 57678 38 57731 6 57935 37 57986 7 58192 36 58240 9 58449 34 58496 9 58707 31 58751 9 58866 2 58963 29 59007 9 59122 2 59219 27 59264 6 59379 1 59475 26 59730 27 59978 6 59985 26 60234 31 60400 2 60490 30 60654 6 60746 30 60910 6 61002 30 61166 7 61258 31 61422 7 61514 31 61678 7 61770 32 61934 7 62027 31 62190 7 62284 31 62447 6 62541 33 62703 6 62798 33 62960 5 63055 32 63218 1 63311 32 63568 32 63825 31 64006 5 64082 30 64261 8 64339 29 64517 8 64595 29 64772 10 64852 27 65027 11 65108 26 65284 9 65366 23
000043,0 65536
000044, 
000045,159 4 164 92 421 91 677 6 685 83 932 5 940 84 1194 86 1442 1 1448 88 1695 1 1698 1 1703 89 1948 7 1958 90 2203 8 2213 91 2459 1 2464 3 2468 92 2720 96 2977 95 3232 92 3326 2 3487 10 3499 81 3583 1 3742 10 3754 81 3998 94 4094 2 4244 2 4254 43 4298 1 4300 52 4499 1 4502 1 4512 1 4518 37 4556 52 4773 31 4806 58 5028 31 5063 56 5283 33 5319 2 5323 6 5330 29 5360 9 5370 5 5538 39 5580 34 5616 6 5626 4 5792 42 5836 33 5871 2 5875 3 5883 3 6034 2 6048 42 6092 34 6127 2 6131 3 6139 2 6275 1 6282 5 6290 1 6304 42 6349 41 6394 3 6539 4 6561 41 6606 40 6651 2 6795 3 6816 43 6861 40 6907 2 7051 3 7072 15 7091 23 7116 50 7306 3 7328 15 7348 18 7368 54 7560 1 7583 16 7605 16 7624 54 7844 10 7861 74 8101 3 8105 6 8117 74 8358 2 8363 4 8372 70 8443 1 8445 2 8611 5 8620 2 8629 12 8643 54 8702 2 8867 6 8874 3 8885 12 8898 56 8957 3 9120 12 9141 75 9375 13 9399 6 9407 65 9630 14 9655 5 9663 65 9885 16 9911 4 9918 66 10140 9 10150 8 10159 4 10167 5 10174 66 10395 10 10407 14 10422 4 10429 67 10651 31 10684 68 10907 75 10984 24 11163 74 11241 23 11419 73 11498 22 11673 74 11756 20 11929 42 11974 30 12007 3 12014 18 12185 75 12263 2 12271 17 12444 74 12519 1 12524 20 12700 74 12779 3 12783 17 12950 1 12952 1 12956 3 12961 69 13036 1 13039 17 13207 2 13212 3 13217 26 13245 41 13296 4 13302 10 13464 1 13468 3 13473 25 13500 42 13554 3 13558 10 13570 1 13720 33 13754 44 13810 14 13826 1 13976 51 14028 25 14065 8 14075 5 14231 3 14236 46 14284 12 14297 15 14321 8 14331 5 14488 1 14492 46 14541 9 14554 18 14577 9 14587 5 14748 5 14755 1 14757 37 14798 8 14810 18 14833 15 14997 2 15004 5 15013 16 15030 21 15054 8 15066 19 15086 1 15089 15 15252 3 15259 6 15267 46 15314 4 15323 37 15507 5 15514 6 15523 2 15529 40 15570 2 15579 37 15759 17 15779 1 15786 38 15835 37 16012 25 16041 38 16091 37 16268 26 16297 7 16306 29 16343 2 16346 38 16524 10 16536 14 16553 6 16562 28 16598 42 16780 9 16794 20 16821 25 16854 24 16879 17 17016 3 17035 10 17047 23 17077 27 17108 24 17137 15 17274 5 17291 9 17301 25 17333 54 17393 15 17530 5 17547 39 17592 23 17616 27 17649 15 17804 38 17850 20 17873 27 17905 15 18061 38 18105 22 18129 10 18140 17 18161 15 18319 1 18322 93 18417 15 18434 1 18580 65 18647 25 18674 14 18834 67 18903 41 19078 4 19088 69 19158 27 19186 14 19332 6 19343 97 19443 13 19587 6 19599 6 19607 88 19698 1 19701 10 19844 5 19857 3 19863 51 19917 4 19923 25 19950 2 19954 1 19959 4 20102 3 20112 4 20120 50 20173 31 20207 1 20209 2 20226 1 20359 2 20367 5 20376 50 20429 31 20463 1 20466 1 20481 2 20615 1 20623 5 20635 55 20694 3 20699 3 20703 12 20736 3 20880 5 20891 55 20951 1 20956 1 20964 8 20992 3 21129 1 21135 10 21147 8 21157 46 21212 1 21220 11 21249 2 21376 5 21384 4 21391 12 21405 6 21413 46 21460 2 21467 3 21475 9 21485 2 21630 8 21639 6 21647 12 21661 6 21670 44 21715 2 21724 2 21731 4 21885 15 21904 4 21910 5 21918 4 21927 43 21980 2 22140 16 22166 13 22184 41 22235 9 22395 17 22419 16 22440 41 22490 10 22528 2 22578 1 22650 18 22670 2 22674 8 22684 7 22696 35 22733 4 22745 11 22784 3 22804 3 22832 3 22903 21 22925 3 22930 7 22942 5 22952 30 22983 2 22993 5 22999 15 23040 4 23061 2 23088 1 23158 37 23198 5 23207 29 23238 1 23241 2 23248 22 23288 1 23296 4 23316 2 23412 47 23463 8 23474 20 23496 4 23502 24 23542 4 23552 4 23571 4 23667 48 23731 52 23799 3 23808 4 23824 7 23922 40 23964 7 23974 1 23987 5 23996 44 24055 3 24062 1 24064 2 24078 8 24087 2 24092 1 24178 37 24223 3 24243 4 24252 45 24301 1 24305 1 24307 1 24311 11 24333 7 24343 1 24434 35 24471 2 24479 3 24491 3 24499 2 24508 51 24560 17 24589 6 24598 2 24690 35 24726 12 24742 7 24764 68 24845 5 24853 3 24945 50 24998 5 25020 68 25101 5 25108 4 25114 1 25200 52 25253 6 25276 68 25357 10 25369 2 25436 1 25451 2 25455 53 25509 7 25531 69 25613 9 25626 1 25692 1 25707 2 25710 62 25785 71 25869 8 25964 64 26041 71 26125 7 26221 65 26292 45 26339 29 26382 5 26478 3 26485 2 26490 1 26492 51 26548 43 26595 29 26640 3 26735 1 26747 52 26804 13 26818 26 26850 30 27002 57 27061 11 27075 24 27106 32 27258 56 27317 8 27328 27 27363 32 27513 57 27571 3 27578 2 27584 2 27588 23 27619 32 27769 59 27846 21 27874 33 28025 57 28092 1 28106 17 28129 34 28280 59 28365 14 28385 34 28524 1 28537 60 28621 10 28632 3 28641 34 28793 59 28880 1 28882 4 28889 2 28896 36 29051 56 29138 4 29146 1 29150 38 29307 32 29341 15 29358 6 29395 2 29406 20 29428 15 29564 31 29598 23 29624 1 29662 20 29685 12 29820 31 29852 6 29861 16 29879 2 29883 1 29918 19 29941 11 30076 38 30117 20 30174 18 30197 11 30332 39 30373 22 30431 17 30453 11 30588 39 30629 23 30656 1 30687 17 30709 11 30845 38 30885 24 30912 2 30943 17 30965 11 31104 2 31113 4 31118 5 31124 41 31167 4 31199 17 31223 9 31375 2 31380 41 31423 4 31430 3 31456 16 31479 9 31614 2 31636 41 31679 7 31687 3 31713 13 31727 2 31730 14 31870 4 31892 39 31936 5 31944 3 31971 29 32126 9 32150 35 32193 6 32200 4 32227 29 32381 11 32412 25 32438 2 32450 9 32483 29 32635 12 32669 26 32707 7 32738 30 32891 7 32920 1 32925 26 32964 5 32995 29 33147 5 33157 1 33175 21 33197 10 33219 6 33251 29 33402 6 33412 3 33431 32 33475 6 33508 28 33657 16 33683 35 33732 5 33763 29 33912 18 33937 38 33989 4 34019 29 34167 21 34191 40 34275 29 34422 43 34466 22 34531 29 34678 35 34717 3 34726 19 34787 29 34934 33 34971 4 34983 19 35044 28 35193 30 35225 4 35239 19 35261 8 35302 26 35448 7 35456 27 35497 18 35517 8 35555 1 35558 26 35703 6 35713 25 35743 2 35754 17 35772 10 35811 29 35959 5 35968 26 35996 7 36011 16 36028 9 36067 17 36085 11 36215 4 36224 35 36261 1 36267 16 36284 8 36323 16 36341 11 36472 2 36481 8 36492 23 36524 24 36580 16 36597 11 36727 3 36737 7 36748 24 36779 26 36836 28 36983 4 36995 5 37004 24 37036 14 37051 9 37092 28 37162 2 37202 3 37241 2 37253 2 37259 10 37272 12 37292 14 37308 9 37344 1 37348 21 37370 6 37458 3 37499 4 37516 9 37526 13 37549 12 37565 7 37605 19 37627 5 37714 3 37755 3 37773 22 37806 11 37819 9 37836 1 37862 19 37882 6 37970 3 38029 22 38063 10 38074 6 38082 1 38092 1 38118 17 38139 5 38224 5 38270 3 38284 23 38320 6 38330 6 38375 15 38393 7 38480 3 38525 5 38540 23 38576 6 38587 5 38630 17 38648 8 38736 2 38782 4 38796 22 38834 3 38845 2 38886 26 39038 3 39053 2 39062 12 39086 2 39123 3 39142 26 39295 2 39319 10 39379 3 39398 26 39576 10 39598 1 39635 2 39653 27 39750 6 39832 10 39853 2 39890 1 39909 27 40005 8 40091 7 40164 28 40261 9 40347 6 40403 2 40417 5 40423 19 40446 2 40517 9 40603 4 40612 3 40644 2 40659 3 40663 2 40675 2 40680 18 40703 1 40773 8 40859 4 40867 8 40900 2 40914 6 40938 14 41030 7 41114 18 41156 1 41169 6 41194 11 41207 1 41286 5 41368 1 41370 9 41380 6 41412 8 41423 6 41450 10 41470 2 41624 10 41636 6 41643 3 41663 21 41696 2 41707 9 41726 2 41816 1 41858 1 41875 25 41901 3 41912 1 41918 8 41928 1 41931 9 41952 2 41963 9 41982 2 42070 5 42108 1 42135 21 42157 1 42160 1 42168 2 42172 10 42184 11 42208 2 42220 2 42224 2 42238 5 42326 5 42389 22 42422 9 42433 5 42441 10 42464 2 42494 4 42583 3 42645 22 42671 16 42689 18 42720 3 42750 4 42838 5 42860 1 42865 2 42879 1 42905 20 42926 38 42971 3 42975 4 43006 4 43021 4 43093 6 43112 5 43123 2 43143 1 43161 36 43198 16 43216 4 43226 9 43263 4 43276 6 43349 6 43367 6 43376 1 43378 3 43398 6 43416 34 43453 17 43471 5 43481 5 43487 4 43518 6 43532 7 43605 7 43623 6 43633 1 43635 1 43644 1 43654 6 43667 1 43671 34 43708 24 43739 2 43743 4 43773 7 43788 8 43797 4 43863 4 43880 6 43899 2 43927 2 43932 56 43995 2 43999 4 44029 2 44032 5 44044 14 44182 3 44188 57 44249 2 44256 3 44284 3 44288 6 44299 14 44314 3 44437 4 44445 55 44510 4 44524 1 44534 2 44540 3 44544 7 44554 11 44567 2 44570 3 44694 3 44701 57 44759 1 44765 5 44779 2 44788 5 44795 4 44800 9 44810 11 44825 4 44950 63 45014 2 45020 4 45043 27 45071 5 45080 5 45194 2 45203 1 45205 67 45276 2 45289 1 45299 17 45318 7 45336 4 45458 66 45525 2 45545 2 45554 19 45575 5 45592 4 45707 1 45713 2 45716 67 45802 2 45809 21 45831 5 45849 3 45962 3 45966 6 45973 62 46036 6 46059 3 46065 28 46105 4 46219 6 46226 2 46229 68 46316 2 46320 30 46362 3 46477 4 46484 69 46576 28 46618 3 46734 75 46833 25 46863 1 46873 3 46987 1 46990 10 47001 64 47084 9 47096 18 47129 3 47243 10 47255 64 47339 30 47385 1 47500 10 47512 1 47514 58 47596 28 47626 1 47629 1 47756 4 47762 1 47770 33 47807 21 47855 15 47872 8 47882 4 47888 1 48013 3 48027 31 48063 22 48111 12 48128 8 48150 3 48270 3 48283 29 48318 25 48345 1 48350 2 48367 3 48373 5 48384 9 48408 1 48530 1 48540 27 48570 27 48600 2 48606 3 48622 2 48629 5 48640 11 48673 3 48798 24 48824 21 48847 6 48855 3 48862 2 48878 5 48885 5 48896 11 48931 2 49053 37 49092 7 49103 11 49134 12 49152 11 49308 1 49311 30 49349 4 49359 15 49389 13 49408 12 49429 2 49447 2 49479 2 49568 27 49614 17 49645 12 49659 22 49683 1 49702 7 49732 5 49827 22 49870 17 49903 7 49917 24 49957 8 49985 7 50082 22 50127 16 50158 2 50162 3 50172 25 50213 8 50239 6 50338 21 50383 16 50410 1 50430 22 50469 8 50496 3 50594 20 50637 17 50663 1 50665 2 50672 2 50679 1 50686 20 50725 5 50732 1 50736 2 50850 18 50891 19 50918 5 50930 3 50935 3 50942 1 50944 18 51107 16 51147 19 51173 6 51185 4 51192 2 51200 18 51258 3 51279 1 51364 15 51402 21 51428 6 51442 2 51448 1 51454 20 51514 3 51535 2 51621 10 51632 3 51658 20 51681 9 51700 1 51710 20 51763 2 51770 4 51790 2 51878 8 51914 20 51936 13 51951 1 51955 2 51965 22 52014 1 52017 14 52040 2 52045 3 52135 8 52170 35 52207 2 52211 1 52214 2 52219 24 52274 14 52294 11 52392 11 52425 41 52471 1 52474 24 52531 13 52549 13 52649 10 52683 23 52708 9 52720 1 52730 24 52787 32 52906 10 52940 21 52966 4 52975 1 52983 26 53043 33 53163 2 53169 4 53196 21 53230 2 53238 8 53248 16 53299 34 53425 5 53453 20 53487 1 53495 6 53505 15 53555 37 53616 1 53682 4 53709 21 53752 5 53762 14 53812 31 53846 3 53851 4 53935 8 53964 22 54009 5 54019 12 54068 30 54102 4 54107 5 54191 8 54220 4 54226 16 54266 5 54277 10 54325 29 54358 11 54448 5 54476 1 54480 18 54522 5 54534 8 54582 27 54614 2 54618 9 54648 2 54705 3 54723 1 54735 18 54780 2 54790 8 54838 5 54844 1 54846 19 54869 13 54888 3 54903 3 54910 3 54963 1 54991 16 55015 2 55046 3 55050 4 55093 5 55102 18 55125 12 55144 5 55159 3 55165 5 55220 1 55248 14 55271 5 55302 1 55306 4 55351 3 55358 15 55379 14 55400 6 55408 4 55414 4 55420 7 55505 12 55529 4 55557 1 55562 4 55614 15 55635 14 55658 26 55752 2 55761 1 55763 10 55787 2 55808 3 55813 9 55870 15 55891 5 55900 4 55912 1 55914 26 55963 1 55998 1 56007 3 56019 10 56064 2 56068 10 56126 16 56147 3 56158 3 56166 31 56216 5 56264 3 56276 9 56320 14 56382 19 56415 2 56423 14 56441 12 56470 8 56503 2 56520 3 56533 9 56576 14 56636 18 56656 2 56680 12 56696 14 56731 3 56758 5 56776 1 56789 9 56832 13 56892 18 56912 2 56939 3 56951 14 57013 11 57030 3 57044 10 57088 13 57148 22 57195 4 57202 19 57269 20 57296 1 57300 10 57344 7 57354 2 57404 22 57451 14 57466 11 57524 21 57552 3 57556 9 57600 7 57655 1 57666 16 57708 1 57710 22 57780 21 57813 8 57856 4 57910 2 57930 8 57964 1 57967 6 57976 12 58037 20 58064 15 58112 4 58156 3 58162 1 58167 1 58187 7 58223 5 58232 11 58293 20 58320 15 58368 4 58377 2 58410 4 58418 1 58422 2 58444 6 58480 5 58486 12 58549 20 58571 2 58577 5 58584 7 58624 4 58664 3 58670 10 58703 4 58737 16 58805 20 58827 2 58834 2 58840 2 58844 4 58880 5 58893 2 58919 3 58927 7 58959 6 58994 14 59063 19 59083 2 59099 6 59136 5 59149 4 59157 3 59176 1 59185 4 59215 7 59243 4 59248 17 59321 20 59353 9 59392 5 59405 4 59470 8 59501 20 59578 23 59607 12 59648 5 59655 1 59658 1 59660 6 59726 9 59754 2 59758 17 59778 2 59835 22 59862 14 59879 3 59885 1 59904 18 59981 11 60010 2 60015 15 60033 3 60092 22 60117 26 60144 3 60160 17 60183 1 60229 1 60234 14 60266 1 60271 14 60289 3 60348 22 60372 32 60416 14 60438 3 60485 2 60490 14 60506 3 60527 2 60532 3 60537 4 60544 5 60605 20 60631 29 60672 12 60748 13 60763 2 60783 7 60794 3 60799 6 60862 10 60875 1 60890 29 60928 11 60987 1 61003 18 61035 2 61039 2 61043 2 61050 11 61118 11 61134 2 61146 32 61184 11 61235 1 61242 2 61258 23 61291 1 61295 1 61306 9 61375 11 61390 2 61401 33 61440 10 61492 1 61495 5 61515 27 61546 1 61556 2 61560 12 61631 11 61646 1 61649 2 61657 32 61696 10 61749 7 61771 27 61802 2 61807 1 61812 1 61818 10 61886 12 61901 2 61904 1 61913 4 61918 27 61946 4 61952 11 62004 8 62026 28 62058 7 62073 9 62142 4 62147 12 62163 1 62167 1 62169 4 62174 27 62202 5 62208 13 62260 8 62281 29 62314 3 62319 2 62328 5 62399 2 62404 5 62410 5 62427 36 62464 13 62500 2 62516 11 62536 29 62572 1 62579 3 62585 3 62660 4 62667 1 62684 54 62770 16 62791 29 62835 2 62916 3 62941 55 63016 4 63025 51 63087 2 63172 3 63193 2 63197 56 63268 8 63280 52 63340 1 63342 3 63428 4 63449 52 63503 6 63524 7 63535 54 63599 2 63684 7 63703 31 63738 19 63761 5 63791 53 63856 1 63940 1 63942 6 63958 30 63994 19 64019 3 64048 13 64062 38 64196 1 64198 5 64212 31 64251 2 64256 14 64276 3 64304 12 64318 35 64454 4 64466 32 64507 20 64531 5 64560 13 64574 34 64710 3 64721 32 64758 26 64787 7 64817 46 64963 1 64966 2 64977 31 65011 29 65043 8 65074 45 65120 1 65219 1 65222 1 65233 31 65266 29 65301 6 65333 42 65474 3 65492 27 65523 13
000046,107 19 362 20 617 23 645 5 872 25 900 7 1128 35 1384 34 1640 33 1896 31 2152 31 2408 30 2665 29 2921 29 3177 29 3433 29 3472 2 3689 29 3728 3 3944 28 3983 5 4201 25 4240 4 4457 25 4496 3 4713 24 4762 3 4927 5 4970 23 5015 7 5182 7 5226 22 5270 8 5343 6 5438 7 5483 21 5526 8 5599 8 5693 9 5739 21 5782 9 5854 10 5948 10 5995 21 6038 8 6110 11 6202 13 6252 20 6294 8 6366 11 6447 5 6457 15 6508 20 6549 6 6622 12 6700 29 6763 20 6805 4 6877 14 6950 35 7019 20 7062 1 7133 15 7203 38 7274 19 7389 15 7452 1 7458 40 7530 17 7645 15 7704 7 7712 42 7786 16 7902 13 7959 51 8042 15 8161 10 8214 52 8299 13 8419 6 8470 52 8557 7 8676 3 8727 3 8733 40 8940 3 8989 38 9194 7 9205 4 9244 39 9450 17 9499 39 9705 19 9754 39 9961 20 10009 40 10217 20 10264 40 10471 22 10520 40 10725 25 10775 42 10981 26 11031 42 11236 28 11286 43 11492 28 11542 43 11748 28 11797 44 12005 27 12053 43 12261 27 12309 42 12472 3 12517 26 12565 41 12727 4 12773 24 12821 41 12983 4 13030 22 13077 42 13239 4 13286 21 13334 41 13495 4 13543 19 13591 39 13751 4 13801 16 13848 38 14006 6 14058 7 14069 1 14105 37 14262 6 14315 5 14362 7 14370 28 14519 4 14619 4 14627 27 14776 2 14884 26 15141 24 15397 23 15653 22 15909 21 16165 21 16421 20 16678 5 16685 10 16934 4 18688 1 18944 2 19200 2 19456 2 19572 3 19624 1 19712 2 19827 5 19877 6 19968 6 20076 2 20083 4 20130 10 20224 7 20331 3 20339 4 20385 10 20480 7 20587 3 20596 2 20640 10 20736 7 20896 10 20992 7 21151 11 21248 6 21407 12 21504 5 21663 12 21919 16 22176 16 22432 16 22689 15 22945 14 23200 14 23457 13 23713 12 23969 11 24155 1 24226 8 24409 3 24482 6 24664 3 24739 3 24921 1 26708 5 26963 7 27219 6 27476 5 27733 2 40229 5 40483 8 40738 10 40994 11 41250 11 41505 12 41761 12 42017 11 42273 11 42530 10 42786 10 43043 9 43300 8 43557 7 43813 7 43946 11 44068 8 44200 16 44324 8 44456 20 44579 9 44711 23 44835 9 44967 29 45091 10 45200 2 45223 34 45348 9 45479 37 45605 8 45735 38 45862 6 45990 40 46246 40 46501 41 46756 42 47012 41 47267 42 47523 44 47779 45 48035 46 48291 47 48547 48 48711 4 48803 51 48966 10 49060 51 49221 13 49316 53 49475 16 49573 53 49730 17 49830 53 49985 18 50086 53 50241 18 50342 54 50496 19 50598 54 50752 18 50854 53 51008 18 51110 53 51264 17 51366 51 51521 16 51622 49 51778 14 51878 44 52035 13 52134 44 52291 13 52390 43 52510 1 52549 11 52646 31 52682 6 52765 6 52808 8 52903 29 53020 8 53065 7 53159 29 53276 8 53322 6 53415 28 53532 9 53579 4 53672 27 53787 9 53928 27 54043 6 54185 25 54298 6 54442 23 54554 6 54700 21 54810 6 54958 18 55066 6 55214 18 55322 6 55471 16 55578 6 55728 15 55834 7 55984 14 56089 8 56242 11 56344 9 56500 7 56599 10 56853 12 57108 13 57364 13 57620 13 57876 13 58132 12 58389 10 58646 7 58903 5 63126 5 63382 6 63637 7 63893 7 64149 7 64405 7 64568 2 64661 9 64823 4 64918 10 65078 6 65174 11 65335 4 65432 8
000047,0 65536
000048, 
000049, 
000050, 
000051,13 29 55 5 156 11 238 7 269 30 311 5 399 4 408 15 493 9 524 31 566 6 654 26 749 9 780 30 822 6 910 27 1005 9 1035 31 1077 7 1165 29 1260 10 1291 31 1333 7 1421 31 1516 10 1547 31 1588 8 1677 32 1772 11 1803 31 1844 8 1933 32 2028 11 2060 30 2100 7 2189 32 2285 10 2317 28 2357 6 2445 32 2541 10 2575 26 2614 5 2701 32 2798 9 2831 15 2849 7 2871 3 2957 32 3055 8 3087 15 3213 32 3313 5 3343 15 3469 31 3570 3 3598 17 3725 31 3854 16 3981 30 4109 17 4238 28 4364 18 4499 23 4620 18 4757 20 4875 23 5014 18 5131 25 5271 17 5387 26 5423 4 5528 16 5643 27 5678 6 5784 15 5899 28 5934 7 6042 13 6155 30 6190 7 6299 11 6411 32 6447 5 6555 9 6668 31 6812 6 6924 32 7069 3 7181 31 7438 30 7695 30 7951 30 8207 13 8221 17 8453 1 8463 11 8478 17 8708 3 8719 9 8734 17 8964 3 8976 7 8990 18 9220 3 9234 4 9246 19 9476 4 9502 19 9731 5 9759 18 9984 9 10016 17 10240 9 10273 16 10496 9 10530 15 10752 8 10778 2 10786 15 10855 2 11008 7 11033 3 11043 14 11110 5 11264 6 11287 5 11300 12 11365 9 11520 6 11542 6 11558 9 11621 9 11641 1 11776 6 11792 12 11815 8 11876 24 12032 11 12047 13 12072 6 12132 25 12288 29 12329 4 12388 26 12544 29 12586 2 12644 27 12800 30 12900 27 13056 31 13156 28 13312 31 13412 28 13568 31 13668 29 13824 32 13924 30 14080 32 14180 31 14336 32 14436 32 14592 32 14692 31 14848 33 14948 31 15104 34 15204 30 15360 35 15460 30 15616 36 15718 28 15872 40 15975 28 16128 41 16231 29 16384 42 16487 29 16640 42 16742 31 16896 42 16997 32 17152 42 17252 33 17408 43 17507 34 17664 43 17762 35 17920 43 18018 34 18176 44 18274 34 18432 44 18530 35 18688 17 18706 26 18785 35 18944 16 18962 26 19041 35 19200 16 19218 26 19296 36 19456 16 19474 26 19542 46 19712 44 19797 47 19968 43 20053 47 20224 42 20309 47 20480 42 20565 47 20736 42 20821 47 20992 42 21078 45 21248 43 21334 45 21504 44 21591 43 21760 43 21846 44 22016 41 22102 43 22272 40 22358 43 22528 40 22614 43 22784 39 22870 43 23040 40 23126 43 23296 40 23383 41 23552 40 23639 41 23684 2 23808 41 23889 2 23895 40 23939 5 24064 41 24143 48 24195 6 24320 41 24398 48 24450 7 24576 40 24654 48 24706 8 24819 1 24832 40 24909 49 24962 9 25073 5 25088 40 25164 49 25218 9 25328 7 25344 40 25420 48 25474 10 25583 9 25597 43 25676 47 25730 10 25782 12 25836 60 25932 47 25986 10 26036 18 26091 61 26188 16 26206 28 26242 10 26290 22 26347 61 26444 16 26463 27 26499 9 26545 24 26603 61 26701 15 26719 25 26757 6 26800 26 26859 34 26896 24 26957 14 26975 20 27017 1 27026 3 27055 28 27115 34 27152 24 27213 14 27232 18 27280 6 27310 29 27371 34 27409 23 27468 15 27488 18 27535 8 27565 31 27627 34 27666 21 27709 5 27724 16 27745 17 27790 15 27821 32 27883 34 27923 18 27964 7 27980 16 28001 18 28046 16 28077 32 28135 1 28138 35 28179 16 28219 9 28237 15 28257 17 28301 18 28333 32 28383 33 28421 8 28436 14 28475 9 28493 15 28513 17 28552 24 28589 33 28638 34 28678 6 28692 13 28730 11 28749 14 28769 16 28806 26 28845 33 28893 35 28934 6 28949 12 28986 11 29005 14 29025 15 29061 27 29101 33 29149 35 29191 5 29206 10 29241 12 29261 13 29281 15 29316 29 29357 33 29402 38 29448 3 29462 9 29497 12 29518 11 29537 15 29572 29 29614 32 29657 18 29679 17 29719 7 29753 12 29794 14 29821 1 29827 30 29870 32 29913 4 29918 12 29936 16 29976 6 30009 12 30050 14 30075 6 30082 30 30126 31 30170 1 30177 8 30192 16 30232 4 30265 12 30306 13 30330 38 30382 31 30436 2 30449 15 30521 12 30562 13 30586 38 30638 30 30706 14 30777 11 30818 13 30841 39 30894 30 30963 13 31032 13 31074 12 31096 40 31149 29 31220 12 31287 15 31330 11 31352 40 31405 29 31476 12 31543 16 31586 10 31608 39 31661 29 31733 11 31798 18 31842 8 31863 40 31917 29 31990 10 32054 19 32099 5 32119 39 32173 30 32248 8 32308 22 32375 39 32429 30 32506 6 32562 25 32631 38 32686 29 32734 4 32762 6 32816 26 32886 38 32942 29 32989 6 33019 5 33069 24 33142 37 33199 27 33242 10 33275 5 33323 25 33398 36 33456 25 33496 14 33515 7 33525 3 33530 6 33577 27 33654 36 33713 24 33750 18 33770 22 33832 28 33909 37 33970 22 34005 43 34088 29 34165 37 34226 22 34261 43 34344 29 34421 36 34483 21 34517 43 34600 30 34676 36 34739 21 34772 43 34856 29 34932 36 34995 21 35029 41 35113 28 35188 35 35242 2 35251 21 35285 41 35370 27 35443 36 35496 6 35507 21 35541 41 35626 27 35699 36 35751 7 35763 21 35797 42 35882 27 35955 36 36006 9 36020 20 36052 44 36137 29 36211 36 36261 11 36277 19 36308 44 36388 37 36468 35 36517 11 36534 17 36565 43 36643 39 36726 33 36772 13 36821 43 36898 40 36984 31 37028 13 37077 43 37154 40 37242 28 37285 12 37332 21 37356 20 37410 40 37499 26 37542 12 37586 23 37613 19 37666 40 37756 24 37800 10 37841 24 37870 17 37922 40 38013 22 38057 10 38095 27 38127 16 38177 41 38287 2 38314 9 38350 28 38385 14 38432 42 38570 10 38606 29 38642 13 38687 43 38827 9 38862 30 38899 12 38943 36 38981 5 39084 7 39117 31 39156 11 39198 36 39237 4 39341 5 39373 31 39412 11 39454 36 39493 5 39629 32 39669 8 39709 37 39750 5 39885 32 39927 3 39965 37 40006 6 40141 32 40222 36 40262 7 40397 32 40478 36 40517 8 40653 32 40734 47 40908 32 40989 47 41164 31 41245 47 41420 30 41500 47 41675 29 41757 46 41931 29 42013 46 42187 28 42269 46 42444 27 42525 46 42700 27 42781 45 42956 27 43037 45 43212 27 43293 44 43468 27 43550 42 43724 27 43806 42 43980 27 44063 40 44237 25 44319 39 44493 24 44576 33 44750 7 44766 3 44833 30 45007 5 45090 28 45265 1 45345 28 45601 28 45857 26 46113 25 46369 25 46625 24 46881 24 47137 24 47354 5 47392 24 47609 7 47648 23 47864 8 47905 7 47915 11 48120 8 48173 8 48376 8 48409 2 48429 7 48632 8 48661 8 48685 6 48888 8 48916 9 48940 8 49144 8 49172 10 49196 8 49400 8 49428 10 49452 8 49656 8 49685 9 49708 7 49912 8 49942 8 49965 5 50168 8 50200 6 50424 8 50457 5 50681 7 50715 2 50937 7 51194 6 51451 5 51709 2 56417 3 56671 6 56926 8 57182 9 57437 11 57693 12 57948 14 58199 20 58453 24 58709 25 58964 27 59219 29 59474 30 59730 32 59985 34 60241 36 60424 5 60496 37 60679 11 60752 38 60934 14 61008 39 61189 17 61265 39 61441 22 61521 39 61696 24 61778 39 61952 26 62035 38 62208 26 62291 38 62464 27 62548 36 62720 27 62804 36 62976 27 63060 36 63232 28 63315 36 63488 28 63571 35 63749 24 63827 35 64006 23 64082 35 64263 23 64339 34 64520 22 64595 34 64776 21 64851 34 65028 25 65108 32 65286 22 65365 31
000052,0 65536
000053,0 65535
000054,0 65536
000055,0 65536
000056,0 65536
000057,0 65536
000058,0 65536
000059,0 65536
000060, 
000061,0 65536
000062, 
000063, 
000064,0 65536
000065, 
000066,55574 5 55829 8 56084 10 56339 12 56592 15 56848 15 57105 13 57362 11 57622 5
000067,0 65536
000068,0 65536
000069,0 65536
000070,0 65536
000071, 
000072,0 65536
000073,0 65536
000074,0 65536
000075,0 65536
000076,0 65536
000077,98 54 354 54 609 56 864 57 1119 58 1375 58 1630 59 1886 59 2141 59 2397 59 2653 59 2909 59 3165 59 3416 65 3671 67 3926 72 4182 75 4438 77 4694 79 4951 84 5208 84 5464 85 5721 84 5977 5 5984 76 6234 2 6243 73 6500 71 6757 69 6905 1 7014 67 7160 2 7270 66 7414 3 7527 65 7783 64 7918 4 7927 3 8039 64 8171 9 8182 6 8295 64 8426 19 8551 64 8681 23 8807 64 8938 22 9063 63 9195 21 9319 63 9452 20 9575 63 9708 20 9831 63 9964 20 10087 62 10220 20 10341 64 10475 21 10594 66 10730 22 10846 70 10980 28 11101 71 11235 29 11356 71 11492 28 11612 68 11750 26 11867 68 12008 24 12122 68 12265 23 12378 68 12505 2 12521 23 12633 69 12759 5 12777 23 12887 70 13015 5 13033 23 13142 71 13271 5 13289 23 13397 71 13528 5 13539 29 13652 70 13783 41 13907 71 14038 42 14163 73 14294 42 14410 2 14418 74 14549 43 14665 3 14671 77 14804 44 14922 1 14926 78 15059 45 15181 79 15314 46 15437 79 15570 46 15693 79 15826 46 15949 78 16083 45 16206 77 16340 44 16462 76 16598 42 16719 74 16842 6 16855 41 16975 73 17097 7 17110 42 17231 72 17352 9 17366 42 17486 73 17608 10 17622 42 17742 73 17864 11 17878 42 17998 75 18120 56 18253 78 18376 56 18509 80 18631 57 18765 81 18852 3 18887 57 19022 65 19088 14 19106 6 19143 57 19278 21 19306 34 19344 14 19362 6 19399 57 19534 19 19564 31 19600 14 19619 4 19655 57 19791 17 19821 29 19857 13 19912 56 20047 17 20077 28 20113 13 20167 57 20304 15 20334 25 20368 13 20417 63 20560 15 20591 14 20607 7 20624 13 20673 63 20817 14 20848 11 20865 3 20880 13 20929 63 21074 13 21104 9 21137 12 21185 63 21331 11 21361 6 21394 10 21441 63 21588 9 21619 1 21652 8 21698 62 21846 3 21909 6 21954 62 22166 3 22210 62 22467 66 22695 4 22722 75 22950 7 22978 76 23204 12 23229 81 23459 21 23482 84 23576 3 23715 107 23831 4 23970 109 24087 5 24226 109 24342 5 24482 110 24598 5 24737 112 24854 6 24993 112 25110 6 25249 112 25367 6 25505 113 25622 8 25760 127 26016 127 26272 127 26528 127 26784 88 26874 37 27040 85 27132 35 27297 83 27389 34 27553 81 27645 34 27809 81 27901 34 28064 83 28160 31 28319 84 28416 31 28574 86 28672 30 28830 86 28928 29 29086 86 29184 28 29341 86 29440 26 29597 86 29696 25 29853 85 29952 17 29971 4 30109 85 30208 13 30365 85 30464 12 30620 84 30720 11 30811 3 30875 80 30976 7 31066 5 31131 78 31232 6 31322 5 31387 77 31488 5 31578 5 31643 76 31744 5 31900 73 32000 4 32157 71 32256 3 32413 71 32512 2 32669 70 32925 70 33018 1 33180 71 33272 4 33436 71 33527 5 33658 4 33686 76 33782 6 33913 6 33940 78 34038 3 34167 9 34194 80 34422 11 34449 80 34557 2 34677 13 34704 81 34811 5 34932 16 34959 82 35066 6 35186 19 35214 64 35281 17 35309 1 35320 8 35441 22 35470 63 35540 16 35562 7 35574 10 35697 23 35726 62 35798 28 35829 11 35953 24 35981 63 36055 41 36209 24 36237 63 36311 41 36466 24 36492 64 36567 41 36723 89 36823 41 36979 5 36985 84 37079 41 37221 4 37243 91 37336 40 37476 7 37502 90 37596 36 37732 8 37760 88 37854 34 37987 10 38018 87 38110 34 38242 12 38274 88 38366 34 38498 12 38529 92 38622 34 38754 12 38784 128 39010 11 39039 129 39266 11 39295 129 39523 10 39551 128 39780 8 39807 125 40036 5 40063 124 40293 2 40319 123 40574 124 40829 125 41084 125 41340 114 41458 6 41596 112 41852 111 42108 112 42364 116 42620 117 42876 118 43132 118 43388 119 43644 119 43900 92 43995 24 44155 92 44252 23 44411 92 44508 23 44667 91 44765 22 44923 90 45021 22 45179 89 45278 10 45291 7 45435 88 45535 7 45549 5 45691 86 45792 4 45947 85 46204 83 46460 82 46716 82 46973 39 47014 40 47229 39 47271 11 47286 25 47486 38 47528 9 47544 23 47743 38 47784 6 47802 21 48001 44 48062 2 48065 14 48258 42 48323 7 48514 42 48769 50 49025 51 49281 52 49338 2 49536 53 49593 5 49793 51 49848 6 50049 52 50102 9 50305 62 50562 62 50819 61 51075 61 51332 61 51588 63 51844 66 51962 5 52084 3 52100 68 52212 12 52325 20 52356 69 52429 3 52464 16 52579 23 52612 77 52719 17 52834 29 52868 78 52972 20 53090 30 53123 79 53227 21 53345 113 53483 21 53594 5 53601 113 53739 21 53849 121 53994 22 54104 122 54250 22 54358 123 54506 22 54613 124 54762 22 54868 125 55018 22 55122 127 55274 22 55376 113 55495 9 55530 22 55631 112 55752 2 55787 21 55884 109 55996 1 56008 4 56044 20 56139 110 56262 8 56301 19 56394 111 56516 11 56562 14 56648 112 56768 15 56819 13 56902 114 57023 19 57077 11 57157 113 57279 18 57334 10 57412 113 57535 18 57591 9 57667 114 57790 19 57848 8 57923 113 58045 20 58104 8 58178 114 58300 21 58361 7 58433 115 58557 19 58618 3 58688 117 58813 19 58943 118 59070 17 59199 119 59327 16 59455 122 59584 14 59711 123 59843 11 59967 123 60101 7 60225 121 60487 116 60744 115 61002 113 61260 111 61520 107 61778 104 62036 102 62297 96 62555 94 62812 93 63069 91 63325 91 63582 88 63840 85 64098 80 64355 78 64611 78 64868 77 65125 76 65382 45 65430 27
000078,0 65536
000079,29 61 285 61 541 61 797 61 1054 61 1311 61 1567 61 1824 61 2080 60 2336 60 2592 59 2848 58 3104 56 3328 9 3361 54 3584 11 3618 9 3628 41 3840 12 3876 2 3880 1 3884 39 4096 13 4114 4 4120 2 4140 38 4352 30 4393 40 4608 34 4647 42 4864 80 5120 44 5166 34 5376 45 5424 24 5451 4 5632 46 5684 18 5888 46 5941 16 6144 47 6197 15 6400 47 6453 16 6656 47 6709 16 6912 48 6965 17 7168 48 7221 17 7424 49 7477 16 7680 49 7733 16 7936 50 7989 15 8192 67 8448 58 8704 56 8960 56 9216 56 9472 56 9728 55 9984 53 10240 52 10496 50 10752 48 11008 47 11264 46 11521 44 11778 43 12034 42 12290 42 12546 41 12803 39 13059 39 13315 38 13568 42 13824 42 14080 44 14336 45 14592 46 14848 46 15104 46 15360 46 15616 45 15872 11 15885 32 16128 10 16141 32 16384 10 16398 31 16640 9 16655 31 16896 8 16911 12 16924 18 17152 6 17168 30 17408 5 17424 30 17664 4 17681 28 17920 3 17939 26 18176 2 18196 25 18452 25 18708 24 18944 7 18964 23 19200 8 19220 22 19456 9 19477 20 19712 11 19734 18 19968 13 19991 8 20001 6 20224 16 20242 1 20248 6 20480 19 20506 1 20736 19 20992 19 21248 20 21504 21 21760 22 22016 23 22272 24 22528 24 22784 24 23040 25 23296 25 23552 25 23808 26 24064 27 24320 28 24576 29 24832 30 25058 5 25088 30 25314 8 25344 30 25570 9 25600 31 25656 11 25826 10 25856 31 25907 17 26082 10 26112 31 26154 27 26339 9 26368 32 26409 28 26595 10 26624 33 26664 29 26850 11 26880 69 27106 10 27136 69 27362 9 27392 69 27553 1 27618 4 27648 69 27808 3 27904 70 28063 4 28074 6 28160 72 28319 4 28328 9 28416 72 28574 5 28583 10 28672 72 28829 21 28928 72 29085 21 29184 72 29341 21 29440 72 29596 22 29696 72 29851 23 29952 72 30106 24 30208 73 30362 24 30464 73 30617 25 30720 73 30873 25 30976 72 31129 25 31232 65 31386 24 31488 64 31642 25 31679 5 31744 64 31898 28 31935 7 32000 64 32154 30 32190 10 32256 64 32410 32 32444 13 32512 40 32553 23 32667 4 32672 27 32700 13 32768 39 32813 19 32929 41 33024 38 33071 17 33184 43 33280 37 33331 11 33440 44 33536 36 33590 8 33695 45 33792 35 33846 8 33951 46 34048 34 34103 6 34207 46 34304 26 34333 4 34360 4 34462 47 34560 24 34599 3 34718 48 34816 24 34852 7 34974 48 35072 24 35106 9 35230 48 35328 26 35359 12 35485 49 35584 43 35741 48 35840 43 35997 48 36096 42 36253 47 36352 42 36510 46 36608 42 36766 45 36864 42 37022 45 37120 42 37278 44 37376 41 37534 43 37632 40 37790 43 37888 38 38046 43 38144 35 38303 41 38401 30 38559 41 38614 5 38659 9 38672 12 38796 2 38816 40 38868 8 38931 8 39051 4 39072 40 39124 9 39188 6 39306 6 39328 39 39379 10 39445 3 39562 6 39584 40 39634 11 39817 8 39840 43 39889 12 40073 8 40096 47 40144 13 40328 9 40352 61 40583 10 40608 60 40838 11 40865 58 41094 12 41121 57 41350 12 41378 53 41606 13 41634 50 41692 6 41862 13 41890 45 41946 9 42118 14 42146 42 42202 9 42374 14 42403 40 42457 11 42631 13 42660 38 42713 11 42888 13 42919 34 42969 10 43145 12 43176 32 43225 10 43401 12 43432 30 43481 9 43658 12 43688 30 43737 8 43913 13 43944 29 43993 7 44134 3 44169 13 44200 24 44250 5 44390 5 44425 14 44457 22 44646 5 44681 14 44713 21 44901 9 44937 14 44969 21 45156 12 45193 14 45226 20 45412 14 45450 12 45482 19 45668 14 45706 12 45739 17 45924 14 45962 13 45995 16 46180 12 46219 12 46253 13 46436 11 46475 12 46511 9 46693 9 46732 11 46768 7 46951 6 46988 11 47027 2 47210 1 47244 11 47500 11 47756 11 48012 11 48268 11 48524 11 48780 10 49037 9 49294 6 49332 3 49552 2 49563 2 49584 9 49818 5 49839 11 50073 7 50094 13 50329 9 50348 15 50582 13 50602 18 50764 3 50836 17 50857 19 51019 5 51090 20 51111 22 51274 7 51347 42 51529 9 51603 38 51785 9 51859 36 52041 9 52115 35 52296 10 52371 35 52552 11 52627 35 52808 11 52883 35 53064 12 53139 35 53320 12 53395 35 53576 12 53651 35 53833 11 53907 36 54089 11 54162 36 54345 11 54418 36 54601 10 54674 36 54858 7 54931 35 55115 3 55188 34 55445 32 55708 1 55711 20 55969 17 56225 11 56481 9 56737 8 56994 7 57252 4 64883 3 65139 3
000080,58469 4 58724 6 58979 8 59235 8 59492 7 59748 7 60005 5
000081,0 65536
000082,0 115 245 126 501 126 757 22 782 101 1013 22 1038 101 1269 21 1294 100 1524 21 1550 99 1780 21 1808 96 2037 20 2066 94 2294 19 2323 93 2552 16 2580 57 2642 30 2809 15 2837 56 2898 30 3064 16 3094 56 3154 30 3320 16 3352 54 3410 31 3576 17 3609 51 3665 32 3827 23 3866 39 3908 5 3922 31 4081 26 4126 34 4178 31 4314 3 4336 16 4354 10 4383 32 4435 30 4570 4 4588 20 4613 9 4640 31 4692 29 4826 4 4843 21 4870 10 4896 31 4949 28 5083 2 5097 23 5127 10 5151 33 5206 26 5333 3 5351 25 5384 9 5406 36 5463 25 5587 7 5603 29 5639 10 5661 39 5705 2 5721 22 5842 10 5857 31 5895 10 5916 40 5960 4 5978 21 6097 13 6111 35 6152 9 6172 41 6216 4 6236 3 6240 10 6353 50 6408 9 6427 43 6471 6 6609 50 6666 7 6683 50 6864 51 6924 4 6939 51 7120 48 7169 2 7194 53 7376 48 7450 54 7632 48 7706 54 7885 51 7962 55 8140 52 8218 55 8395 53 8454 3 8474 55 8577 6 8650 54 8710 3 8730 55 8830 11 8905 55 8966 3 8986 55 9084 14 9161 55 9243 54 9339 16 9416 56 9499 53 9590 3 9594 18 9672 56 9756 53 9845 28 9928 56 10012 54 10100 30 10185 55 10267 59 10356 31 10441 55 10523 62 10599 4 10612 32 10697 55 10779 67 10853 8 10868 33 10951 57 11034 6 11042 63 11108 11 11123 35 11206 58 11290 6 11300 76 11378 38 11462 58 11545 6 11557 115 11718 58 11800 7 11814 115 11979 53 12055 8 12070 115 12235 53 12311 7 12326 115 12497 47 12566 8 12583 114 12754 46 12818 17 12840 2 12845 108 13009 47 13073 20 13102 107 13264 48 13329 136 13520 48 13585 136 13776 48 13841 137 14032 48 14097 139 14288 6 14299 37 14352 141 14545 5 14556 36 14602 2 14608 141 14803 1 14812 49 14863 143 15068 194 15324 194 15575 2 15579 103 15686 88 15830 106 15941 89 16086 200 16342 199 16599 196 16856 193 17113 190 17369 190 17625 191 17881 187 18069 3 18137 186 18326 2 18390 3 18394 121 18518 61 18654 107 18774 61 18910 106 19031 59 19166 34 19201 70 19286 60 19420 36 19457 70 19542 60 19676 36 19714 69 19798 61 19931 37 19970 70 20054 61 20187 37 20226 71 20310 61 20444 36 20482 72 20566 61 20700 36 20737 73 20822 61 20955 37 20993 6 21001 66 21079 60 21210 38 21250 4 21257 66 21337 58 21464 40 21513 66 21594 57 21718 42 21769 66 21851 33 21886 2 21893 13 21973 43 22024 68 22107 34 22150 11 22229 43 22280 68 22364 35 22407 6 22485 43 22536 69 22621 35 22741 43 22792 69 22877 35 22997 43 23049 68 23133 35 23252 44 23306 68 23390 34 23508 44 23563 68 23645 35 23758 50 23819 69 23901 35 24012 52 24075 70 24157 35 24268 52 24332 70 24412 35 24524 52 24589 70 24668 35 24780 52 24844 72 24924 35 25036 52 25100 73 25180 34 25294 50 25356 73 25436 34 25551 49 25612 74 25692 34 25808 48 25868 75 25948 34 26064 48 26125 75 26204 35 26321 47 26381 75 26461 37 26577 8 26588 36 26638 75 26718 39 26834 5 26846 34 26894 76 26974 40 27090 4 27103 33 27150 76 27230 41 27346 3 27360 32 27407 76 27486 41 27616 32 27663 76 27743 40 27873 31 27919 76 27999 40 28129 31 28176 75 28256 39 28386 30 28433 75 28512 39 28643 29 28692 71 28769 38 28900 28 28948 69 29025 38 29157 27 29204 69 29282 37 29416 24 29460 70 29538 36 29674 22 29716 70 29795 35 29930 22 29972 70 30052 34 30186 22 30228 70 30314 28 30442 22 30485 68 30572 26 30697 23 30741 68 30830 23 30953 23 30997 66 31088 20 31209 23 31254 62 31346 17 31465 23 31510 57 31603 15 31721 23 31767 54 31860 12 31977 23 32023 51 32117 8 32233 23 32279 51 32357 6 32374 4 32489 23 32535 51 32612 9 32746 22 32791 51 32867 11 33002 22 33047 51 33122 12 33259 21 33303 48 33352 1 33378 12 33515 21 33559 45 33634 13 33772 20 33815 43 33889 15 34028 20 34071 42 34145 16 34285 19 34327 41 34401 16 34542 18 34583 41 34658 15 34800 9 34838 43 34914 15 35057 7 35093 44 35171 13 35349 43 35427 12 35605 43 35684 9 35862 41 35940 6 36118 40 36198 3 36375 37 36632 33 36890 2 36898 23 37156 21 37413 21 37670 20 37926 20 38183 19 38440 16 38698 13 38956 10 39213 8 39471 6 39728 4 51297 4 51552 8 51808 9 52063 11 52319 11 52574 13 52830 13 52855 5 53085 15 53110 10 53340 16 53366 11 53594 18 53621 13 53709 5 53848 20 53877 14 53963 8 54102 23 54132 17 54217 11 54358 24 54387 22 54470 14 54535 4 54613 26 54642 24 54721 19 54790 6 54868 28 54897 25 54976 20 55045 8 55116 2 55123 29 55153 26 55232 19 55301 9 55372 3 55378 57 55488 19 55556 11 55628 3 55634 57 55744 19 55808 15 55884 3 55889 57 56000 19 56064 15 56141 1 56145 58 56256 18 56320 16 56402 57 56512 18 56576 17 56658 58 56768 17 56832 19 56915 58 57024 16 57088 21 57173 16 57190 40 57281 13 57344 22 57431 12 57446 41 57538 9 57600 23 57688 10 57701 42 57794 8 57856 25 57944 9 57955 45 58051 6 58112 27 58196 62 58368 28 58451 65 58624 28 58706 68 58880 28 58962 69 59136 28 59217 76 59392 27 59473 77 59648 27 59727 80 59814 2 59904 26 59981 82 60070 3 60160 25 60221 4 60235 85 60325 5 60416 19 60436 2 60477 5 60490 87 60579 12 60672 18 60733 5 60745 102 60928 18 60984 2 60990 5 60999 105 61184 18 61239 4 61246 114 61440 18 61478 5 61495 5 61502 114 61696 18 61734 5 61751 6 61759 1 61762 110 61952 19 61989 7 62007 5 62018 110 62208 20 62246 7 62263 5 62273 110 62464 20 62503 7 62519 4 62528 111 62720 21 62760 7 62771 9 62784 111 62976 23 63016 21 63038 113 63165 3 63232 28 63272 135 63416 10 63488 29 63528 135 63672 13 63744 30 63785 134 63930 11 64000 30 64043 133 64187 10 64256 30 64301 131 64443 11 64464 2 64512 29 64558 130 64699 11 64719 4 64768 26 64815 130 64955 11 64976 3 65024 24 65072 129 65211 11 65232 3 65280 23 65329 128 65468 9
000083,0 65536
000084,0 65536
000085,61390 4 61645 6 61899 8 62154 10 62410 9 62666 9 62923 7
000086, 
000087,0 65536
000088,0 65536
000089,2 17 63 16 89 47 231 45 319 16 344 48 487 46 576 14 600 48 742 49 824 4 832 13 855 49 913 5 998 55 1072 29 1110 51 1168 8 1255 56 1326 31 1365 52 1423 10 1511 58 1581 33 1620 54 1677 12 1767 60 1836 37 1874 72 2023 61 2091 111 2280 60 2346 113 2536 60 2599 116 2792 60 2855 117 3048 60 3112 116 3304 59 3368 116 3559 60 3625 115 3815 59 3881 116 4070 60 4137 116 4325 61 4393 116 4579 64 4649 116 4834 66 4905 116 5090 67 5161 116 5346 68 5417 117 5602 188 5858 189 6048 1 6114 196 6369 197 6624 198 6879 198 7134 197 7390 195 7645 196 7899 198 8155 199 8410 200 8667 199 8923 199 9179 190 9372 6 9434 190 9630 3 9690 34 9725 152 9946 33 9982 149 10202 32 10237 149 10458 27 10493 149 10713 27 10748 150 10969 27 11004 150 11224 27 11259 152 11480 27 11515 152 11736 28 11770 152 11992 29 12026 151 12248 30 12281 150 12505 30 12537 145 12761 175 13018 170 13238 4 13274 47 13325 115 13450 3 13492 9 13507 4 13530 47 13584 109 13705 5 13748 11 13762 9 13785 47 13842 106 13960 6 14004 25 14039 48 14099 103 14216 7 14260 26 14294 47 14355 101 14472 7 14516 26 14549 43 14611 101 14729 7 14772 27 14804 12 14818 30 14867 12 14884 83 14985 7 15006 3 15028 44 15078 26 15123 10 15141 59 15205 16 15241 7 15261 5 15283 45 15338 22 15379 9 15398 56 15463 9 15498 6 15517 5 15538 46 15599 17 15635 8 15655 6 15664 45 15720 7 15755 4 15773 5 15792 48 15854 18 15892 6 15912 4 15921 42 15977 5 16029 5 16047 49 16110 18 16177 41 16234 3 16287 1 16303 49 16366 18 16434 40 16489 4 16559 49 16622 18 16690 39 16745 4 16815 50 16879 17 16947 38 17000 5 17071 50 17135 17 17203 37 17256 5 17328 50 17393 15 17460 36 17512 5 17585 49 17650 14 17717 34 17768 5 17842 49 17908 12 17972 34 18025 3 18099 48 18165 11 18227 35 18356 47 18421 11 18483 37 18550 4 18612 46 18677 11 18738 40 18805 5 18868 46 18933 11 18994 41 19061 6 19124 44 19189 11 19250 41 19316 7 19380 43 19446 10 19506 41 19571 8 19636 42 19702 6 19709 2 19761 42 19827 8 19892 41 20017 42 20083 8 20148 40 20273 41 20338 10 20405 38 20529 34 20594 10 20661 29 20747 7 20785 29 20850 10 20918 28 21001 10 21041 28 21106 9 21174 28 21256 11 21297 28 21362 9 21431 27 21511 12 21551 30 21619 7 21687 28 21758 2 21767 12 21807 29 21942 33 22013 3 22023 13 22062 29 22196 37 22267 5 22279 13 22318 28 22451 39 22522 6 22534 15 22574 7 22582 13 22703 44 22777 7 22790 17 22814 4 22831 4 22841 8 22957 46 23033 7 23046 29 23098 6 23211 48 23288 8 23301 30 23355 3 23467 48 23544 8 23557 31 23722 49 23800 8 23813 31 23978 49 24055 9 24069 31 24234 49 24311 9 24325 31 24489 50 24567 9 24582 29 24745 50 24823 9 24838 29 24989 6 25000 51 25078 10 25094 29 25243 65 25329 15 25350 29 25499 66 25583 17 25607 28 25755 67 25838 18 25863 28 26011 67 26094 18 26119 29 26267 68 26350 18 26374 31 26523 68 26607 17 26629 32 26779 68 26864 16 26885 32 27016 5 27033 70 27121 15 27141 32 27271 10 27288 71 27379 13 27397 31 27526 89 27638 10 27653 31 27720 1 27781 91 27897 7 27909 31 27974 5 28036 92 28154 6 28166 3 28172 23 28228 7 28291 92 28411 5 28428 23 28483 8 28546 93 28667 5 28684 23 28738 10 28802 93 28923 5 28940 23 28994 10 29058 93 29180 4 29196 22 29249 12 29313 94 29436 4 29453 21 29505 12 29569 93 29692 4 29710 19 29761 13 29825 92 29948 4 29967 18 30017 13 30081 91 30204 4 30226 14 30273 12 30337 89 30460 4 30485 9 30530 11 30586 3 30592 89 30716 4 30742 8 30786 11 30840 96 30972 4 31000 5 31043 10 31095 97 31229 3 31302 7 31349 99 31559 5 31603 101 31816 4 31857 103 32113 103 32368 104 32622 105 32877 106 33133 106 33390 105 33647 103 33883 5 33903 103 34138 8 34159 103 34393 13 34415 102 34648 20 34670 103 34903 126 35158 127 35412 123 35537 4 35667 124 35922 125 36177 126 36433 126 36689 127 36945 127 37200 128 37456 128 37713 110 37827 13 37969 109 38091 4 38225 109 38481 107 38736 107 38991 107 39246 88 39336 18 39501 87 39594 15 39756 87 39851 14 40009 90 40110 10 40264 91 40368 7 40519 92 40775 91 41030 92 41286 91 41542 90 41797 91 42053 91 42304 96 42559 66 42628 29 42815 64 42885 28 43071 62 43141 28 43326 57 43397 28 43582 56 43652 29 43838 55 43907 29 44095 53 44162 29 44351 53 44418 28 44608 50 44673 28 44865 45 44929 28 45121 44 45185 27 45378 43 45441 26 45634 42 45687 3 45697 25 45890 42 45942 5 45952 25 46147 40 46198 6 46208 20 46406 36 46454 6 46464 20 46663 34 46710 7 46719 21 46920 31 46966 30 47178 11 47190 6 47201 1 47222 30 47435 7 47448 3 47478 30 47618 5 47734 30 47872 8 47990 30 48128 8 48160 5 48246 30 48384 8 48414 8 48431 16 48503 29 48640 8 48669 10 48685 19 48759 29 48896 8 48924 37 49016 29 49152 8 49179 39 49272 29 49408 8 49434 40 49529 28 49664 8 49688 42 49786 27 49920 8 49942 44 50043 26 50176 7 50197 46 50300 24 50432 7 50453 46 50558 22 50688 7 50709 46 50817 18 50944 8 50965 46 51074 16 51200 8 51220 47 51332 11 51456 8 51467 57 51712 69 51899 5 51968 70 52154 6 52224 72 52409 8 52480 74 52664 9 52736 77 52919 11 52992 78 53175 11 53248 79 53431 12 53504 79 53687 12 53710 4 53760 80 53943 14 53965 6 54016 80 54198 21 54220 12 54272 81 54454 38 54528 81 54709 40 54784 82 54964 41 55040 82 55220 41 55296 81 55476 41 55552 73 55626 5 55644 3 55732 41 55808 73 55899 5 55988 41 56064 73 56154 7 56244 41 56320 74 56409 9 56428 11 56500 41 56576 74 56665 11 56678 18 56757 39 56832 75 56920 33 57014 38 57088 77 57176 33 57271 37 57344 78 57432 33 57528 35 57600 79 57688 33 57784 36 57838 2 57856 79 57944 32 58039 38 58092 6 58112 80 58200 32 58295 39 58348 7 58368 80 58456 31 58550 28 58582 10 58593 1 58603 9 58624 81 58712 30 58806 28 58838 15 58857 13 58880 82 58968 30 59062 28 59095 32 59136 82 59224 29 59318 66 59392 82 59480 29 59574 66 59648 83 59736 30 59831 65 59904 83 59992 30 60087 66 60160 82 60247 32 60344 65 60416 82 60503 33 60601 65 60672 81 60758 38 60858 64 60928 80 61014 39 61115 63 61184 80 61270 40 61371 63 61440 80 61526 42 61628 61 61696 81 61782 43 61865 7 61886 60 61952 82 62038 44 62120 10 62144 58 62208 83 62295 44 62375 12 62399 59 62464 83 62551 45 62630 14 62653 61 62720 84 62808 44 62886 16 62907 63 62976 17 62996 64 63068 1 63073 36 63142 84 63232 16 63252 64 63329 36 63398 84 63488 15 63509 63 63584 37 63653 76 63735 2 63744 14 63765 63 63833 48 63909 76 64000 14 64021 63 64088 51 64165 76 64256 14 64277 119 64420 78 64512 12 64533 119 64676 78 64768 11 64789 120 64932 79 65024 10 65044 122 65188 79 65280 9 65301 121 65444 79
000090, 
000091, 
000092,0 65536
000093,0 65536
000094,0 65536
000095,0 65536
000096,0 65536
000097, 
000098,250 6 506 6 762 6 1018 6 1274 6 1530 6 1786 6 2042 6 2298 6 2554 6 2810 6 3066 6 3322 6 3578 6 3834 6 4090 6 4346 6 4602 6 4857 7 5113 7 5370 6 5626 6 5882 6 6138 6 6395 5 6651 5 6907 4 7163 3 7419 3 7675 2 7930 3 8187 2
000099,28 29 71 23 98 16 151 6 160 14 183 73 284 29 327 23 352 18 408 5 416 14 439 73 540 28 583 43 664 4 672 12 695 73 796 28 839 44 920 3 929 6 950 74 1051 14 1066 14 1096 43 1174 5 1185 3 1206 74 1307 13 1323 13 1353 9 1366 29 1427 9 1442 1 1461 37 1504 32 1562 14 1580 12 1610 7 1620 32 1682 10 1717 12 1732 22 1761 31 1818 13 1837 11 1866 7 1875 33 1937 12 1973 11 1993 17 2018 30 2074 13 2094 9 2123 41 2192 13 2229 10 2250 15 2274 30 2330 12 2355 3 2380 39 2448 14 2485 9 2507 14 2531 29 2586 11 2636 38 2704 15 2741 8 2764 12 2788 28 2842 9 2892 38 2960 15 2998 6 3026 5 3045 27 3098 6 3148 38 3200 3 3217 17 3256 3 3284 1 3301 27 3354 5 3404 39 3455 5 3474 17 3558 26 3660 39 3710 6 3731 17 3814 26 3916 40 3966 7 3988 16 4070 26 4171 42 4222 7 4245 15 4326 26 4427 43 4477 8 4501 15 4582 26 4684 58 4757 15 4838 26 4918 3 4940 59 5013 14 5094 26 5172 7 5195 62 5261 3 5269 12 5351 25 5428 9 5450 71 5525 10 5608 24 5683 11 5706 71 5780 10 5864 24 5938 13 5961 72 6036 10 6057 2 6121 23 6194 13 6218 71 6292 9 6312 7 6326 3 6377 5 6385 15 6450 13 6477 68 6547 9 6567 9 6579 7 6605 4 6646 10 6706 12 6734 78 6823 20 6860 7 6903 9 6962 11 6991 76 7078 22 7116 8 7159 9 7219 5 7248 74 7334 22 7372 9 7415 9 7505 28 7540 37 7590 22 7629 8 7671 9 7763 23 7798 33 7846 23 7885 8 7927 9 8019 23 8058 25 8101 24 8141 8 8183 9 8276 21 8315 23 8356 25 8397 8 8439 9 8532 21 8572 21 8601 5 8608 28 8654 6 8695 9 8789 19 8829 19 8856 36 8910 5 8952 8 9045 11 9057 6 9086 18 9112 34 9207 9 9302 9 9315 3 9343 16 9367 32 9435 1 9456 13 9559 8 9599 14 9623 31 9689 5 9711 12 9728 7 9804 3 9816 7 9836 1 9855 10 9878 32 9945 9 9967 11 9984 9 10059 6 10072 8 10092 2 10111 9 10134 33 10201 10 10214 3 10223 11 10240 9 10315 7 10327 9 10349 1 10367 9 10390 33 10446 4 10457 11 10469 6 10479 11 10496 9 10571 7 10583 10 10605 2 10611 2 10623 9 10646 33 10692 1 10700 7 10714 18 10736 9 10752 9 10827 8 10838 12 10861 2 10865 5 10878 10 10903 32 10946 6 10955 9 10971 18 10992 9 11008 9 11083 24 11117 2 11121 6 11134 10 11159 32 11202 19 11228 3 11235 11 11248 9 11264 9 11339 31 11377 6 11390 11 11415 32 11457 21 11491 12 11505 8 11520 8 11595 33 11633 6 11646 11 11671 31 11713 21 11746 23 11776 7 11852 33 11890 5 11901 12 11927 31 11968 23 12002 24 12032 5 12109 4 12115 27 12147 3 12156 14 12183 31 12224 24 12258 24 12288 4 12372 26 12410 18 12438 31 12480 26 12514 23 12544 4 12628 26 12665 21 12694 31 12736 26 12770 23 12800 4 12885 24 12920 23 12949 33 12991 28 13025 24 13056 4 13142 23 13176 24 13205 35 13247 28 13281 23 13312 4 13354 4 13399 22 13432 24 13460 38 13502 29 13537 23 13568 4 13610 5 13656 21 13689 12 13702 10 13716 70 13794 21 13824 4 13866 6 13914 19 13946 9 13959 9 13971 71 14050 21 14080 4 14122 7 14172 19 14203 8 14215 10 14226 73 14307 19 14336 4 14378 8 14430 18 14459 7 14471 84 14563 19 14592 4 14634 8 14687 18 14716 5 14728 83 14818 20 14848 4 14890 9 14944 18 14972 4 14984 65 15050 17 15074 20 15104 4 15145 11 15201 17 15229 2 15240 62 15307 16 15330 20 15360 3 15401 11 15457 17 15496 11 15510 43 15563 15 15586 19 15656 13 15714 16 15751 12 15767 40 15820 13 15841 20 15912 13 15970 15 16007 12 16024 38 16076 7 16097 19 16168 13 16227 9 16238 2 16262 12 16280 38 16333 4 16353 18 16423 15 16484 5 16518 11 16537 36 16590 1 16610 17 16680 14 16774 10 16793 35 16866 18 16902 4 16918 2 16938 12 17030 9 17049 34 17122 19 17156 7 17173 3 17195 11 17287 7 17305 32 17378 21 17411 8 17429 3 17451 11 17543 6 17562 30 17623 5 17634 22 17666 9 17686 2 17705 13 17800 5 17819 29 17877 8 17889 23 17921 10 17960 14 18077 27 18130 13 18145 24 18176 11 18215 15 18285 2 18334 27 18384 41 18432 11 18471 15 18540 5 18590 22 18613 5 18637 44 18688 12 18705 5 18726 16 18795 8 18846 28 18892 45 18944 13 18959 9 18982 17 19051 10 19102 28 19148 45 19200 27 19238 18 19306 13 19358 28 19404 46 19456 28 19494 19 19562 16 19615 20 19636 5 19659 47 19712 29 19751 14 19766 4 19817 19 19872 18 19893 4 19915 47 19968 29 20007 13 20023 3 20072 20 20130 16 20171 47 20224 30 20264 10 20326 23 20387 15 20427 46 20480 31 20520 7 20580 26 20644 14 20682 45 20736 32 20776 10 20835 28 20901 13 20938 43 20992 33 21033 10 21052 5 21090 29 21158 12 21194 42 21248 33 21290 10 21308 6 21345 31 21414 12 21449 34 21484 8 21504 34 21547 10 21563 7 21600 33 21672 10 21705 32 21742 5 21760 34 21802 13 21818 10 21837 5 21855 35 21929 8 21961 14 21977 15 21998 4 22016 34 22058 27 22087 12 22110 37 22186 6 22217 12 22235 9 22272 35 22314 42 22365 39 22444 3 22474 11 22493 5 22528 35 22569 43 22615 46 22731 9 22784 134 22989 6 23040 134 23296 135 23552 135 23808 135 24064 135 24320 67 24390 64 24468 5 24576 66 24647 63 24720 11 24832 66 24903 63 24974 14 25088 65 25160 62 25230 14 25344 64 25417 61 25486 15 25600 62 25674 60 25742 15 25856 59 25930 59 25999 14 26112 58 26186 58 26256 12 26368 57 26442 58 26512 12 26624 56 26699 57 26769 11 26880 55 26955 57 27028 6 27138 52 27213 55 27395 50 27471 54 27659 41 27728 53 27917 39 27984 53 28175 37 28240 53 28432 36 28497 52 28689 36 28754 51 28946 35 29011 50 29202 35 29268 49 29361 5 29458 35 29525 48 29616 8 29715 34 29781 48 29871 10 29971 33 30036 48 30126 11 30228 32 30290 48 30382 12 30486 30 30544 49 30638 13 30743 29 30800 48 30894 13 31000 28 31055 36 31095 8 31150 13 31257 27 31311 35 31352 6 31405 15 31514 25 31566 34 31610 2 31661 15 31744 1 31772 22 31822 30 31916 17 32000 4 32029 20 32078 28 32172 18 32256 5 32286 6 32298 5 32334 25 32427 20 32459 4 32479 6 32512 6 32544 2 32590 25 32683 21 32712 7 32733 9 32768 6 32846 24 32938 22 32966 10 32982 16 33024 5 33102 24 33192 24 33222 11 33237 18 33280 5 33358 24 33448 24 33477 13 33491 20 33536 3 33613 25 33703 25 33732 36 33837 7 33869 28 33958 26 33988 37 34089 14 34125 31 34214 27 34242 40 34344 16 34381 33 34470 68 34543 1 34598 19 34637 34 34727 68 34798 3 34851 23 34893 35 34984 67 35054 3 35105 26 35150 35 35241 66 35311 1 35360 27 35395 5 35407 34 35498 65 35614 29 35650 7 35664 34 35754 66 35869 30 35905 9 35922 34 36010 66 36124 31 36161 9 36179 34 36266 67 36379 32 36416 10 36436 34 36523 66 36634 33 36672 11 36692 34 36779 66 36890 34 36926 18 36948 34 37035 67 37146 56 37204 34 37292 66 37401 93 37549 65 37657 93 37808 62 37913 58 37972 8 37987 19 38066 60 38170 57 38229 6 38243 18 38323 59 38426 57 38500 14 38580 8 38589 49 38682 57 38756 13 38837 6 38845 49 38938 57 39012 13 39095 2 39102 48 39194 58 39268 12 39358 48 39450 58 39525 10 39614 48 39706 58 39782 8 39870 48 39936 4 39945 9 39961 59 40039 4 40126 48 40192 19 40217 58 40382 49 40436 7 40448 20 40473 56 40638 63 40704 20 40729 54 40846 1 40894 64 40960 20 40986 53 41090 15 41150 65 41216 20 41242 52 41344 17 41406 86 41499 51 41599 19 41662 86 41756 49 41854 20 41917 87 42014 46 42109 21 42173 88 42274 40 42364 22 42430 42 42477 19 42497 20 42529 28 42560 8 42619 23 42686 40 42734 18 42754 19 42785 26 42816 7 42871 27 42943 39 42990 18 43011 18 43041 25 43073 6 43123 31 43200 38 43247 17 43268 17 43297 23 43330 3 43378 31 43457 36 43503 17 43524 9 43538 2 43553 20 43632 33 43729 20 43759 17 43780 10 43810 17 43885 35 43986 19 44015 17 44036 11 44053 1 44068 13 44139 37 44242 18 44270 18 44291 13 44307 8 44325 11 44390 42 44498 17 44525 19 44546 26 44581 11 44641 47 44754 16 44780 20 44801 27 44838 10 44896 49 45010 15 45035 50 45096 8 45151 51 45267 12 45291 50 45357 3 45407 52 45524 8 45547 50 45616 2 45662 58 45803 49 45872 2 45916 62 46058 49 46170 65 46314 49 46425 66 46570 48 46643 3 46658 2 46680 68 46797 2 46826 48 46898 6 46913 5 46935 68 47052 4 47082 48 47154 7 47170 5 47190 69 47308 5 47338 47 47410 8 47434 4 47446 69 47563 6 47593 23 47617 24 47667 7 47689 6 47701 70 47820 4 47849 23 47873 23 47924 6 47944 8 47956 71 48076 4 48105 47 48182 3 48200 9 48212 71 48360 48 48456 9 48468 71 48615 49 48710 11 48724 72 48870 50 48945 3 48962 90 49126 51 49181 6 49192 14 49216 92 49382 51 49436 8 49447 16 49471 94 49638 51 49691 9 49702 18 49726 95 49893 51 49948 8 49957 20 49981 97 50149 51 50205 6 50213 21 50237 98 50405 49 50470 121 50661 47 50726 122 50918 45 50982 123 51174 45 51237 125 51431 44 51493 127 51687 13 51702 30 51749 129 51945 8 51959 29 52006 130 52203 4 52215 30 52262 131 52432 4 52472 29 52518 131 52686 9 52728 29 52774 131 52940 13 52992 22 53029 132 53196 14 53248 22 53284 134 53451 17 53504 23 53540 134 53707 18 53760 23 53796 135 53955 27 54016 23 54052 136 54210 29 54272 24 54307 141 54466 29 54528 24 54563 142 54722 29 54784 24 54818 144 54978 29 55040 23 55073 146 55235 28 55296 23 55329 147 55491 28 55552 23 55585 149 55748 27 55811 20 55841 150 56004 28 56067 19 56097 151 56261 27 56293 5 56325 2 56332 10 56353 152 56518 26 56548 9 56588 9 56609 154 56776 25 56803 12 56818 5 56845 7 56865 155 57033 24 57058 22 57104 2 57121 156 57290 47 57377 162 57547 47 57633 165 57803 2 57810 42 57890 166 58067 43 58146 168 58324 14 58339 29 58402 168 58581 43 58658 167 58837 43 58901 5 58914 167 59092 44 59156 8 59166 170 59347 45 59411 99 59513 79 59603 45 59666 97 59771 76 59859 45 59922 94 60028 75 60115 45 60178 85 60284 75 60370 46 60435 80 60539 75 60624 48 60692 78 60795 74 60880 48 60948 78 61051 73 61136 48 61205 78 61306 66 61373 6 61393 47 61461 78 61552 2 61563 64 61650 46 61718 77 61797 15 61819 63 61906 46 61974 65 62040 29 62075 62 62162 46 62230 63 62296 30 62331 62 62398 3 62418 46 62486 12 62500 6 62509 39 62553 7 62561 22 62588 61 62654 4 62674 46 62742 10 62766 37 62810 4 62816 24 62844 61 62909 5 62930 46 62999 8 63022 36 63072 24 63102 61 63164 6 63185 47 63255 6 63278 35 63327 25 63359 66 63440 48 63535 29 63583 26 63617 59 63679 1 63696 48 63792 27 63839 26 63874 6 63885 47 63952 48 64049 25 64095 20 64118 3 64144 44 64208 48 64308 5 64316 13 64351 19 64402 42 64465 47 64564 5 64572 13 64606 19 64658 42 64721 49 64820 5 64828 13 64861 19 64915 40 64976 50 65076 5 65085 12 65117 19 65171 41 65232 48 65333 3 65341 12 65373 19 65428 39 65488 48
104502,0 6868 6869 255 7126 254 7382 254 7639 253 7894 57642
106940,0 65536
112782,0 65536
123643,0 65536
126000,0 65536
126135,0 1901 1905 252 2161 252 2417 252 2673 253 2928 254 3184 253 3440 253 3695 254 3951 254 4207 251 4465 248 4721 248 4978 246 5235 244 5493 241 5750 237 6011 232 6267 232 6523 231 6779 230 7035 230 7291 227 7547 226 7803 226 8059 226 8315 227 8571 227 8827 228 9084 160 9246 65 9340 159 9503 67 9596 159 9759 68 9853 156 10015 69 10109 156 10271 70 10365 154 10528 69 10621 154 10784 69 10877 154 11040 17 11059 50 11133 154 11296 15 11316 50 11389 48 11438 2 11443 101 11553 12 11573 10 11585 38 11645 51 11699 100 11809 10 11829 10 11841 40 11901 154 12067 6 12084 11 12099 38 12139 172 12340 11 12360 33 12394 173 12596 11 12617 103 12722 101 12852 11 12874 30 12906 69 12978 101 13108 9 13129 206 13364 9 13384 206 13621 8 13640 205 13882 2 13895 198 14151 197 14407 197 14661 199 14917 189 15107 9 15175 186 15364 8 15431 185 15622 5 15687 185 15879 2 15943 185 16129 1 16134 3 16197 189 16389 5 16454 197 16714 193 16972 191 17229 190 17485 191 17741 191 17998 190 18255 188 18511 188 18767 188 19024 186 19279 186 19535 184 19791 183 20046 183 20301 184 20528 1 20556 183 20811 117 20930 2 20933 61 21067 116 21189 59 21323 113 21444 60 21578 113 21699 61 21774 5 21833 109 21954 62 22017 1 22029 6 22081 2 22088 109 22209 68 22281 14 22335 6 22343 109 22466 88 22590 10 22601 107 22723 88 22845 11 22857 107 22981 88 23101 119 23237 90 23359 4 23364 112 23491 92 23615 1 23618 2 23621 111 23747 93 23871 10 23885 103 24005 91 24127 11 24141 103 24261 94 24383 118 24516 95 24640 117 24772 99 24897 118 25029 99 25153 119 25285 100 25409 120 25543 98 25665 120 25799 46 25847 52 25921 120 26058 42 26104 23 26128 28 26177 120 26315 40 26360 53 26432 120 26572 41 26617 24 26642 28 26687 121 26827 42 26873 19 26893 2 26900 28 26939 124 27081 15 27097 28 27129 19 27157 32 27194 123 27337 10 27355 24 27385 18 27404 1 27414 159 27593 10 27612 21 27643 16 27671 158 27848 11 27868 21 27899 15 27925 160 28103 13 28123 14 28138 1 28157 13 28181 161 28358 13 28379 11 28411 1 28413 12 28438 161 28604 6 28613 12 28635 6 28667 1 28669 12 28694 163 28858 23 28890 7 28925 11 28955 170 29127 9 29147 5 29183 8 29211 110 29323 58 29383 8 29405 3 29440 6 29471 105 29579 59 29640 7 29661 2 29696 6 29728 104 29835 58 29898 1 29901 2 29917 3 29951 8 29985 103 30091 58 30171 4 30206 9 30241 102 30347 58 30427 4 30461 10 30498 101 30603 63 30691 2 30715 12 30755 100 30858 65 30946 3 30970 10 31010 101 31113 66 31201 3 31224 11 31266 100 31367 69 31458 2 31479 12 31521 171 31735 12 31777 35 31815 1 31818 130 31990 14 32033 31 32074 130 32242 19 32289 30 32330 131 32496 22 32546 29 32587 130 32750 24 32803 28 32843 132 33005 24 33059 5 33069 16 33091 2 33097 2 33101 130 33260 25 33326 7 33335 5 33347 8 33356 131 33515 30 33582 7 33591 5 33602 141 33769 33 33838 14 33857 142 34024 34 34095 12 34113 147 34278 35 34353 10 34369 149 34533 33 34609 10 34625 150 34788 33 34849 2 34855 1 34863 12 34881 87 34969 62 35037 2 35043 36 35102 11 35114 17 35137 86 35227 52 35282 5 35293 2 35299 36 35357 30 35394 85 35484 51 35538 6 35550 1 35555 35 35612 33 35650 87 35740 51 35794 6 35811 34 35868 125 35996 52 36049 7 36066 34 36105 1 36124 58 36186 63 36252 39 36293 14 36309 2 36320 36 36380 57 36442 64 36509 37 36549 14 36565 2 36576 35 36615 2 36629 62 36698 65 36765 35 36808 7 36816 3 36822 2 36832 36 36871 2 36883 63 36954 65 37021 34 37064 7 37073 2 37077 4 37088 35 37136 65 37211 65 37277 23 37305 2 37333 7 37344 35 37387 1 37392 65 37467 87 37589 7 37600 35 37639 75 37723 86 37845 6 37855 36 37895 74 37979 86 38101 3 38106 1 38111 35 38151 6 38159 66 38237 86 38366 37 38408 5 38415 66 38494 85 38621 38 38665 72 38753 84 38876 40 38921 71 39009 86 39132 41 39177 71 39265 88 39356 1 39387 43 39431 73 39521 87 39611 3 39616 2 39643 116 39778 85 39868 1 39871 3 39887 2 39900 44 39946 69 40033 86 40127 2 40143 3 40156 41 40202 67 40289 39 40333 12 40351 18 40370 5 40377 2 40384 1 40399 3 40413 40 40455 70 40545 39 40590 11 40607 18 40628 1 40633 2 40655 2 40669 110 40801 39 40848 2 40853 3 40863 18 40887 4 40893 1 40900 1 40924 111 41056 40 41109 2 41120 16 41141 8 41156 1 41168 1 41180 106 41312 36 41349 2 41365 1 41378 11 41394 11 41436 105 41568 35 41606 1 41635 8 41651 10 41692 38 41732 63 41826 30 41862 1 41906 11 41947 39 41988 63 42083 29 42117 2 42161 12 42203 103 42340 27 42373 1 42417 12 42461 100 42596 26 42673 12 42717 65 42784 32 42853 24 42930 11 42974 97 43109 24 43186 11 43230 95 43366 23 43443 10 43485 67 43557 5 43565 15 43622 24 43699 11 43740 67 43824 9 43878 25 43955 12 44003 60 44080 8 44135 24 44211 14 44259 58 44336 7 44391 22 44468 17 44492 5 44515 58 44593 6 44647 22 44723 17 44748 7 44773 55 44849 3 44903 22 44953 3 44979 15 45003 10 45029 55 45160 21 45208 4 45233 16 45258 12 45285 55 45417 18 45465 2 45489 15 45506 21 45541 55 45674 17 45746 14 45761 23 45797 54 45931 16 46001 14 46016 25 46055 52 46188 15 46257 41 46311 50 46445 13 46514 40 46567 49 46701 14 46770 40 46823 10 46835 37 46957 15 47027 12 47040 26 47080 8 47096 31 47213 18 47283 12 47296 27 47337 8 47354 29 47469 18 47539 12 47553 26 47596 5 47613 18 47634 5 47725 19 47795 11 47809 26 47870 17 47893 2 47982 19 48051 9 48067 4 48072 18 48128 15 48148 3 48238 19 48307 9 48328 13 48384 17 48493 20 48565 5 48585 10 48640 17 48749 20 48841 8 48896 15 49005 19 49096 6 49152 15 49262 18 49351 7 49408 14 49429 1 49520 13 49606 9 49655 2 49664 13 49777 10 49861 10 49909 4 49920 13 50037 2 50058 6 50072 3 50114 13 50161 28 50313 19 50367 16 50387 1 50416 28 50568 31 50613 4 50620 32 50671 29 50823 34 50865 43 50927 28 51079 86 51183 30 51335 87 51439 28 51591 88 51695 28 51847 88 51951 26 52102 90 52207 26 52357 91 52450 2 52463 25 52613 96 52720 24 52869 97 52977 23 53123 100 53232 23 53256 1 53377 102 53488 23 53512 1 53620 7 53628 107 53745 21 53767 1 53877 114 54001 20 54023 1 54133 114 54257 21 54389 114 54513 20 54643 82 54730 29 54768 21 54899 82 54985 30 55024 19 55155 81 55242 29 55280 19 55411 81 55498 29 55536 17 55667 69 55737 10 55755 28 55792 16 55923 68 55995 7 56011 28 56048 16 56179 65 56252 5 56267 28 56303 17 56436 64 56509 3 56514 3 56523 28 56559 17 56658 8 56692 64 56767 6 56781 27 56813 19 56913 10 56949 62 57023 6 57037 51 57167 12 57208 63 57275 11 57293 51 57422 13 57467 76 57550 50 57676 16 57723 77 57807 49 57931 18 57980 80 58063 49 58186 23 58236 93 58333 35 58441 25 58492 91 58589 35 58695 28 58748 91 58845 35 58951 29 59005 90 59100 36 59206 30 59261 131 59462 31 59517 131 59717 33 59773 131 59974 33 60030 130 60230 34 60287 129 60485 36 60543 129 60741 36 60801 127 60995 38 61057 123 61181 3 61245 44 61313 123 61438 2 61498 47 61569 123 61693 3 61752 49 61825 127 62007 50 62081 124 62206 2 62262 51 62337 127 62517 55 62593 127 62773 58 62849 127 63029 59 63106 126 63283 62 63357 2 63363 125 63489 2 63539 62 63613 2 63620 124 63745 3 63794 64 63877 123 64001 1 64003 2 64050 65 64133 125 64259 2 64305 65 64389 126 64561 30 64593 33 64645 126 64817 30 64849 33 64901 126 65073 30 65105 32 65157 123 65281 2 65329 64 65414 122
136374,0 55950 55951 256 56208 3785 59996 766 60763 255 61019 258 61278 255 61534 4002
142027,0 19 34 15 61 52 121 26 256 18 291 14 320 49 378 25 512 18 547 14 577 47 634 25 768 17 802 14 831 49 890 25 1024 18 1058 14 1083 53 1146 25 1280 19 1315 13 1335 55 1403 23 1536 20 1572 11 1591 52 1659 23 1792 21 1829 10 1847 49 1915 23 2048 22 2086 9 2102 49 2171 23 2304 23 2345 3 2358 49 2429 22 2560 23 2614 49 2686 21 2816 24 2869 49 2945 18 3025 5 3072 24 3125 49 3201 18 3281 6 3328 25 3381 48 3460 15 3536 8 3584 25 3637 48 3717 14 3791 9 3840 25 3893 49 3973 15 4047 10 4096 25 4149 49 4229 15 4303 10 4352 25 4405 38 4445 3 4449 6 4486 13 4559 10 4608 25 4661 38 4705 6 4743 12 4815 11 4864 25 4917 39 4963 2 4976 5 5001 10 5071 11 5120 24 5173 39 5215 1 5219 2 5231 6 5259 7 5327 10 5376 23 5429 40 5471 8 5487 8 5583 10 5632 23 5685 40 5729 6 5743 8 5840 9 5888 22 5941 41 5984 8 5999 8 6097 6 6144 22 6196 41 6239 10 6255 8 6354 4 6400 21 6452 40 6495 11 6511 7 6656 21 6709 39 6751 11 6767 6 6912 21 6965 39 7008 10 7168 21 7220 40 7263 12 7424 19 7475 41 7519 13 7680 18 7731 41 7775 14 7936 15 7986 42 8031 15 8192 13 8240 44 8288 15 8448 13 8495 44 8545 14 8677 4 8704 13 8750 45 8801 15 8931 8 8960 12 9005 46 9057 15 9183 14 9216 12 9261 46 9313 15 9438 16 9472 11 9517 44 9571 13 9692 25 9725 13 9773 43 9827 13 9947 27 9981 12 10027 40 10085 11 10202 30 10235 13 10283 40 10341 10 10457 32 10490 13 10537 42 10597 8 10712 46 10793 37 10854 7 10967 47 11050 34 11222 48 11306 33 11477 48 11562 33 11733 48 11818 33 11989 48 12073 33 12245 48 12328 34 12501 43 12581 36 12756 44 12833 40 13011 45 13087 41 13147 4 13267 45 13343 14 13359 25 13403 5 13523 45 13598 18 13617 23 13658 6 13778 46 13853 43 13914 7 14034 46 14109 33 14143 6 14171 5 14281 3 14289 47 14365 28 14394 3 14401 8 14427 5 14537 3 14544 48 14621 28 14650 15 14795 1 14799 49 14877 44 15055 49 15119 6 15132 46 15310 50 15374 8 15387 47 15565 51 15619 4 15629 11 15643 48 15821 51 15873 6 15885 12 15898 50 16077 129 16333 130 16589 134 16845 134 17101 135 17357 136 17613 139 17869 140 18125 141 18382 141 18638 141 18895 141 19153 139 19413 136 19669 136 19925 135 20180 136 20323 2 20435 136 20577 6 20689 138 20832 8 20944 139 21088 9 21199 139 21343 10 21455 139 21599 10 21710 139 21855 12 21965 120 22086 19 22110 14 22221 120 22343 17 22365 20 22476 121 22599 16 22620 23 22731 122 22855 44 22987 122 23111 45 23242 123 23367 49 23497 177 23753 179 24008 181 24264 57 24324 122 24520 57 24581 35 24617 85 24776 56 24837 2 24841 29 24874 85 25032 56 25097 28 25133 82 25288 56 25355 10 25367 13 25396 74 25491 1 25544 56 25613 7 25625 10 25653 73 25745 6 25799 57 25867 1 25869 4 25882 3 25910 71 25999 12 26044 8 26053 59 26126 3 26139 2 26167 70 26254 13 26300 68 26382 5 26423 68 26509 16 26555 69 26637 7 26679 67 26763 19 26811 69 26892 10 26935 66 27018 22 27065 71 27147 12 27191 64 27273 24 27321 70 27403 14 27446 63 27528 27 27575 73 27659 14 27701 64 27783 28 27831 73 27915 16 27950 69 28039 29 28086 74 28171 16 28205 70 28295 30 28341 75 28427 16 28459 70 28551 30 28597 75 28683 16 28713 72 28806 31 28853 75 28939 16 28969 67 29061 32 29109 75 29196 15 29225 66 29318 31 29364 76 29452 15 29478 69 29574 32 29618 78 29708 15 29733 69 29830 33 29873 79 29964 15 29991 66 30086 33 30124 2 30127 81 30220 14 30248 65 30342 33 30379 85 30476 13 30505 62 30598 122 30732 13 30761 60 30854 122 30989 12 31017 50 31111 97 31211 21 31245 11 31273 48 31367 96 31468 20 31503 6 31530 45 31623 97 31733 11 31786 45 31880 97 31990 10 32043 42 32136 97 32247 9 32299 41 32392 73 32466 23 32503 9 32556 37 32648 71 32723 22 32759 9 32813 36 32904 71 32979 22 33015 9 33069 34 33161 68 33235 21 33273 7 33325 34 33417 68 33492 20 33529 7 33581 32 33674 66 33749 18 33787 5 33837 31 33930 66 34005 18 34046 2 34092 27 34187 64 34261 18 34347 28 34443 64 34517 18 34603 28 34681 3 34699 53 34755 6 34774 17 34859 28 34937 4 34955 52 35011 6 35030 17 35115 27 35159 4 35192 5 35207 56 35267 4 35284 19 35371 27 35413 7 35448 5 35461 59 35522 3 35539 20 35628 26 35667 10 35703 6 35717 63 35794 21 35884 26 35922 13 35959 6 35972 63 36043 28 36141 24 36176 16 36215 5 36227 99 36399 22 36432 16 36472 4 36483 74 36558 23 36657 18 36687 18 36729 2 36738 75 36815 22 36915 13 36942 21 36967 5 36994 99 37174 4 37197 34 37250 99 37453 34 37506 99 37708 36 37763 99 37963 37 38019 100 38217 40 38276 98 38473 40 38532 97 38638 1 38727 42 38788 95 38893 4 38981 44 39044 61 39108 21 39131 7 39148 6 39235 45 39300 59 39367 16 39403 8 39490 46 39556 48 39605 10 39624 15 39659 8 39744 49 39812 45 39862 7 39883 10 39913 10 39999 50 40068 45 40118 7 40139 10 40164 15 40254 51 40324 42 40375 5 40399 4 40416 20 40507 54 40580 41 40630 5 40671 21 40763 55 40837 39 40926 22 41020 55 41093 39 41181 23 41276 54 41349 39 41437 24 41533 52 41605 39 41693 24 41789 49 41861 39 41949 25 42045 48 42117 38 42205 26 42301 47 42354 7 42373 38 42461 26 42558 45 42609 8 42629 38 42716 28 42815 44 42864 11 42885 39 42959 4 42969 31 43071 44 43120 12 43139 41 43214 7 43223 34 43328 42 43376 60 43469 44 43584 41 43632 60 43725 44 43842 39 43888 59 43981 44 44099 37 44143 60 44237 44 44356 33 44399 58 44493 43 44613 31 44655 56 44749 43 44870 19 44894 4 44912 53 45006 41 45128 17 45168 53 45261 42 45386 14 45424 52 45517 42 45643 12 45680 52 45774 41 45901 9 45937 50 46030 42 46157 8 46193 34 46229 12 46287 41 46449 33 46489 4 46543 42 46705 32 46799 42 46946 5 46962 30 47056 43 47200 9 47219 29 47313 42 47453 14 47475 28 47569 42 47709 14 47732 27 47826 41 47963 18 47989 24 48093 30 48219 19 48245 22 48353 26 48475 24 48502 18 48611 24 48730 45 48867 24 48986 43 49122 25 49242 43 49379 23 49498 40 49635 22 49753 39 49891 22 50009 36 50147 22 50265 36 50404 21 50520 38 50660 20 50776 38 50916 20 51032 38 51169 22 51288 38 51425 22 51544 38 51679 5 51685 18 51800 38 51935 5 51941 18 52057 8 52067 27 52191 3 52201 13 52313 6 52325 25 52448 1 52457 12 52583 23 52714 11 52743 4 52839 22 52971 10 52997 8 53098 19 53228 8 53251 10 53307 8 53357 16 53485 7 53504 15 53560 15 53617 11 53760 16 53816 15 53875 9 54016 17 54070 19 54133 4 54272 17 54325 20 54483 5 54528 17 54571 32 54737 10 54784 18 54813 2 54826 33 54992 11 55040 19 55065 10 55081 35 55247 12 55296 19 55320 11 55336 36 55503 13 55552 19 55575 14 55591 38 55758 14 55808 20 55831 14 55846 39 56014 14 56064 77 56270 14 56320 77 56526 14 56576 77 56783 13 56832 77 57039 13 57088 77 57297 10 57344 77 57554 9 57600 76 57813 5 57856 75 58070 3 58112 75 58293 2 58307 8 58368 74 58548 5 58560 11 58624 73 58801 27 58880 73 59057 28 59136 73 59313 28 59392 73 59568 30 59648 73 59824 31 59904 73 60080 31 60160 73 60335 33 60416 73 60591 33 60672 73 60816 1 60846 34 60928 73 61071 3 61101 36 61184 73 61327 3 61357 36 61440 74 61583 3 61613 36 61696 75 61840 1 61857 8 61869 37 61952 75 62112 9 62125 37 62208 76 62350 3 62366 12 62381 37 62464 77 62605 4 62621 14 62637 38 62720 5 62727 70 62861 3 62877 14 62893 37 62977 4 62983 71 63117 2 63132 15 63149 37 63233 5 63241 69 63387 55 63489 5 63497 70 63643 55 63744 6 63754 69 63899 54 64000 7 64011 68 64155 53 64211 4 64242 2 64256 7 64267 68 64411 52 64466 7 64497 4 64512 7 64523 68 64667 51 64723 6 64754 2 64768 7 64781 65 64923 51 64979 6 65024 6 65038 64 65179 51 65235 6 65281 3 65294 63 65435 52 65491 6
143150,0 65536
144284,1 16 39 17 153 20 176 7 192 79 295 16 410 18 449 77 551 16 666 18 705 76 807 16 921 18 961 76 1064 14 1177 18 1217 76 1321 10 1433 18 1473 76 1579 5 1689 18 1729 78 1945 18 1985 39 2025 38 2200 19 2242 37 2283 40 2414 7 2456 17 2498 35 2539 44 2669 8 2711 18 2754 34 2796 45 2917 19 2967 18 2995 5 3011 33 3054 43 3171 22 3223 17 3251 6 3267 33 3311 43 3426 26 3479 16 3507 7 3523 33 3568 42 3681 28 3735 15 3763 7 3780 32 3825 42 3935 31 3991 14 4018 7 4035 32 4083 10 4094 29 4191 32 4247 14 4275 6 4291 32 4339 8 4352 27 4445 34 4503 13 4531 4 4546 32 4608 26 4701 35 4759 13 4802 31 4864 25 4956 36 5013 14 5058 31 5120 25 5211 37 5267 16 5313 32 5376 24 5467 37 5523 16 5569 32 5632 24 5722 38 5779 16 5825 32 5888 25 5978 38 6035 16 6081 32 6144 25 6185 8 6234 37 6291 16 6337 32 6400 26 6441 14 6490 34 6545 18 6593 31 6656 27 6697 16 6746 33 6800 20 6849 31 6912 27 6943 27 7002 32 7054 22 7105 31 7168 27 7199 27 7258 31 7309 23 7361 31 7424 59 7514 30 7563 26 7617 31 7680 59 7770 29 7819 26 7873 31 7915 1 7936 58 7999 2 8026 28 8074 27 8129 31 8190 59 8254 5 8282 27 8330 27 8385 30 8443 62 8509 6 8537 28 8586 27 8641 30 8696 65 8765 6 8793 28 8842 27 8897 29 8952 65 9021 6 9049 28 9099 26 9153 28 9208 64 9277 6 9305 29 9355 26 9409 28 9463 64 9534 3 9560 32 9612 25 9665 27 9719 64 9816 32 9868 25 9921 27 9975 62 10073 33 10125 23 10177 26 10231 58 10329 34 10381 22 10433 26 10486 58 10586 37 10638 19 10689 24 10742 58 10843 37 10895 16 10945 22 10998 57 11101 36 11153 12 11201 16 11254 57 11357 36 11410 10 11457 14 11510 55 11613 36 11671 1 11713 12 11767 54 11869 36 11961 4 11969 12 12023 54 12089 4 12125 37 12214 22 12279 54 12345 4 12381 38 12469 22 12536 53 12603 1 12637 40 12723 24 12793 52 12893 40 12977 16 12995 7 13049 52 13142 49 13231 18 13309 48 13397 50 13487 18 13566 11 13579 35 13651 52 13733 4 13741 20 13823 8 13837 33 13906 53 13988 29 14080 5 14094 33 14160 56 14243 30 14336 5 14351 32 14415 57 14498 31 14591 6 14609 31 14661 68 14753 32 14846 7 14866 30 14916 69 15009 32 15102 7 15124 29 15169 72 15264 33 15358 7 15381 28 15424 73 15519 34 15613 8 15639 26 15679 74 15775 34 15864 13 15895 26 15934 75 16031 34 16120 13 16151 26 16189 76 16287 33 16376 13 16397 2 16408 25 16445 76 16543 32 16632 13 16651 4 16665 24 16699 78 16799 32 16888 13 16907 4 16922 23 16955 87 17055 32 17144 12 17161 7 17183 17 17210 90 17311 32 17401 11 17416 8 17440 16 17465 92 17567 32 17661 6 17674 6 17698 14 17721 92 17823 31 17919 4 17931 5 17955 14 17977 92 18080 29 18176 3 18187 5 18211 14 18232 93 18336 29 18371 1 18432 5 18443 5 18467 14 18487 94 18592 28 18688 7 18699 7 18723 14 18741 96 18849 26 18944 7 18955 8 18980 13 18997 95 19106 25 19200 7 19211 10 19237 110 19365 22 19456 7 19467 10 19493 110 19623 20 19712 9 19723 10 19750 108 19882 17 19968 9 19981 9 20006 102 20111 2 20139 16 20224 11 20237 9 20263 100 20395 16 20480 22 20519 99 20651 16 20736 21 20774 99 20907 16 20992 20 21030 99 21163 16 21248 16 21285 100 21418 16 21504 17 21541 102 21674 16 21760 18 21797 103 21930 15 22016 19 22053 103 22186 14 22272 19 22309 104 22443 12 22528 19 22565 104 22699 12 22784 20 22821 61 22883 1 22885 43 22957 6 23040 20 23077 60 23143 44 23296 19 23333 58 23403 42 23552 19 23588 59 23660 41 23808 19 23843 59 23917 42 24064 19 24099 59 24173 42 24320 19 24355 58 24426 45 24576 19 24611 58 24681 46 24832 19 24867 56 24936 47 25088 19 25124 55 25191 48 25303 2 25344 17 25381 50 25446 50 25557 6 25600 17 25637 48 25701 51 25813 6 25856 17 25893 47 25957 52 26068 7 26103 26 26150 45 26213 53 26324 7 26358 28 26409 42 26469 54 26579 8 26613 29 26667 38 26725 54 26835 8 26868 31 26925 35 26981 54 27091 8 27123 32 27182 33 27237 55 27347 8 27379 31 27445 25 27493 55 27605 4 27633 32 27701 25 27749 56 27887 34 27957 25 28005 56 28141 36 28213 25 28261 56 28395 37 28469 25 28517 56 28650 38 28725 25 28773 56 28905 38 28982 24 29029 55 29160 38 29206 1 29238 23 29284 56 29415 38 29462 2 29495 22 29539 56 29670 39 29717 4 29751 22 29794 56 29925 39 30007 22 30048 56 30181 39 30263 21 30303 57 30437 39 30520 20 30559 57 30692 40 30776 21 30814 58 30948 40 31033 22 31069 59 31204 40 31289 22 31325 59 31459 41 31546 22 31582 63 31715 42 31802 23 31838 65 31970 43 32058 24 32094 66 32225 44 32314 25 32350 66 32481 46 32570 25 32607 65 32736 47 32827 24 32863 65 32992 27 33024 15 33083 24 33119 65 33247 28 33280 16 33339 24 33375 65 33503 27 33536 16 33596 23 33631 42 33674 22 33760 26 33792 15 33853 23 33887 42 33930 22 34016 26 34048 15 34110 22 34144 41 34186 22 34273 25 34304 15 34366 22 34400 39 34443 20 34529 25 34560 15 34623 21 34657 36 34701 18 34786 24 34816 16 34880 19 34913 36 34958 17 35042 24 35072 15 35138 16 35169 38 35214 17 35299 22 35328 15 35395 14 35425 39 35470 17 35555 22 35584 16 35653 10 35681 40 35726 16 35812 21 35840 16 35911 6 35937 40 35982 16 36068 20 36096 17 36182 6 36194 39 36239 15 36325 18 36352 17 36437 9 36450 39 36495 14 36582 16 36608 17 36626 1 36629 12 36691 12 36707 39 36749 16 36840 13 36864 33 36946 13 36963 39 37005 15 37097 11 37120 35 37202 14 37220 37 37261 12 37355 8 37376 35 37458 15 37477 36 37518 10 37611 6 37632 36 37714 15 37733 35 37775 8 37888 37 37970 51 38032 3 38144 37 38227 48 38400 37 38483 48 38603 4 38656 38 38740 47 38821 5 38852 13 38912 38 38997 46 39077 6 39107 14 39168 39 39253 46 39333 6 39363 15 39424 39 39510 7 39518 37 39589 6 39619 14 39680 39 39774 37 39833 6 39844 8 39875 13 39936 40 40030 36 40089 7 40099 9 40132 11 40192 41 40286 35 40344 20 40390 8 40448 41 40542 34 40599 22 40647 5 40704 43 40799 32 40854 23 40960 43 41055 30 41105 28 41216 45 41311 28 41359 29 41472 47 41566 28 41614 30 41728 48 41822 27 41869 31 41984 49 42077 28 42124 32 42240 50 42333 28 42365 8 42379 33 42496 50 42588 29 42621 10 42634 34 42752 51 42843 30 42875 50 43008 51 43097 84 43264 52 43352 85 43520 52 43608 85 43777 50 43863 86 44035 48 44119 86 44293 3 44300 39 44373 88 44556 39 44629 88 44813 38 44884 89 45069 38 45139 90 45325 37 45395 89 45581 36 45650 89 45837 36 45906 87 46093 40 46162 86 46350 43 46419 84 46606 44 46675 84 46862 45 46931 83 47118 45 47187 33 47221 49 47374 45 47443 26 47478 47 47630 45 47698 27 47735 46 47841 1 47886 45 47953 28 47991 45 48093 11 48143 44 48209 29 48248 43 48347 14 48399 42 48464 31 48503 42 48603 16 48642 1 48655 42 48720 31 48759 42 48858 17 48896 3 48902 1 48910 43 48975 33 49013 43 49113 19 49152 6 49165 43 49231 33 49268 43 49369 20 49411 2 49421 42 49487 34 49523 44 49624 23 49668 1 49676 43 49743 34 49778 45 49880 23 49925 1 49930 37 49998 80 50136 24 50176 1 50180 2 50185 38 50254 80 50392 24 50432 5 50441 38 50509 80 50647 26 50688 5 50695 1 50697 38 50765 80 50902 26 50944 8 50953 39 51021 80 51157 27 51200 8 51209 39 51277 80 51412 28 51456 48 51533 79 51667 28 51712 47 51790 78 51923 24 51948 3 51968 48 52047 76 52161 6 52177 25 52203 4 52224 48 52303 76 52415 9 52433 30 52480 13 52497 30 52560 10 52574 3 52582 52 52667 14 52687 32 52736 13 52753 30 52817 7 52839 50 52923 16 52942 34 52992 14 53009 30 53097 47 53178 55 53248 47 53309 2 53327 1 53359 40 53434 56 53504 47 53555 1 53562 7 53581 6 53617 37 53689 58 53760 49 53810 2 53817 10 53837 7 53873 29 53903 6 53945 58 54016 52 54069 16 54091 10 54129 27 54199 60 54272 69 54347 10 54386 25 54455 60 54528 71 54602 12 54643 21 54711 61 54784 71 54857 13 54899 20 54967 62 55040 86 55155 18 55221 64 55296 86 55411 17 55476 65 55552 87 55667 16 55731 66 55808 87 55923 16 55987 66 56064 87 56180 14 56243 14 56261 48 56321 86 56436 13 56499 12 56517 48 56579 86 56693 12 56758 1 56773 39 56814 6 56835 88 56950 10 57029 39 57074 1 57091 92 57286 37 57347 94 57542 37 57603 96 57797 38 57859 96 58053 38 58115 96 58308 39 58371 96 58563 40 58629 94 58819 39 58886 93 59075 38 59144 91 59330 38 59400 90 59586 37 59656 89 59837 39 59913 29 59945 55 60092 39 60169 28 60202 53 60346 39 60425 26 60459 52 60601 39 60681 26 60716 55 60855 42 60938 25 60971 56 61111 42 61194 25 61227 57 61365 46 61450 25 61483 50 61534 5 61621 46 61707 24 61739 49 61793 1 61875 48 61963 24 61995 49 62131 48 62219 23 62250 50 62385 52 62475 13 62492 5 62505 51 62640 53 62750 1 62761 52 62894 57 63016 53 63149 58 63271 54 63404 59 63527 54 63659 60 63784 50 63915 60 64041 39 64082 7 64170 61 64297 38 64425 62 64507 4 64553 38 64681 62 64763 4 64810 35 64937 61 65019 4 65066 30 65097 4 65193 61 65276 3 65322 29 65353 3 65449 60
149617, 
157706,0 56 65 8 95 96 256 56 356 92 512 56 613 91 768 56 868 92 1024 56 1084 1 1123 93 1280 52 1338 5 1380 92 1536 51 1593 7 1637 92 1792 47 1849 6 1896 89 2048 45 2105 7 2153 88 2304 43 2361 8 2373 2 2409 11 2423 74 2560 43 2619 6 2629 2 2667 8 2680 73 2816 43 2876 5 2937 73 3072 44 3132 5 3193 73 3328 45 3387 3 3449 74 3584 45 3643 2 3705 74 3840 45 3959 76 4096 46 4215 76 4352 47 4471 77 4608 47 4727 77 4864 47 4984 77 5120 47 5240 77 5376 45 5497 76 5632 45 5753 76 5888 44 6010 76 6144 43 6266 76 6400 43 6489 2 6523 76 6656 41 6745 2 6778 77 6912 40 7034 77 7168 39 7289 78 7424 37 7543 81 7680 37 7797 83 7936 36 8046 91 8192 27 8221 6 8296 97 8448 21 8470 4 8549 100 8704 25 8805 100 8960 24 9059 103 9216 23 9315 103 9472 20 9569 105 9728 20 9825 106 9984 20 10081 106 10240 17 10336 107 10496 16 10589 110 10752 15 10843 113 11008 13 11083 129 11264 11 11337 132 11520 8 11591 134 11847 134 12101 137 12356 138 12545 1 12611 139 12800 3 12867 140 13056 4 13122 141 13312 5 13377 142 13568 5 13632 143 13824 6 13888 143 14080 7 14143 145 14336 8 14398 146 14592 9 14653 148 14848 9 14908 149 15104 9 15163 150 15360 9 15419 150 15616 10 15675 151 15872 9 15930 152 16128 10 16185 154 16384 11 16441 154 16640 11 16697 154 16896 11 16952 155 17152 12 17207 157 17408 12 17461 159 17664 13 17715 162 17920 12 17970 163 18176 12 18224 165 18432 12 18479 166 18688 11 18733 168 18944 11 18989 169 19200 9 19244 171 19456 8 19500 171 19712 7 19755 172 19968 6 20011 172 20224 6 20265 26 20296 143 20480 6 20521 26 20553 143 20736 5 20775 26 20810 142 20992 5 21031 26 21067 142 21248 3 21287 24 21325 140 21504 3 21543 22 21584 2 21589 132 21799 20 21847 87 21938 39 22055 19 22103 86 22195 39 22311 18 22360 84 22454 36 22567 16 22616 83 22712 34 22822 15 22873 82 22969 34 23078 15 23129 82 23225 34 23334 13 23385 82 23483 32 23591 12 23641 82 23739 33 23847 8 23897 82 23996 32 24104 5 24152 83 24253 31 24400 91 24509 32 24654 94 24765 32 24908 97 25022 31 25163 98 25278 31 25419 98 25535 31 25675 98 25791 31 25911 6 25929 101 26047 32 26166 7 26185 102 26303 32 26421 10 26441 102 26563 28 26675 13 26696 104 26820 27 26929 17 26951 106 27058 3 27077 27 27184 19 27205 108 27314 2 27333 27 27436 132 27589 27 27690 134 27846 27 27944 137 28104 25 28200 137 28360 25 28427 8 28455 138 28617 25 28680 15 28711 140 28873 25 28934 17 28966 143 29129 26 29188 20 29222 143 29385 26 29440 26 29478 145 29641 26 29696 25 29733 147 29897 26 29952 25 29989 148 30155 25 30208 25 30245 148 30411 25 30464 25 30503 145 30667 25 30720 24 30759 145 30924 25 30976 23 31015 145 31181 24 31232 23 31271 145 31437 24 31488 22 31529 144 31695 22 31744 22 31785 144 31951 22 32000 23 32041 144 32207 23 32256 23 32298 143 32463 23 32512 22 32550 147 32721 22 32768 21 32805 148 32979 20 33024 21 33047 2 33059 150 33235 20 33280 25 33313 153 33474 1 33491 20 33536 187 33727 5 33745 23 33792 187 33982 6 34001 23 34048 187 34236 13 34255 25 34304 201 34511 25 34560 203 34769 24 34816 204 35024 25 35072 205 35280 25 35328 233 35584 234 35840 234 36096 148 36246 85 36352 148 36502 85 36608 147 36757 2 36760 83 36864 147 37012 3 37017 82 37120 143 37264 1 37267 4 37273 83 37376 144 37523 3 37530 82 37632 143 37778 4 37787 82 37888 143 38035 2 38043 82 38144 143 38299 82 38400 143 38555 82 38656 139 38811 83 38912 144 39057 1 39069 81 39168 143 39314 2 39326 81 39424 141 39578 1 39582 81 39680 144 39833 3 39837 82 39936 145 40090 2 40093 82 40192 145 40349 83 40448 145 40607 81 40704 146 40864 81 40960 146 41121 80 41216 148 41379 78 41472 148 41635 78 41728 148 41893 77 41984 148 42149 77 42240 148 42405 78 42496 148 42664 75 42752 148 42920 75 43008 148 43176 75 43264 148 43432 76 43520 148 43687 77 43776 148 43943 78 44032 149 44199 78 44288 149 44454 79 44544 149 44710 79 44800 148 44966 80 45056 148 45221 81 45312 147 45477 82 45568 147 45733 82 45824 146 45990 81 46080 142 46228 1 46246 81 46336 142 46502 81 46592 142 46757 83 46848 151 47013 83 47104 151 47269 84 47360 151 47526 83 47616 151 47781 84 47872 151 48030 1 48034 87 48128 151 48286 2 48290 88 48384 151 48542 2 48545 89 48640 151 48802 89 48896 56 48960 88 49058 89 49152 55 49218 86 49307 2 49314 5 49321 82 49408 54 49477 82 49561 2 49579 80 49664 53 49733 86 49836 79 49920 52 49991 86 50084 1 50095 77 50176 52 50247 88 50339 2 50342 1 50351 77 50432 51 50504 86 50595 2 50610 75 50688 51 50760 87 50850 3 50866 75 50944 50 51017 54 51075 26 51123 74 51200 50 51273 53 51331 26 51379 74 51456 49 51530 51 51586 29 51617 1 51635 74 51712 49 51787 49 51842 28 51871 2 51891 75 51968 50 52043 46 52100 26 52149 73 52224 49 52300 45 52356 27 52387 2 52405 74 52480 49 52558 13 52574 23 52612 33 52662 73 52736 49 52815 11 52832 21 52867 34 52918 73 52992 48 53072 9 53093 15 53122 35 53174 73 53248 48 53329 7 53349 15 53378 35 53430 73 53504 48 53587 2 53604 16 53633 37 53687 121 53860 17 53888 37 53944 118 54115 20 54143 36 54200 117 54371 21 54398 28 54427 8 54456 111 54568 3 54626 68 54712 114 54882 66 54969 108 55137 62 55224 108 55393 62 55479 108 55648 67 55735 99 55835 8 55904 68 55990 102 56159 64 56227 1 56246 101 56415 64 56502 101 56670 67 56738 1 56758 6 56766 93 56926 66 56994 1 57013 7 57022 91 57114 1 57181 70 57269 99 57436 73 57524 100 57692 73 57778 99 57878 2 57947 74 58033 103 58139 2 58203 77 58288 109 58459 79 58543 108 58716 191 58972 194 59204 5 59228 195 59459 6 59484 195 59712 11 59741 195 59967 13 59995 198 60222 15 60251 198 60477 16 60507 180 60688 20 60733 18 60763 54 60820 121 60942 2 60945 19 60989 19 61019 54 61076 123 61202 17 61245 20 61275 54 61331 124 61459 12 61472 2 61501 20 61530 181 61715 2 61721 4 61757 22 61787 181 61971 2 62012 27 62043 181 62229 4 62268 28 62301 180 62483 7 62524 28 62556 181 62739 10 62751 1 62781 28 62811 183 62995 13 63037 28 63067 183 63251 12 63293 213 63507 13 63521 1 63549 195 63746 31 63784 1 63807 193 64004 14 64019 14 64063 193 64265 4 64279 8 64320 192 64521 3 64537 6 64577 191 64795 3 64834 70 64905 119 65051 2 65091 69 65161 119 65282 2 65307 3 65347 189
158770,1 115 181 1 183 32 240 21 263 109 441 29 498 17 520 108 697 28 754 17 777 107 953 30 1009 18 1032 108 1207 32 1265 17 1286 111 1460 37 1519 18 1545 108 1715 38 1775 17 1802 7 1813 96 1970 41 2030 18 2059 5 2069 95 2225 42 2286 18 2315 3 2327 93 2478 47 2542 18 2583 92 2733 48 2799 17 2839 92 2989 49 3055 17 3095 92 3245 50 3311 17 3349 95 3501 52 3563 2 3569 15 3605 95 3757 52 3819 1 3827 13 3861 94 4011 55 4085 11 4117 94 4261 61 4341 11 4373 94 4515 62 4585 3 4597 11 4629 94 4771 62 4840 7 4853 16 4885 92 5027 62 5095 10 5109 16 5141 92 5282 63 5351 10 5364 17 5398 89 5537 64 5607 11 5620 17 5654 89 5793 63 5863 30 5910 90 6049 63 6118 31 6165 16 6182 74 6305 63 6375 32 6408 3 6421 16 6439 73 6561 62 6631 36 6677 16 6696 72 6817 62 6888 36 6932 92 7073 55 7130 1 7146 7 7157 23 7187 21 7210 70 7329 54 7403 6 7414 23 7443 21 7467 69 7584 53 7670 23 7698 22 7723 69 7840 53 7927 50 7978 70 8096 53 8183 121 8352 52 8441 120 8607 53 8699 119 8863 53 8957 117 9120 53 9213 117 9376 53 9467 119 9633 52 9722 120 9889 52 9979 120 10146 51 10238 117 10403 50 10495 115 10661 48 10752 114 10917 48 11008 115 11183 38 11264 115 11440 37 11520 115 11698 35 11776 115 11955 6 11965 24 12032 115 12223 23 12267 10 12288 115 12480 23 12522 13 12541 119 12737 23 12775 141 12994 22 13031 142 13251 22 13285 144 13507 22 13541 144 13767 18 13797 144 14024 17 14053 145 14282 15 14309 144 14542 11 14565 144 14806 2 14821 143 15077 142 15335 140 15591 138 15766 7 15846 138 16021 10 16101 138 16276 19 16356 139 16532 20 16611 140 16787 21 16866 141 17043 21 17122 141 17298 23 17377 142 17554 23 17598 3 17632 142 17810 23 17850 12 17887 142 18066 23 18103 16 18143 130 18275 10 18323 22 18356 20 18399 130 18531 10 18579 22 18609 23 18655 130 18792 5 18836 21 18862 27 18911 96 19009 31 19092 21 19117 28 19167 94 19268 27 19349 20 19372 30 19423 94 19525 24 19605 20 19627 31 19679 95 19781 22 19835 2 19862 18 19883 32 19935 95 20037 21 20091 4 20118 17 20139 32 20192 95 20291 22 20345 7 20375 15 20395 32 20449 95 20547 21 20601 7 20631 15 20652 31 20705 96 20804 19 20855 10 20887 14 20908 32 20962 95 21059 3 21063 16 21111 10 21143 14 21165 31 21218 95 21317 16 21367 9 21401 11 21422 31 21474 97 21573 16 21623 9 21658 9 21679 30 21730 97 21829 16 21882 3 21936 29 21986 98 22087 3 22091 10 22139 2 22193 28 22243 98 22343 14 22449 29 22499 98 22599 15 22705 30 22755 116 22963 29 23011 116 23219 30 23267 117 23477 31 23522 118 23733 31 23778 119 23993 28 24033 120 24251 26 24289 119 24510 23 24545 119 24766 23 24801 119 25023 21 25057 120 25279 20 25313 120 25535 17 25569 120 25791 16 25825 122 25949 7 26047 16 26082 121 26205 7 26304 13 26339 120 26461 7 26560 12 26595 120 26717 7 26816 12 26851 120 26972 8 27073 9 27103 2 27107 130 27329 8 27359 134 27587 3 27615 3 27619 130 27871 2 27875 128 28007 5 28127 2 28130 120 28251 2 28263 6 28383 2 28386 123 28519 8 28638 128 28771 12 28891 2 28894 130 29027 13 29148 132 29282 15 29404 149 29595 16 29661 148 29851 16 29915 122 30039 27 30105 20 30171 122 30296 26 30361 20 30426 121 30551 28 30613 25 30681 122 30806 29 30867 28 30937 119 31061 30 31121 31 31193 119 31317 30 31377 32 31449 118 31574 30 31633 34 31705 117 31830 31 31889 34 31961 117 32086 31 32145 35 32217 116 32343 30 32400 36 32473 78 32552 37 32599 30 32653 39 32729 76 32809 36 32856 29 32907 41 32986 75 33065 36 33115 26 33161 44 33243 73 33321 36 33371 26 33417 44 33501 70 33577 36 33629 23 33671 46 33758 69 33834 11 33846 23 33886 7 33897 10 33925 49 34015 67 34091 5 34106 17 34180 52 34271 66 34365 14 34435 54 34527 65 34623 9 34691 56 34783 65 34880 5 34947 57 35039 64 35203 58 35295 64 35459 58 35551 62 35716 61 35808 61 35973 63 36064 63 36231 64 36321 62 36487 64 36577 62 36744 66 36834 62 37001 67 37090 61 37257 64 37347 60 37513 64 37605 58 37769 65 37863 56 38025 66 38120 55 38281 68 38377 54 38538 67 38633 54 38794 68 38889 30 38921 22 39050 73 39144 24 39171 4 39179 20 39206 1 39306 72 39381 7 39389 1 39400 24 39427 3 39437 18 39461 2 39562 71 39637 11 39656 24 39695 14 39711 10 39817 72 39893 14 39913 23 39952 13 39967 10 40073 72 40149 14 40169 23 40209 10 40221 15 40329 73 40403 18 40426 22 40467 7 40477 15 40586 71 40660 17 40683 21 40733 18 40842 71 40917 17 40939 21 40988 20 41099 70 41172 18 41194 22 41243 22 41355 70 41428 19 41450 22 41498 23 41612 69 41685 18 41706 22 41753 25 41869 115 42008 27 42125 115 42263 28 42372 2 42380 116 42518 28 42628 2 42635 117 42769 32 42891 117 43025 32 43131 1 43146 118 43280 33 43385 6 43399 121 43537 32 43639 10 43655 121 43792 33 43893 139 44048 33 44149 139 44304 33 44405 139 44561 32 44661 139 44817 32 44917 139 45061 1 45073 32 45173 140 45316 2 45329 31 45429 140 45572 1 45585 31 45632 5 45685 140 45842 31 45878 15 45937 104 46042 40 46084 2 46098 53 46191 152 46355 53 46443 109 46556 39 46597 3 46611 53 46697 111 46813 38 46855 3 46869 52 46951 113 47069 38 47111 3 47128 50 47206 113 47325 37 47369 2 47389 46 47460 115 47581 36 47652 40 47715 115 47837 36 47909 40 47969 116 48093 35 48165 40 48224 118 48348 36 48421 40 48478 119 48603 38 48677 40 48733 120 48859 37 48932 41 48988 123 49115 37 49187 42 49243 124 49371 37 49442 44 49498 125 49628 36 49697 45 49753 126 49884 36 49951 48 50008 127 50140 36 50207 48 50263 128 50397 37 50462 50 50519 128 50653 37 50718 50 50774 129 50909 37 50974 51 51029 130 51165 37 51230 51 51285 131 51421 38 51487 50 51541 173 51743 50 51797 173 52001 48 52053 173 52258 47 52309 173 52516 44 52565 26 52593 145 52773 42 52821 26 52849 145 53030 40 53079 15 53107 143 53286 38 53336 13 53367 139 53544 35 53592 13 53624 138 53800 34 53847 14 53881 137 54057 34 54101 16 54138 136 54313 34 54355 18 54394 136 54570 33 54609 19 54652 1 54655 131 54826 32 54865 18 54914 126 55082 35 55118 22 55170 126 55339 58 55426 126 55595 61 55682 126 55852 61 55938 126 56109 60 56194 126 56351 4 56365 61 56451 125 56602 11 56623 60 56707 125 56857 14 56880 59 56963 125 57111 18 57138 58 57220 124 57365 20 57395 57 57477 123 57619 22 57651 57 57733 92 57829 27 57875 22 57907 57 57990 81 58073 8 58086 26 58130 24 58164 57 58246 79 58329 4 58343 25 58385 26 58421 56 58501 76 58586 2 58599 25 58640 27 58678 53 58757 74 58855 25 58896 26 58935 52 59013 71 59111 25 59152 25 59197 42 59269 64 59367 25 59408 25 59455 38 59525 64 59623 25 59665 22 59711 36 59781 64 59880 24 59922 20 59968 33 60037 64 60136 24 60179 17 60225 32 60294 62 60378 3 60393 23 60435 17 60481 31 60551 60 60633 5 60651 2 60654 18 60693 13 60738 30 60809 54 60889 6 60911 17 60951 10 60995 29 61067 44 61114 2 61146 5 61167 17 61254 3 61261 18 61324 41 61400 7 61423 17 61518 16 61581 40 61656 7 61679 17 61729 10 61776 9 61787 2 61837 40 61913 6 61935 17 61985 11 62033 6 62043 2 62094 39 62169 6 62191 19 62239 14 62299 3 62351 38 62425 5 62447 19 62493 17 62555 4 62607 38 62681 4 62703 19 62748 19 62807 8 62863 38 62938 2 62959 22 63003 20 63064 6 63119 38 63195 1 63215 28 63250 30 63376 36 63451 1 63473 28 63503 34 63632 35 63707 1 63731 24 63760 33 63887 34 63987 21 64009 2 64016 33 64143 34 64242 19 64272 34 64399 34 64498 18 64529 32 64655 36 64755 13 64769 1 64785 32 64911 36 65011 13 65025 1 65042 31 65167 36 65267 13 65283 2 65299 29 65423 37 65524 12
169327,0 65536
187649,0 120 163 193 361 2 372 1 420 120 541 39 582 9 592 3 606 5 676 160 837 14 853 1 932 179 1120 1 1188 156 1345 22 1373 11 1387 2 1393 2 1443 156 1601 2 1605 18 1629 11 1643 2 1649 2 1699 156 1856 24 1885 12 1899 10 1955 182 2141 25 2211 182 2399 23 2433 5 2459 2 2464 185 2655 22 2688 7 2715 1 2719 187 2911 20 2947 4 2970 2 2975 2 2979 78 3061 102 3165 1 3168 18 3201 8 3225 4 3231 2 3236 77 3317 92 3411 2 3415 4 3421 12 3435 5 3457 8 3481 4 3497 72 3573 91 3667 2 3671 3 3677 11 3691 5 3714 7 3737 4 3753 10 3765 2 3768 57 3829 91 3925 4 3930 9 3942 1 3947 5 3963 19 3992 7 4008 10 4029 51 4085 10 4096 81 4181 14 4203 7 4218 20 4248 6 4264 1 4269 5 4280 1 4285 51 4341 10 4352 4 4357 76 4438 13 4460 7 4468 3 4473 21 4505 1 4529 1 4536 1 4543 43 4601 4 4608 4 4613 56 4671 18 4695 9 4705 2 4716 11 4729 21 4799 44 4858 3 4864 61 4927 19 4951 4 4958 1 4973 31 5046 1 5055 44 5114 3 5120 61 5184 19 5206 5 5229 9 5240 16 5299 8 5311 44 5357 1 5370 5 5376 63 5440 26 5477 4 5485 6 5497 4 5507 4 5555 9 5568 47 5622 1 5625 4 5630 1 5632 56 5689 6 5696 26 5733 3 5740 7 5754 3 5763 4 5811 9 5826 46 5877 2 5881 4 5888 88 5982 2 5989 2 5997 4 6010 2 6019 4 6067 10 6079 2 6083 45 6139 4 6144 87 6237 2 6245 1 6253 4 6276 3 6321 13 6335 50 6395 92 6532 3 6576 65 6652 62 6715 29 6789 2 6834 63 6907 1 6909 56 6973 28 7045 2 7091 62 7160 61 7229 1 7231 26 7301 1 7347 63 7417 58 7485 1 7489 24 7601 65 7674 56 7740 1 7745 24 7857 11 7869 3 7873 49 7930 35 7969 10 7981 4 7995 2 8003 22 8114 3 8129 50 8186 35 8225 9 8237 3 8251 2 8259 22 8371 2 8385 52 8443 34 8481 10 8492 3 8504 2 8507 2 8515 22 8639 56 8699 33 8737 10 8749 2 8754 1 8762 1 8773 20 8893 60 8955 2 8959 28 8993 20 9014 1 9018 1 9030 19 9147 65 9214 29 9247 24 9273 2 9287 17 9401 68 9470 29 9502 25 9529 2 9547 13 9569 1 9645 4 9651 3 9656 99 9758 25 9786 2 9790 1 9803 13 9901 9 9911 43 9956 55 10013 26 10042 5 10059 13 10157 8 10167 40 10213 54 10269 17 10288 7 10297 6 10314 13 10413 50 10470 60 10533 9 10546 5 10553 5 10571 8 10580 3 10669 49 10727 59 10789 10 10802 5 10829 6 10925 48 10979 1 10983 62 11047 8 11058 3 11085 5 11181 48 11235 2 11239 62 11304 7 11313 2 11316 1 11340 6 11396 2 11437 48 11491 2 11495 64 11560 6 11568 3 11599 3 11652 2 11679 3 11692 49 11747 1 11752 60 11814 2 11817 4 11855 4 11908 1 11933 5 11947 50 12009 62 12110 5 12188 11 12200 53 12266 61 12365 6 12443 11 12456 54 12523 61 12596 2 12617 2 12621 6 12699 3 12704 62 12784 57 12851 2 12873 2 12877 6 12953 5 12959 63 13040 72 13115 2 13129 10 13203 11 13215 63 13297 72 13372 2 13385 10 13458 11 13471 62 13553 62 13616 14 13632 1 13640 11 13712 14 13727 62 13809 62 13873 18 13895 13 13958 3 13963 1 13967 77 14065 62 14128 19 14150 14 14213 86 14319 102 14469 86 14563 1 14575 80 14656 3 14661 17 14723 43 14773 36 14820 1 14827 54 14882 3 14887 1 14889 21 14919 16 14975 46 15030 35 15084 53 15146 21 15175 16 15231 42 15287 28 15341 53 15403 20 15431 15 15487 41 15543 27 15596 54 15661 17 15689 2 15692 7 15743 40 15797 26 15835 2 15851 54 15917 17 15950 5 15998 41 16053 25 16091 2 16107 54 16173 16 16207 4 16253 42 16299 2 16306 1 16309 24 16347 2 16363 40 16404 13 16432 2 16435 10 16464 2 16509 30 16545 6 16554 35 16603 1 16619 39 16663 10 16691 6 16699 1 16720 2 16764 28 16803 3 16810 15 16827 18 16875 39 16917 12 16947 5 16975 2 17019 28 17067 14 17085 17 17131 38 17171 12 17203 5 17231 2 17275 26 17323 4 17328 8 17341 18 17373 2 17391 48 17443 2 17458 11 17487 3 17526 2 17532 25 17579 14 17597 10 17608 2 17628 3 17647 46 17699 2 17713 12 17743 3 17791 21 17835 16 17853 6 17860 2 17883 5 17904 45 17968 8 17977 4 17999 3 18048 20 18092 15 18111 2 18139 5 18161 33 18196 9 18225 7 18233 3 18255 3 18304 19 18336 1 18348 18 18392 8 18417 32 18452 9 18481 11 18511 3 18561 18 18591 2 18604 19 18641 1 18643 14 18673 32 18708 3 18713 4 18732 1 18737 12 18767 2 18817 18 18847 2 18859 22 18896 17 18928 29 18958 3 18963 4 18969 4 18987 1 18993 12 19023 2 19073 18 19103 2 19115 22 19152 16 19184 32 19225 4 19247 13 19272 4 19278 3 19329 3 19333 13 19371 23 19403 21 19440 31 19481 4 19492 2 19496 5 19502 14 19526 7 19534 3 19585 1 19590 12 19627 23 19659 20 19696 30 19729 2 19732 1 19737 2 19747 3 19751 23 19776 19 19848 3 19854 5 19883 23 19914 21 19949 1 19951 25 19977 4 19985 4 19994 1 20003 2 20007 44 20105 2 20111 4 20138 23 20170 22 20205 36 20246 1 20250 3 20263 45 20311 16 20330 3 20361 2 20367 2 20393 23 20426 21 20451 47 20501 2 20505 4 20519 44 20564 26 20617 2 20648 23 20683 20 20707 47 20756 2 20761 2 20773 76 20903 22 20939 18 20963 41 21005 5 21012 2 21018 1 21026 2 21029 76 21159 20 21195 17 21215 1 21219 41 21268 1 21279 80 21415 16 21452 16 21471 1 21475 13 21489 28 21520 2 21524 1 21531 83 21670 15 21708 16 21727 2 21731 46 21780 1 21786 70 21857 8 21925 16 21952 2 21965 14 21988 11 22005 28 22042 50 22094 5 22100 12 22113 7 22181 15 22208 1 22221 14 22245 8 22262 16 22279 69 22351 25 22425 4 22433 2 22439 13 22464 1 22479 12 22501 4 22519 15 22535 70 22607 28 22639 3 22679 13 22694 15 22720 2 22736 11 22757 4 22775 124 22931 17 22950 14 22975 2 22980 2 23001 4 23013 2 23031 124 23187 17 23207 13 23231 1 23236 2 23257 3 23269 2 23288 123 23443 18 23463 10 23474 1 23513 4 23525 2 23545 121 23699 18 23718 10 23768 5 23781 2 23801 116 23919 2 23943 1 23955 23 23979 2 24025 4 24035 4 24056 117 24199 1 24212 21 24236 1 24282 3 24290 5 24315 114 24455 3 24469 20 24491 4 24538 3 24544 8 24555 1 24570 115 24696 5 24709 6 24724 26 24795 3 24800 15 24825 116 24945 1 24950 54 25018 1 25056 19 25077 1 25080 117 25201 1 25205 54 25275 1 25312 19 25332 118 25455 2 25461 54 25531 1 25567 138 25717 54 25787 2 25823 138 25973 54 26043 2 26048 1 26053 1 26079 137 26229 54 26310 1 26335 136 26479 60 26566 1 26589 139 26735 60 26845 140 26989 62 27098 142 27245 62 27354 143 27500 63 27609 210 27865 209 28120 210 28376 209 28628 213 28884 212 29141 1 29143 209 29398 207 29654 207 29911 188 30103 14 30167 188 30359 14 30423 2 30426 185 30614 16 30680 5 30686 181 30869 18 30936 2 30939 179 31120 23 31193 180 31377 22 31449 128 31578 51 31633 22 31701 1 31705 180 31888 23 31953 1 31956 3 31961 127 32089 52 32144 1 32148 20 32207 136 32345 51 32399 1 32404 19 32463 188 32654 25 32683 2 32718 189 32909 6 32916 19 32938 4 32972 185 33165 4 33172 25 33228 133 33362 47 33422 3 33429 24 33485 131 33619 4 33625 39 33678 3 33685 23 33742 130 33875 44 33933 4 33942 22 33997 180 34189 5 34198 22 34253 132 34386 46 34445 4 34454 22 34509 132 34642 45 34700 7 34710 23 34766 3 34773 170 34955 9 34965 24 35022 3 35031 164 35209 34 35279 1 35288 163 35466 33 35545 163 35709 3 35722 33 35763 3 35800 169 35977 35 36019 3 36055 171 36232 38 36275 4 36310 172 36487 39 36531 4 36566 173 36743 42 36789 2 36822 168 36991 4 36996 51 37077 169 37247 52 37302 3 37308 2 37332 172 37508 47 37558 8 37588 169 37759 2 37765 58 37844 170 38015 2 38021 58 38100 169 38271 1 38277 58 38356 169 38533 56 38612 171 38789 56 38869 173 39045 56 39125 173 39301 59 39364 1 39383 169 39557 60 39619 2 39639 169 39812 61 39898 169 40068 62 40155 168 40324 61 40407 3 40411 230 40662 234 40916 235 41171 236 41424 239 41679 240 41931 1 41934 27 41962 1 41965 210 42187 1 42189 30 42223 2 42231 200 42443 31 42488 199 42699 31 42745 136 42885 3 42890 53 42956 30 43001 137 43140 3 43146 53 43204 1 43212 30 43257 138 43396 59 43468 30 43509 1 43511 141 43653 3 43657 54 43725 28 43766 141 43914 51 43981 28 44017 3 44021 6 44029 134 44171 50 44237 28 44272 11 44285 131 44429 1 44431 44 44493 29 44527 142 44689 31 44721 7 44749 31 44783 5 44789 134 44949 25 44977 4 44998 1 45006 37 45045 131 45206 24 45233 2 45253 2 45262 37 45301 129 45463 23 45509 2 45519 35 45557 128 45694 2 45719 22 45765 2 45775 35 45813 126 45975 19 46019 5 46031 35 46070 125 46224 1 46229 20 46275 6 46287 30 46319 3 46326 125 46464 3 46468 3 46477 9 46489 15 46531 7 46541 23 46587 120 46721 6 46733 7 46745 7 46753 2 46758 1 46787 6 46797 23 46843 118 46978 6 46989 6 47001 1 47044 4 47053 24 47087 2 47099 118 47235 4 47248 2 47301 3 47308 25 47343 2 47355 114 47492 3 47558 1 47561 28 47599 2 47610 115 47815 1 47817 28 47855 2 47866 113 48048 3 48071 33 48123 1 48125 2 48128 106 48261 2 48302 6 48311 2 48327 33 48381 2 48384 106 48516 4 48555 11 48582 31 48640 99 48741 6 48771 5 48810 12 48837 30 48896 98 48996 7 49028 4 49062 16 49087 2 49091 30 49150 1 49152 98 49251 8 49285 2 49317 17 49342 35 49405 2 49408 104 49575 14 49598 37 49659 108 49833 12 49855 4 49861 30 49915 4 49920 103 50054 1 50090 11 50111 38 50171 108 50309 2 50346 11 50367 38 50426 109 50539 4 50565 2 50602 10 50623 39 50682 109 50794 5 50858 10 50879 2 50884 34 50938 109 51050 5 51114 11 51141 32 51195 108 51307 4 51369 13 51397 32 51454 1 51456 103 51563 3 51626 13 51653 32 51712 111 51882 13 51910 31 51968 112 52138 13 52169 27 52224 113 52343 3 52393 14 52425 27 52480 112 52599 4 52648 15 52681 26 52736 112 52855 2 52903 16 52937 23 52992 113 53111 1 53162 12 53193 22 53248 113 53363 5 53392 1 53419 11 53448 20 53504 120 53676 9 53707 10 53760 120 53933 8 53964 8 54016 120 54190 5 54272 120 54447 4 54528 123 54669 4 54784 123 54925 4 55040 123 55164 3 55182 2 55185 2 55296 128 55425 1 55429 1 55438 5 55552 130 55693 5 55808 124 55935 3 55949 5 56064 123 56205 6 56320 123 56461 8 56576 124 56719 7 56832 124 56975 7 57088 125 57231 6 57315 1 57330 1 57344 125 57488 3 57492 2 57569 4 57585 3 57600 124 57823 8 57837 2 57840 5 57848 132 58079 7 58093 147 58336 6 58348 151 58500 6 58593 5 58603 163 58786 1 58849 4 58859 164 59107 1 59115 162 59278 1 59302 1 59371 164 59557 4 59627 168 59797 4 59814 5 59883 168 60053 9 60070 5 60138 181 60325 11 60390 186 60581 12 60645 205 60901 205 61159 203 61383 3 61416 203 61639 3 61673 202 61882 2 61893 1 61929 202 62138 2 62185 201 62393 5 62441 200 62649 6 62659 1 62697 220 62951 140 63093 80 63207 224 63463 224 63718 226 63973 228 64229 230 64485 230 64741 230 64997 230 65253 230 65487 2 65513 23
190259,0 223 224 31 256 217 483 246 741 244 997 244 1253 24 1280 217 1509 24 1536 217 1765 23 1792 217 2021 22 2048 217 2277 22 2304 217 2534 10 2547 7 2560 217 2791 8 2805 4 2816 219 3050 3 3072 219 3328 219 3584 219 3840 220 4096 221 4352 222 4608 223 4838 8 4864 240 5120 241 5376 241 5632 242 5888 243 6144 243 6400 243 6656 243 6912 243 7168 243 7424 243 7680 243 7936 244 8192 244 8448 244 8704 245 8960 245 9216 245 9472 245 9728 245 9984 244 10240 244 10496 243 10752 243 11008 243 11264 242 11520 241 11776 241 12032 228 12263 8 12288 226 12521 5 12544 223 12800 223 13056 221 13312 205 13518 15 13568 203 13775 12 13824 203 14032 10 14080 202 14336 201 14592 164 14759 33 14848 164 15015 32 15104 163 15272 30 15360 163 15528 30 15616 161 15785 29 15872 161 16042 29 16128 160 16299 28 16384 160 16558 25 16640 159 16820 19 16896 159 17077 17 17152 159 17335 14 17408 159 17595 8 17664 160 17920 160 18176 161 18432 161 18688 162 18944 163 19200 163 19438 5 19456 163 19686 3 19695 5 19712 163 19940 7 19950 7 19965 167 20195 19 20219 169 20449 22 20475 169 20704 24 20730 169 20959 196 21214 197 21470 16 21487 180 21726 15 21745 178 21981 16 22001 178 22237 16 22256 179 22493 32 22528 163 22748 33 22784 164 23004 31 23040 164 23260 16 23277 14 23296 115 23414 47 23516 13 23533 15 23552 115 23671 46 23773 11 23789 16 23808 115 23934 39 24029 10 24045 16 24064 115 24191 38 24285 10 24301 16 24320 115 24447 38 24543 6 24557 14 24576 115 24703 38 24801 2 24814 11 24832 116 24959 37 25088 116 25215 36 25344 115 25471 36 25575 3 25600 115 25726 37 25830 5 25856 85 25945 26 25982 35 26086 5 26112 85 26201 26 26238 35 26342 5 26368 83 26458 23 26493 35 26599 3 26624 82 26714 17 26732 4 26749 35 26880 82 26971 15 26991 1 27005 34 27136 81 27227 14 27247 1 27261 34 27392 81 27483 14 27517 33 27648 81 27739 14 27773 32 27867 1 27904 81 27996 12 28030 29 28119 12 28160 81 28253 11 28287 28 28375 13 28416 80 28509 9 28544 27 28629 16 28672 80 28766 7 28801 26 28884 19 28928 80 29057 25 29139 21 29184 47 29233 31 29314 24 29395 22 29440 80 29570 23 29651 23 29696 47 29745 31 29826 23 29906 25 29952 45 30001 31 30081 23 30162 26 30208 45 30258 29 30337 22 30418 27 30464 39 30505 4 30514 29 30593 22 30675 26 30720 39 30761 3 30771 28 30849 21 30931 26 30976 38 31016 1 31018 2 31031 22 31105 20 31187 26 31232 38 31272 1 31274 1 31289 19 31362 19 31444 25 31488 40 31529 2 31547 12 31619 15 31701 23 31744 40 31785 2 31877 3 31958 22 32000 29 32031 10 32217 18 32256 29 32287 10 32475 16 32512 41 32695 3 32733 14 32768 41 32945 14 32991 10 33024 35 33062 3 33198 18 33250 4 33280 35 33454 19 33536 26 33568 2 33710 19 33792 26 33966 19 34048 25 34223 18 34304 25 34479 18 34560 26 34592 1 34737 16 34816 27 34845 6 34993 16 35072 35 35251 14 35328 35 35507 14 35584 36 35765 11 35840 37 36022 9 36096 37 36352 38 36608 38 36864 39 37120 39 37376 39 37632 39 37888 39 38144 38 38400 37 38656 37 38912 36 39168 34 39424 32 39671 1 39680 28 39926 5 39936 24 40182 5 40192 22 40439 4 40448 21 40695 3 40704 11 40815 10 40960 10 41069 14 41213 12 41323 17 41467 13 41579 18 41722 14 41834 19 41974 17 42051 5 42089 21 42231 17 42305 9 42345 22 42491 13 42555 4 42561 10 42601 22 42749 11 42808 21 42856 24 43008 8 43063 22 43112 24 43146 1 43264 8 43318 25 43368 24 43398 9 43493 6 43520 8 43573 26 43624 25 43653 11 43747 8 43776 8 43813 2 43828 27 43879 26 43907 13 43998 14 44032 8 44068 3 44083 29 44134 28 44163 13 44252 17 44288 8 44323 4 44338 29 44389 43 44505 20 44544 8 44579 4 44593 30 44646 43 44761 20 44800 7 44829 2 44835 3 44843 1 44845 34 44903 42 45016 22 45056 7 45083 10 45099 36 45158 43 45272 23 45312 7 45337 12 45355 35 45413 46 45527 26 45568 7 45593 12 45611 34 45669 47 45783 26 45824 7 45848 13 45867 27 45927 46 46038 29 46071 2 46080 7 46103 14 46119 1 46122 27 46183 46 46293 30 46327 2 46336 7 46357 47 46442 45 46547 32 46584 2 46592 7 46612 47 46699 44 46802 34 46848 8 46865 48 46958 41 47047 5 47057 35 47102 10 47119 49 47215 40 47301 8 47313 35 47357 11 47374 47 47474 37 47556 9 47569 35 47611 13 47629 48 47731 36 47811 10 47825 35 47867 13 47884 47 47998 25 48065 13 48087 29 48122 14 48139 47 48255 24 48320 14 48343 29 48378 14 48395 47 48511 24 48571 19 48599 30 48634 15 48651 47 48767 24 48826 20 48855 30 48890 65 49023 25 49083 21 49107 36 49146 65 49280 24 49339 61 49402 65 49536 27 49595 128 49792 29 49851 129 50049 38 50091 12 50107 64 50173 64 50304 56 50363 64 50432 62 50561 56 50619 64 50688 63 50819 121 50944 65 51081 115 51200 65 51338 83 51422 31 51458 65 51595 114 51715 64 51851 114 51971 65 52107 52 52161 2 52165 56 52227 66 52306 5 52363 52 52423 54 52483 66 52560 8 52595 4 52617 55 52679 54 52739 66 52815 10 52849 6 52872 56 52936 54 52996 65 53072 11 53102 11 53127 57 53191 56 53252 65 53328 12 53355 15 53383 58 53447 57 53509 64 53583 14 53609 18 53639 60 53702 58 53766 64 53839 15 53865 18 53895 121 54024 62 54096 15 54119 21 54149 123 54281 2 54286 56 54352 16 54375 25 54403 125 54543 54 54609 175 54799 54 54866 174 55059 46 55123 173 55315 45 55380 172 55571 42 55638 170 55828 40 55894 170 56084 31 56151 169 56341 29 56407 169 56597 26 56663 169 56853 20 56919 169 57110 16 57175 112 57289 55 57367 14 57431 112 57546 20 57567 33 57626 5 57687 112 57803 14 57825 31 57943 112 58059 13 58082 30 58168 9 58199 113 58319 5 58340 28 58423 12 58454 114 58577 1 58597 27 58679 14 58707 117 58853 27 58886 3 58935 17 58962 118 59109 27 59140 6 59191 23 59215 121 59364 28 59395 8 59447 145 59619 29 59651 8 59703 97 59805 43 59875 30 59907 8 59959 97 60061 42 60131 31 60163 8 60215 97 60317 42 60387 41 60471 97 60573 42 60643 44 60727 98 60827 42 60899 44 60984 97 61083 42 61155 45 61241 140 61410 47 61499 138 61666 49 61760 134 61921 50 62016 133 62177 50 62267 138 62433 50 62522 139 62689 49 62753 3 62776 141 62945 20 62969 24 63009 3 63031 142 63201 20 63227 21 63265 2 63287 144 63457 19 63484 20 63521 1 63527 1 63542 123 63667 20 63713 18 63741 18 63781 4 63797 124 63924 21 63969 18 63998 18 64026 1 64031 2 64037 4 64053 148 64225 18 64255 17 64278 1 64282 1 64293 2 64307 152 64481 19 64511 18 64533 2 64539 2 64563 152 64737 19 64767 14 64789 2 64793 3 64803 1 64821 150 64995 17 65023 12 65059 1 65077 150 65251 18 65279 12 65315 4 65333 150 65507 18
191621,0 65536
191853,0 65536
192744,0 46889 46895 237 47135 10 47151 237 47390 13 47405 238 47645 799 48446 254 48702 255 48958 210 49171 44 49221 200 49426 44 49478 193 49674 2 49682 44 49734 192 49938 43 49991 190 50194 43 50248 184 50451 42 50505 183 50707 41 50761 183 50963 40 51018 182 51219 38 51275 181 51475 38 51533 179 51731 38 51791 177 51987 37 52047 177 52243 37 52303 177 52499 37 52559 177 52755 37 52815 177 53011 36 53071 177 53267 36 53327 177 53523 35 53583 177 53777 36 53839 177 54031 38 54096 176 54285 40 54353 176 54536 45 54611 175 54791 46 54867 226 55124 225 55380 225 55635 226 55890 227 56144 229 56399 230 56654 231 56909 233 57165 233 57419 236 57675 236 57930 237 58185 238 58441 239 58697 239 58953 240 59209 240 59465 240 59722 239 59978 239 60235 238 60491 237 60747 236 61004 234 61261 232 61519 229 61776 227 62033 226 62289 30 62323 44 62371 144 62545 30 62578 44 62627 146 62802 76 62880 2 62883 146 63059 78 63138 147 63317 224 63575 225 63833 223 64090 221 64347 218 64566 1 64604 217 64861 216 65117 218 65373 163
196973,0 65536
217771,0 65536
222553,0 65536
222596,0 65536
227391,0 65536
232617,1 60 125 1 127 36 219 22 256 59 393 25 476 21 512 59 650 23 732 20 768 59 905 25 988 20 1024 59 1161 25 1244 19 1280 58 1417 26 1501 17 1536 57 1673 27 1757 17 1792 55 1929 27 2013 16 2048 55 2185 27 2270 15 2304 52 2440 28 2527 14 2560 51 2697 27 2784 13 2816 41 2859 5 2884 12 2953 26 3043 9 3072 40 3139 14 3209 26 3299 8 3331 2 3335 32 3394 17 3465 26 3587 2 3590 32 3650 17 3721 26 3843 34 3903 22 3977 26 4096 36 4155 26 4234 26 4352 33 4410 27 4491 26 4608 8 4620 20 4665 29 4747 26 4864 7 4882 8 4921 29 5003 26 5120 7 5175 31 5260 25 5376 7 5428 34 5517 24 5632 7 5683 35 5774 23 5888 7 5937 38 6033 19 6144 7 6193 39 6290 18 6310 2 6400 7 6448 42 6547 16 6565 3 6656 7 6704 43 6804 14 6821 2 6912 6 6959 45 7061 12 7168 6 7215 45 7318 11 7424 5 7471 46 7533 7 7576 8 7680 5 7706 2 7726 47 7788 11 7835 2 7936 5 7961 8 7978 53 8040 16 8192 5 8216 13 8232 55 8294 18 8448 4 8472 96 8704 5 8728 96 8960 5 8984 96 9216 5 9240 95 9472 5 9497 94 9728 5 9753 94 9984 2 10010 94 10240 3 10258 1 10266 94 10496 3 10522 18 10545 72 10752 3 10778 17 10802 71 11008 3 11033 13 11059 71 11264 5 11289 12 11315 72 11520 6 11546 11 11573 70 11776 7 11802 10 11829 70 12032 8 12054 14 12085 70 12288 9 12305 20 12341 70 12544 38 12597 68 12800 38 12854 67 13056 38 13101 2 13112 64 13312 39 13357 3 13369 62 13568 41 13610 7 13627 58 13824 50 13885 7 13893 48 14080 51 14151 46 14336 51 14408 45 14592 52 14664 44 14848 52 14920 44 15104 51 15176 43 15360 50 15432 43 15616 28 15645 17 15687 42 15872 28 15902 15 15943 42 16128 27 16159 13 16198 42 16384 28 16416 11 16453 39 16640 27 16673 8 16709 38 16896 27 16929 7 16965 37 17152 27 17186 4 17221 36 17408 29 17443 2 17476 37 17664 29 17732 37 17920 29 17988 37 18176 29 18211 1 18245 36 18432 28 18467 3 18501 36 18688 27 18723 3 18757 36 18944 27 18979 2 19013 35 19200 27 19231 2 19235 2 19270 35 19456 30 19487 3 19491 3 19526 35 19712 19 19732 13 19748 1 19782 37 19968 17 19990 7 19999 2 20039 38 20224 16 20249 3 20295 42 20480 15 20551 44 20736 13 20808 44 20992 12 21064 45 21248 9 21319 47 21370 1 21504 2 21508 1 21575 48 21626 1 21817 67 22072 68 22325 73 22581 74 22835 77 23090 79 23345 82 23600 84 23855 88 24111 89 24365 93 24621 94 24876 98 25132 99 25387 101 25643 102 25899 104 26155 104 26411 105 26666 106 26922 107 27178 107 27434 107 27690 107 27915 7 27947 107 28169 10 28203 107 28424 17 28459 107 28680 20 28715 107 28935 24 28970 108 29191 24 29226 108 29446 27 29481 109 29701 29 29735 111 29956 145 30211 146 30467 147 30721 150 30976 152 31232 153 31488 153 31744 153 32000 154 32256 154 32512 155 32768 155 33024 155 33280 155 33536 155 33792 156 34048 156 34304 156 34560 156 34816 156 35072 156 35328 156 35584 155 35840 155 36096 153 36352 152 36608 150 36864 149 37120 147 37376 145 37632 143 37888 143 38144 143 38400 143 38656 142 38912 142 39168 141 39424 141 39680 139 39936 138 40192 136 40448 136 40704 134 40960 133 41216 132 41472 132 41728 131 41984 131 42240 129 42496 128 42752 118 43008 117 43264 117 43520 117 43776 116 44032 116 44288 116 44544 116 44800 116 45056 116 45312 115 45568 115 45824 115 46080 115 46336 113 46592 113 46848 112 47104 95 47201 14 47360 94 47461 6 47616 94 47872 94 48128 94 48384 94 48640 94 48896 95 49152 95 49408 95 49664 95 49920 101 50176 102 50432 105 50688 106 50944 107 51200 107 51456 108 51712 108 51968 37 52007 70 52224 37 52264 69 52480 35 52522 67 52736 34 52779 66 52992 31 53037 64 53248 27 53294 62 53504 22 53550 61 53760 5 53766 15 53806 42 53851 16 54016 2 54023 14 54062 41 54107 14 54272 2 54279 15 54318 1 54320 39 54363 13 54528 2 54538 7 54577 22 54603 11 54620 11 54784 2 54795 6 54833 3 54837 16 54860 10 54877 8 55040 3 55052 6 55090 1 55096 11 55116 9 55296 5 55308 7 55354 7 55372 8 55552 6 55564 10 55583 2 55611 4 55630 4 55808 7 55820 10 55837 4 55867 4 55888 1 56064 9 56075 12 56095 2 56123 6 56320 24 56351 3 56379 6 56576 26 56608 2 56634 7 56832 27 56890 8 56901 2 57088 29 57145 15 57344 31 57385 3 57401 16 57600 27 57629 4 57639 7 57657 16 57856 27 57895 8 57913 16 58112 27 58150 11 58168 18 58368 26 58405 15 58423 20 58624 26 58660 39 58880 25 58917 38 59136 25 59173 38 59392 25 59428 39 59648 25 59684 41 59904 24 59939 43 60160 21 60194 45 60416 8 60427 8 60449 46 60672 3 60685 2 60704 48 60928 3 60960 49 61184 3 61216 49 61440 4 61446 1 61472 49 61696 9 61728 49 61952 9 61985 48 62208 15 62242 48 62464 15 62485 1 62498 48 62720 23 62745 1 62754 49 62976 10 62991 8 63002 2 63011 47 63232 9 63249 7 63258 2 63269 44 63488 9 63505 10 63526 43 63744 9 63759 13 63773 1 63784 38 64000 9 64015 17 64041 37 64256 36 64295 40 64512 37 64550 44 64768 42 64814 47 64876 1 65024 42 65070 48 65132 2 65280 5 65286 2 65289 35 65326 49 65379 1 65382 1 65386 6
238364,0 272 277 251 534 250 790 251 1046 580 1628 254 1883 1464 3349 244 3596 5 3605 251 3860 252 4116 241 4358 10 4372 241 4616 7 4627 243 4882 243 5131 2 5137 244 5387 7 5396 87 5485 154 5642 6 5652 88 5741 148 5894 9 5907 56 5964 17 5983 2 5987 8 5997 147 6149 9 6162 57 6220 17 6239 2 6243 8 6254 146 6405 6 6417 89 6510 146 6661 8 6671 1 6673 89 6765 2 6768 144 6916 102 7024 144 7171 102 7280 144 7427 101 7535 145 7683 102 7789 147 7937 102 8047 145 8193 98 8293 1 8303 145 8449 75 8527 16 8548 3 8561 143 8705 75 8783 16 8804 3 8817 3 8822 3 8826 228 9059 5 9065 1 9068 1 9074 3 9079 137 9217 94 9315 12 9330 3 9335 249 9591 245 9837 3 9847 245 10095 2 10102 246 10351 3 10358 246 10607 3 10614 247 10862 4 10870 187 11059 58 11119 2 11125 188 11316 15 11332 41 11375 1 11381 188 11573 56 11633 1 11637 187 11829 56 11889 191 12083 58 12143 193 12339 58 12399 3 12404 187 12593 58 12655 2 12660 248 12916 249 13166 1 13172 253 13427 3873 17301 255 17557 256 17814 255 18070 4739 22810 255 23067 252 23323 1 23325 250 23581 250 23836 250 24092 250 24347 248 24596 2 24603 248 24859 248 25114 248 25369 248 25623 250 25878 249 26128 1 26133 250 26389 254 26646 253 26901 253 27157 255 27413 5632 33047 510 33561 252 33817 505 34325 251 34580 2 34584 247 34835 2 34839 248 35089 3 35094 250 35345 2 35349 244 35595 5 35603 250 35859 221 36082 27 36115 220 36338 27 36373 217 36594 25 36629 217 36849 26 36885 216 37105 28 37142 206 37353 6 37362 25 37398 207 37609 5 37618 25 37654 217 37873 24 37909 244 38164 245 38419 246 38675 246 38931 246 39185 249 39441 250 39697 250 39954 249 40211 248 40467 772 41241 253 41497 253 41753 512 42271 249 42528 247 42785 246 43041 244 43298 243 43554 243 43811 241 44067 241 44323 241 44579 243 44835 218 45056 24 45091 218 45312 26 45347 217 45568 27 45603 218 45824 28 45859 218 46080 29 46115 218 46336 29 46370 252 46625 253 46881 254 47136 7931 55071 252 55326 1791 57119 242 57364 9 57376 238 57621 7 57634 234 57877 6 57891 10 57902 219 58135 2 58150 5 58161 215 58407 2 58416 2 58421 206 58662 1 58664 1 58669 4 58677 203 58924 4 58933 203 59187 205 59442 206 59695 209 59951 117 60070 90 60207 2 60210 110 60326 90 60463 112 60582 90 60720 112 60838 90 60972 3 60979 110 61093 91 61226 4 61231 3 61236 3 61241 103 61346 2 61349 91 61483 2 61487 3 61497 103 61601 95 61739 6 61753 102 61857 95 61995 6 62009 102 62113 95 62252 7 62264 78 62346 21 62368 96 62508 90 62603 117 62763 90 62859 117 63019 54 63075 4 63080 29 63115 117 63275 8 63287 41 63334 1 63339 26 63373 115 63529 8 63541 44 63596 26 63629 115 63781 11 63797 20 63819 10 63832 9 63852 27 63885 115 64039 8 64053 20 64075 10 64088 7 64109 26 64141 115 64311 1 64315 2 64321 6 64331 9 64344 6 64365 27 64397 115 64579 3 64587 3 64591 5 64600 6 64623 25 64654 114 64857 4 64881 23 64912 112 65115 4 65138 22 65169 111 65349 1 65357 3 65371 5 65395 19 65425 111
243578,28926 1 29181 2 29438 1 29691 5 29945 7 30197 11 30451 13 30703 17 30957 19 31209 23 31463 25 31716 28 31970 30 32223 33 32477 35 32729 39 32983 41 33235 45 33489 47 33741 51 33994 54 34246 58 34501 59 34752 64 35006 66 35259 69 35512 72 35765 75 36019 77 36271 81 36525 83 36777 87 37031 89 37283 93 37537 95 37789 99 38043 101 38295 105 38549 107 38801 111 39055 113 39307 117 39562 118 39814 122 40067 125 40319 129 40573 131 40825 135 41079 137 41331 141 41585 143 41838 146 42091 149 42343 153 42597 155 42849 159 43104 160 43356 164 43610 166 43862 170 44116 172 44368 176 44622 178 44874 182 45128 184 45380 188 45634 190 45886 194 46140 196 46392 200 46646 202 46899 205 47153 207 47405 211 47659 213 47911 217 48165 219 48417 223 48671 225 48923 229 49177 231 49429 235 49683 237 49935 241 50189 243 50433 2 50441 250 50695 14841
246195,0 22611 22613 4329 26945 77 27023 174 27201 75 27281 250 27537 250 27793 250 28049 250 28305 250 28560 251 28816 251 29072 251 29330 7 29339 241 29595 242 29851 243 30108 242 30365 242 30621 140 30763 100 30877 142 31020 101 31133 139 31278 99 31389 138 31537 96 31645 137 31793 98 31901 135 32051 96 32156 135 32307 96 32411 1 32413 133 32563 100 32666 135 32819 231 33075 228 33331 225 33585 226 33840 225 34066 6 34076 1 34095 224 34320 15 34349 244 34604 246 34859 249 35113 252 35369 390 35762 253 36018 12073 48093 32 48126 214 48350 30 48383 212 48608 25 48639 212 48865 24 48894 211 49124 20 49147 213 49381 12 49395 3 49402 192 49595 20 49657 192 49853 18 49913 192 50113 12 50169 192 50369 12 50423 194 50627 8 50679 194 50934 195 51191 195 51447 206 51705 204 51961 203 52217 203 52473 203 52729 203 52985 203 53241 203 53497 198 53753 197 54009 195 54266 194 54525 190 54782 187 55038 186 55295 178 55551 177 55807 177 56063 176 56320 173 56576 173 56832 172 57088 172 57344 171 57600 171 57856 171 58112 171 58367 172 58623 172 58877 173 59133 90 59224 81 59389 90 59481 79 59645 90 59737 76 59902 89 59994 75 60158 89 60251 74 60414 90 60507 74 60670 90 60763 74 60926 90 61019 73 61182 90 61276 71 61440 87 61533 25 61559 43 61696 87 61790 19 61823 33 61952 87 62047 18 62080 31 62208 87 62304 11 62337 27 62464 87 62560 10 62593 24 62720 85 62821 5 62850 19 62976 84 63077 4 63107 16 63232 83 63334 1 63364 13 63488 82 63621 9 63744 81 64000 81 64256 81 64512 81 64605 1 64768 82 64855 10 64867 7 64877 5 65024 81 65111 19 65132 5 65280 81 65366 27
246347,0 205 215 8 253 2 256 189 451 6 475 1 510 191 768 189 1024 125 1151 68 1220 4 1280 124 1407 80 1493 2 1497 2 1536 123 1663 92 1792 220 2048 221 2298 2 2304 221 2533 12 2554 2 2560 221 2789 11 2810 2 2816 219 3045 8 3067 1 3072 217 3300 9 3328 217 3551 2 3556 3 3584 218 3808 1 3814 1 3840 127 3970 69 4040 19 4069 2 4096 127 4225 70 4296 20 4323 5 4352 61 4416 14 4432 47 4480 71 4552 20 4579 6 4608 60 4673 12 4689 45 4736 71 4809 18 4835 6 4859 1 4864 59 4929 10 4944 46 4991 70 5065 16 5086 13 5113 3 5120 59 5184 12 5199 47 5247 68 5320 17 5339 18 5368 5 5376 57 5436 1 5439 12 5455 116 5573 1 5577 15 5595 3 5599 14 5621 1 5623 8 5632 57 5695 10 5711 2 5714 31 5749 82 5833 15 5851 1 5856 13 5879 1 5881 6 5888 57 5949 11 5971 26 5998 1 6009 5 6017 87 6111 14 6135 66 6204 11 6227 26 6267 2 6272 88 6365 17 6389 67 6459 12 6472 7 6484 23 6524 1 6528 69 6599 17 6617 22 6644 68 6713 12 6727 8 6740 23 6784 9 6795 101 6900 73 6974 3 6983 10 6997 24 7039 6 7051 73 7125 23 7157 73 7239 10 7255 23 7291 2 7295 4 7307 95 7413 72 7495 10 7511 24 7547 2 7559 98 7669 72 7751 9 7767 24 7802 2 7814 98 7927 70 8003 2 8007 9 8024 24 8067 102 8171 2 8182 71 8259 3 8264 7 8281 23 8308 2 8323 102 8427 3 8436 74 8515 3 8519 4 8541 2 8545 22 8571 2 8577 104 8685 1 8691 75 8771 8 8801 22 8827 2 8833 104 8947 29 8977 17 8995 13 9009 13 9027 8 9045 6 9057 140 9203 28 9233 45 9283 4 9288 3 9300 8 9311 142 9457 29 9489 45 9539 3 9545 2 9548 1 9555 151 9707 35 9746 32 9781 9 9795 2 9801 2 9811 150 9962 40 10003 22 10027 2 10031 1 10037 8 10051 2 10059 1 10067 8 10079 144 10226 56 10284 1 10287 2 10293 8 10308 2 10313 4 10323 7 10335 144 10484 54 10541 3 10548 3 10553 4 10569 4 10579 4 10593 141 10740 54 10798 2 10803 4 10809 4 10825 4 10835 2 10849 140 10995 54 11054 2 11057 4 11065 6 11082 1 11105 136 11242 2 11254 1 11257 24 11284 20 11309 8 11320 7 11361 136 11498 2 11513 22 11540 19 11564 6 11572 10 11587 2 11619 138 11765 1 11768 23 11796 20 11818 6 11827 1 11829 8 11875 138 12021 26 12051 42 12125 150 12276 29 12307 32 12340 9 12380 151 12532 29 12564 30 12596 9 12629 157 12788 29 12821 8 12830 5 12837 12 12852 9 12866 3 12884 158 13045 28 13077 7 13093 3 13097 8 13107 9 13119 8 13139 157 13301 29 13332 8 13348 3 13353 8 13363 19 13395 156 13557 33 13593 4 13601 6 13609 17 13628 10 13651 151 13804 1 13811 35 13849 3 13857 6 13865 16 13883 11 13905 152 14067 35 14105 3 14114 4 14120 17 14139 12 14160 141 14305 6 14324 30 14356 1 14361 4 14370 4 14375 24 14401 4 14415 142 14560 7 14580 29 14616 5 14626 28 14671 141 14815 8 14835 30 14872 5 14883 26 14927 140 15071 8 15091 31 15130 3 15140 25 15183 137 15326 5 15339 1 15345 33 15386 4 15399 4 15404 18 15439 148 15595 3 15600 33 15641 5 15655 3 15661 1 15665 13 15695 147 15847 1 15850 39 15897 5 15922 12 15951 148 16102 2 16106 39 16153 6 16178 11 16207 142 16353 48 16409 8 16433 12 16455 2 16462 143 16609 48 16661 1 16665 8 16690 11 16709 4 16717 142 16867 46 16921 8 16947 10 16965 3 16973 142 17120 2 17125 45 17175 1 17177 8 17203 11 17221 39 17261 12 17275 95 17373 53 17429 3 17433 8 17459 11 17476 2 17479 50 17531 151 17683 3 17689 8 17715 11 17732 1 17735 7 17744 40 17786 154 17946 7 17972 10 17991 9 18001 38 18042 154 18202 5 18227 11 18246 42 18289 5 18299 153 18457 6 18483 11 18505 1 18507 43 18555 154 18712 7 18739 11 18761 1 18765 8 18781 25 18809 1 18811 154 18969 5 18995 11 19017 2 19023 6 19030 1 19038 1 19040 21 19062 1 19066 156 19226 4 19251 1 19254 7 19274 1 19281 4 19298 4 19304 9 19314 165 19481 5 19500 2 19511 6 19529 1 19536 5 19555 2 19559 24 19585 2 19588 23 19613 129 19749 1 19756 1 19768 5 19790 7 19804 2 19815 23 19841 1 19844 1 19848 6 19857 4 19871 127 20005 1 20024 5 20046 7 20060 2 20071 23 20103 6 20114 3 20127 127 20259 6 20281 4 20295 4 20306 5 20316 4 20321 2 20327 29 20358 6 20369 3 20387 123 20515 6 20537 4 20551 4 20561 1 20563 3 20572 3 20576 2 20583 27 20613 7 20623 6 20643 15 20659 107 20773 2 20787 4 20793 4 20808 1 20815 3 20820 1 20828 2 20837 28 20869 16 20897 6 20904 9 20916 106 21043 4 21049 4 21069 4 21093 18 21113 8 21125 16 21153 4 21161 7 21175 6 21182 96 21299 10 21319 2 21325 3 21347 18 21368 4 21373 24 21409 4 21419 3 21433 102 21551 2 21555 10 21575 2 21580 4 21603 18 21624 3 21629 25 21668 1 21676 1 21688 105 21803 6 21812 9 21831 3 21836 4 21857 20 21880 2 21887 22 21945 5 21951 98 22059 4 22068 4 22073 4 22093 3 22113 20 22136 1 22146 19 22201 4 22209 1 22211 96 22311 4 22324 3 22330 3 22352 1 22357 2 22369 18 22403 16 22458 2 22464 2 22467 98 22566 5 22580 2 22586 3 22608 2 22611 4 22619 14 22635 8 22659 7 22669 5 22713 3 22719 7 22727 98 22836 2 22842 3 22863 8 22874 14 22891 8 22914 5 22925 2 22969 13 22983 98 23091 3 23098 3 23118 10 23129 15 23145 10 23169 7 23181 2 23186 2 23225 114 23345 4 23353 4 23374 1 23379 8 23389 20 23415 4 23425 7 23441 3 23481 8 23491 99 23592 3 23601 4 23609 4 23635 7 23645 21 23671 4 23681 5 23687 2 23696 5 23737 8 23747 96 23849 4 23864 5 23892 1 23895 2 23904 19 23929 2 23937 5 23943 3 23951 6 23993 5 24003 78 24083 16 24107 3 24119 6 24162 17 24185 2 24193 10 24206 6 24250 3 24258 78 24339 16 24363 2 24374 7 24426 3 24430 5 24449 11 24461 7 24491 3 24506 3 24512 75 24588 5 24594 16 24619 2 24629 8 24684 1 24688 2 24696 1 24705 10 24716 9 24728 2 24747 2 24761 1 24764 101 24873 4 24883 9 24945 1 24952 1 24961 18 25011 6 25020 101 25122 1 25129 3 25137 11 25158 1 25217 18 25266 4 25277 102 25384 3 25392 13 25414 2 25438 1 25473 16 25522 2 25535 35 25572 63 25640 3 25647 14 25669 3 25692 5 25728 18 25778 1 25791 34 25828 65 25895 4 25902 15 25925 2 25947 8 25983 19 26033 2 26047 34 26085 70 26158 15 26181 3 26203 9 26239 19 26289 2 26303 34 26343 68 26413 15 26433 2 26437 2 26459 10 26474 1 26494 1 26497 12 26511 3 26559 35 26598 50 26650 17 26669 15 26689 2 26693 1 26715 11 26728 3 26749 1 26752 2 26755 10 26767 2 26809 1 26815 36 26853 51 26906 17 26926 10 26937 4 26945 2 26948 3 26970 19 26991 3 27005 1 27008 6 27016 5 27023 1 27072 88 27161 11 27173 6 27183 8 27194 3 27201 6 27226 25 27261 16 27278 2 27329 98 27430 5 27439 8 27449 4 27455 8 27474 2 27483 9 27494 17 27516 2 27521 16 27585 97 27686 5 27695 8 27705 4 27711 8 27733 2 27740 8 27750 17 27772 2 27777 5 27783 10 27812 2 27841 96 27943 4 27951 24 27997 6 28005 18 28028 1 28036 1 28041 6 28067 2 28099 93 28199 5 28207 22 28254 5 28261 18 28283 2 28297 6 28323 1 28355 92 28455 5 28463 19 28510 5 28523 6 28532 4 28539 2 28553 6 28609 16 28628 74 28711 5 28718 20 28741 1 28765 5 28781 4 28788 6 28795 2 28809 4 28864 17 28884 73 28965 5 28974 19 29022 1 29049 5 29065 4 29089 4 29120 16 29139 74 29221 3 29230 18 29305 4 29321 3 29345 4 29377 1 29382 10 29395 14 29411 58 29477 2 29485 17 29545 2 29551 1 29562 3 29598 7 29617 2 29632 1 29643 5 29652 13 29669 56 29727 2 29731 4 29740 17 29800 3 29804 1 29818 4 29854 7 29873 1 29880 1 29887 3 29897 6 29908 14 29924 67 29995 18 30020 5 30041 4 30055 3 30064 1 30081 1 30109 8 30128 1 30136 2 30143 2 30153 2 30156 2 30164 10 30176 71 30251 18 30275 6 30295 6 30354 1 30365 3 30369 4 30389 4 30423 6 30433 70 30506 31 30538 1 30544 3 30553 3 30562 2 30609 2 30621 7 30639 2 30644 2 30647 3 30680 5 30690 59 30753 6 30762 33 30800 2 30809 2 30818 3 30864 3 30877 9 30895 2 30900 2 30904 2 30936 5 30944 61 31009 6 31018 31 31073 4 31109 5 31120 3 31132 10 31146 1 31150 3 31160 2 31165 6 31176 2 31180 2 31192 6 31199 61 31267 4 31274 31 31329 3 31365 6 31376 3 31389 8 31402 1 31405 4 31415 3 31421 4 31426 1 31432 2 31437 2 31448 69 31524 3 31530 31 31584 5 31611 1 31621 6 31631 4 31645 7 31657 2 31661 3 31671 3 31678 2 31687 2 31693 1 31706 77 31786 37 31835 10 31854 1 31867 2 31878 5 31887 4 31900 7 31913 1 31917 3 31928 2 31934 1 31943 3 31948 2 31957 1 31963 76 32041 37 32088 13 32109 2 32123 2 32135 3 32143 3 32157 6 32164 1 32173 2 32184 2 32200 2 32221 74 32298 39 32342 15 32366 1 32379 1 32393 4 32399 3 32413 8 32429 2 32441 2 32457 1 32474 1 32479 73 32554 38 32597 18 32651 2 32655 2 32670 3 32674 1 32696 4 32708 1 32729 2 32735 112 32852 20 32911 2 32927 2 32952 5 32964 1 32976 2 32979 3 32984 2 32991 65 33057 44 33107 21 33168 1 33208 5 33233 5 33240 1 33247 62 33310 1 33314 42 33363 20 33464 5 33490 5 33503 61 33570 27 33598 13 33621 16 33680 3 33714 1 33719 6 33733 8 33747 8 33759 63 33826 10 33837 16 33855 12 33877 16 33936 3 33964 1 33969 1 33973 1 33975 6 33985 6 33992 6 34003 10 34015 63 34083 8 34095 2 34098 10 34111 14 34129 1 34133 16 34225 1 34231 6 34240 5 34248 6 34263 5 34271 64 34339 8 34353 11 34365 15 34390 15 34453 1 34480 4 34486 7 34494 6 34504 5 34519 5 34527 65 34596 8 34608 28 34639 2 34645 18 34735 5 34743 9 34754 3 34758 5 34774 6 34783 66 34852 8 34864 28 34895 3 34900 19 34992 3 34999 8 35012 7 35032 74 35108 9 35121 22 35145 3 35149 26 35255 7 35272 3 35289 74 35365 8 35377 20 35403 28 35451 1 35511 8 35529 2 35545 75 35621 8 35633 20 35659 28 35707 1 35767 8 35797 17 35816 69 35889 20 35914 30 36023 12 36041 1 36053 17 36071 70 36144 24 36169 3 36175 25 36277 14 36293 5 36308 89 36400 28 36431 25 36533 14 36549 5 36564 89 36656 17 36676 7 36689 22 36787 27 36819 2 36822 87 36912 17 36932 8 36945 22 37040 30 37075 90 37168 15 37187 10 37202 21 37295 27 37324 2 37331 11 37343 78 37425 14 37443 11 37459 19 37483 1 37500 1 37551 3 37555 22 37582 3 37586 11 37601 76 37681 12 37697 36 37738 2 37755 1 37811 14 37827 5 37835 5 37843 10 37857 76 37937 12 37951 38 37993 3 38067 13 38083 4 38092 2 38099 8 38112 2 38115 75 38195 4 38204 30 38237 9 38249 4 38255 1 38324 13 38338 4 38359 4 38372 74 38459 30 38494 7 38505 7 38523 2 38581 16 38616 3 38627 75 38705 41 38750 7 38762 6 38778 3 38839 14 38855 1 38873 3 38882 78 38961 42 39007 8 39019 6 39033 4 39097 13 39112 1 39130 1 39139 71 39211 50 39263 11 39277 4 39285 1 39288 5 39355 12 39395 70 39467 29 39497 20 39520 9 39533 4 39540 9 39610 14 39651 17 39669 39 39710 11 39727 1 39729 22 39755 29 39790 3 39796 9 39866 14 39907 2 39912 11 39924 38 39967 10 39986 21 40011 28 40047 2 40052 2 40056 5 40121 1 40124 13 40168 58 40228 5 40243 1 40249 15 40267 22 40293 1 40299 1 40313 3 40383 4 40388 5 40400 2 40404 1 40425 56 40484 4 40499 1 40505 15 40523 22 40570 2 40639 2 40645 3 40654 3 40681 12 40694 49 40755 1 40760 7 40768 33 40806 2 40826 1 40895 1 40899 4 40909 2 40928 1 40930 2 40935 64 41011 2 41015 7 41025 31 41061 3 41070 1 41081 1 41083 2 41155 3 41165 1 41172 1 41183 4 41191 54 41247 7 41266 3 41270 3 41283 24 41315 6 41322 4 41327 2 41339 2 41439 3 41447 54 41503 7 41521 3 41525 4 41539 5 41546 16 41570 12 41583 2 41595 2 41703 54 41759 7 41777 8 41793 7 41802 15 41825 12 41839 3 41851 3 41958 66 42029 1 42033 9 42047 9 42058 14 42081 17 42106 4 42173 1 42176 1 42200 2 42213 99 42315 13 42335 19 42361 4 42429 4 42455 4 42469 6 42477 91 42571 13 42591 20 42618 3 42685 4 42711 1 42725 1 42728 3 42734 89 42827 12 42847 20 42874 5 42945 6 42979 2 42990 47 43038 39 43078 4 43083 12 43103 21 43129 8 43139 3 43202 8 43231 6 43247 46 43298 10 43316 23 43341 10 43359 22 43383 8 43393 5 43459 6 43487 6 43504 3 43509 2 43512 37 43555 8 43573 21 43597 10 43615 23 43639 6 43650 4 43715 5 43744 4 43760 2 43766 1 43769 36 43809 11 43830 26 43857 4 43872 4 43886 8 43897 2 43909 6 43916 2 43963 1 43970 5 44001 3 44011 4 44025 36 44065 12 44086 24 44113 4 44129 2 44143 6 44153 2 44166 4 44172 6 44217 4 44225 6 44266 5 44281 36 44319 8 44330 3 44343 3 44348 14 44364 2 44369 4 44429 5 44473 5 44480 7 44523 3 44537 36 44575 8 44587 1 44605 1 44607 8 44625 4 44685 6 44733 3 44739 6 44792 32 44827 2 44833 4 44843 1 44853 3 44866 2 44880 1 44883 2 44941 4 44989 2 44999 4 45045 35 45083 2 45089 4 45108 4 45122 3 45136 2 45139 2 45173 1 45197 2 45200 2 45245 2 45256 3 45292 2 45300 37 45340 1 45345 4 45361 6 45371 1 45378 3 45429 1 45453 1 45455 4 45500 9 45556 11 45568 26 45601 3 45617 4 45622 1 45627 1 45633 4 45710 5 45756 9 45812 9 45824 27 45867 12 45882 3 45886 11 45967 4 46012 10 46068 9 46080 27 46121 14 46138 19 46223 3 46268 10 46311 1 46324 9 46336 31 46376 13 46393 21 46431 3 46480 2 46509 1 46525 2 46530 8 46563 6 46579 12 46592 32 46633 6 46640 4 46650 21 46688 3 46736 3 46781 2 46786 9 46819 6 46835 5 46841 6 46848 33 46891 3 46897 2 46907 9 46921 6 46933 3 46945 3 46992 7 47035 3 47042 9 47065 6 47075 6 47090 5 47104 33 47144 11 47162 9 47178 3 47187 6 47201 4 47248 6 47268 1 47273 1 47277 2 47291 3 47299 9 47320 7 47332 2 47335 3 47347 4 47360 34 47399 16 47417 4 47423 4 47436 1 47439 12 47460 1 47483 3 47504 9 47516 2 47521 5 47527 12 47544 5 47555 11 47576 2 47579 5 47588 1 47603 4 47614 36 47655 17 47673 4 47680 3 47691 2 47695 12 47739 4 47761 8 47771 4 47777 19 47797 8 47811 11 47832 1 47835 5 47859 4 47867 38 47910 29 47942 19 47994 5 48018 6 48025 5 48033 9 48043 7 48052 9 48066 12 48088 13 48115 5 48123 38 48166 50 48250 4 48276 2 48281 4 48291 7 48301 4 48308 8 48322 12 48345 13 48364 1 48371 5 48379 34 48415 2 48419 2 48422 48 48508 1 48551 2 48557 4 48564 7 48577 14 48601 20 48627 42 48672 1 48675 50 48807 2 48813 4 48821 6 48833 15 48850 2 48858 18 48883 42 48928 55 49063 1 49069 4 49078 5 49089 18 49117 15 49138 44 49184 55 49320 1 49326 3 49335 2 49339 3 49345 18 49373 16 49393 54 49448 47 49499 2 49575 2 49583 2 49592 1 49597 1 49603 19 49631 15 49647 3 49652 2 49656 47 49704 48 49754 2 49829 4 49838 11 49858 22 49887 18 49907 3 49912 100 50079 2 50085 21 50109 2 50113 24 50143 18 50162 107 50329 1 50332 2 50335 3 50340 55 50396 2 50399 136 50547 4 50557 2 50577 2 50585 206 50803 4 50813 2 50833 2 50841 206 51059 4 51069 2 51089 2 51097 28 51126 2 51130 1 51134 152 51288 15 51315 4 51325 2 51353 1 51355 26 51392 26 51419 124 51544 15 51572 2 51611 9 51621 14 51636 1 51648 26 51675 27 51704 69 51775 8 51786 4 51793 16 51810 5 51867 9 51877 16 51905 23 51930 27 51960 69 52033 6 52042 3 52051 14 52066 6 52083 2 52115 3 52123 26 52160 20 52186 14 52205 8 52215 70 52289 6 52298 3 52312 17 52332 9 52371 4 52379 26 52416 21 52442 15 52462 7 52471 71 52545 6 52555 2 52561 6 52568 29 52625 8 52634 31 52672 22 52695 18 52720 79 52801 5 52816 38 52863 2 52881 43 52929 41 52977 78 53058 6 53071 39 53115 1 53119 4 53125 1 53136 17 53155 72 53235 76 53314 7 53327 39 53369 4 53374 5 53380 2 53385 3 53391 18 53411 74 53492 73 53570 7 53581 41 53625 10 53637 7 53647 95 53750 71 53825 8 53837 40 53881 10 53893 7 53903 96 54007 82 54092 7 54104 17 54122 11 54137 1 54140 8 54149 7 54157 2 54161 95 54263 82 54347 8 54357 1 54360 6 54368 9 54378 12 54397 17 54417 96 54520 71 54596 6 54603 12 54616 5 54624 7 54633 14 54655 14 54673 47 54721 50 54776 69 54859 12 54873 4 54880 7 54889 16 54911 14 54929 46 54977 51 55031 70 55117 16 55137 4 55144 19 55170 2 55174 8 55185 47 55233 55 55289 68 55373 15 55392 1 55394 3 55399 20 55426 13 55441 174 55618 5 55638 9 55651 24 55691 4 55699 34 55737 10 55749 1 55751 39 55791 84 55877 3 55898 5 55907 25 55948 2 55955 34 55993 11 56006 39 56046 91 56154 6 56163 30 56213 33 56248 6 56256 46 56304 1 56307 90 56411 39 56462 1 56468 42 56511 47 56560 1 56563 96 56667 32 56703 6 56718 199 56920 4 56927 28 56959 7 56973 61 57035 146 57185 25 57215 5 57226 211 57441 28 57473 2 57481 106 57589 102 57697 27 57735 108 57844 83 57931 16 57954 25 57991 191 58188 6 58197 6 58210 23 58246 192 58442 8 58453 7 58467 22 58501 88 58591 19 58611 96 58708 9 58723 7 58732 11 58757 88 58847 126 58980 5 58989 8 59014 103 59119 112 59237 4 59242 9 59270 103 59375 112 59492 15 59525 105 59632 9 59642 103 59747 15 59781 105 59888 113 60003 14 60037 106 60145 112 60259 10 60280 7 60289 110 60401 112 60515 6 60535 113 60649 6 60657 109 60767 10 60789 123 60916 105 61023 10 61043 125 61174 116 61293 132 61431 113 61545 136 61687 110 61801 18 61821 1 61824 110 61944 109 62057 18 62084 106 62200 108 62311 20 62340 102 62443 7 62455 109 62566 25 62595 112 62711 253 62967 245 63217 2 63222 247 63477 248 63732 250 63986 248 64235 4 64241 262 64504 510 65015 521
250616,0 65536
252446,47 3 83 5 109 1 111 14 127 18 165 7 235 6 251 4 389 10 422 7 647 1 679 6 902 5 936 7 1158 5 1192 3 1198 1 1393 3 1415 5 1421 4 1649 2 1671 5 1678 3 1787 1 1906 1 1929 2 1935 2 2030 3 2041 3 2163 4 2168 2 2185 2 2191 2 2285 16 2351 2 2419 10 2446 4 2500 1 2526 1 2543 14 2675 10 2701 5 2755 2 2782 1 2801 7 2809 3 2933 4 2957 5 3014 2 3059 4 3066 1 3189 2 3210 8 3272 1 3316 3 3467 2 3471 2 3573 1 3829 2 3979 2 4045 2 4235 2 4300 3 4492 1 4556 3 4813 2 5003 2 5259 2 7814 2 8070 3 8325 4 9604 2 9860 3 10117 2 13384 1 13641 1 14468 1 14645 4 14902 3 15158 2 15414 1 15927 1 15954 1 16183 1 16200 3 16241 1 16251 2 16350 4 16456 3 16497 1 16561 1 16605 5 16713 4 16723 2 16816 2 16969 5 16979 2 17072 1 17225 6 17236 3 17377 2 17481 6 17493 2 17632 2 17737 1 17741 1 17897 3 17994 1 18153 3 18249 2 18342 1 18383 1 18505 2 18639 2 18896 1 19178 2 19436 1 19643 4 19897 8 20153 8 20390 1 20407 10 20645 3 20663 10 20901 2 20917 10 21157 2 21174 7 21413 3 21430 7 21668 5 21685 8 21715 3 21721 2 21924 4 21943 5 21971 4 21977 4 22181 2 22201 3 22226 5 22235 2 22457 2 22481 6 22692 2 22712 2 22736 6 22948 3 22967 3 22993 4 23204 3 23222 3 23249 4 23477 3 23506 3 23684 1 23733 1 23736 2 23762 3 23939 2 23992 3 24017 4 24195 2 24248 3 24273 4 24451 2 24503 4 24529 4 24708 2 24759 3 24785 4 25015 3 25043 2 25048 1 25174 1 25271 2 25299 1 25304 1 25428 1 25528 2 25561 2 25684 1 25784 3 25817 2 25939 2 25959 2 26039 6 26073 2 26195 2 26215 3 26295 6 26330 2 26450 1 26472 3 26499 1 26550 11 26579 1 26586 3 26728 3 26755 2 26805 13 26835 2 26842 3 27061 12 27091 3 27098 3 27317 12 27346 5 27354 3 27523 1 27573 12 27602 5 27611 2 27715 1 27780 1 27828 13 27857 1 27859 3 27867 3 27980 1 28036 1 28084 11 28123 3 28235 2 28292 1 28339 10 28373 1 28379 2 28491 2 28599 6 28611 1 28629 2 28635 2 28855 5 28866 3 28881 6 28891 4 29108 1 29111 4 29119 8 29135 17 29363 8 29375 8 29392 17 29619 9 29630 10 29649 16 29875 22 29905 16 30131 23 30161 12 30175 3 30387 22 30418 10 30431 4 30642 23 30675 9 30687 4 30898 23 30932 8 30943 5 30952 3 31156 18 31188 7 31200 5 31206 7 31227 1 31412 17 31445 6 31457 13 31668 15 31713 16 31925 13 31969 18 32181 13 32211 1 32215 4 32225 4 32231 12 32245 1 32439 10 32467 2 32471 5 32481 4 32487 15 32696 10 32723 2 32727 6 32738 21 32953 9 32979 10 32995 19 33211 8 33221 1 33235 10 33251 14 33467 10 33492 4 33497 4 33507 14 33723 10 33749 2 33765 4 33774 2 33979 10 34005 2 34023 2 34236 9 34492 8 34748 7 35004 7 35260 7 35516 6 35773 4 36030 3 36287 1 40665 1 40919 2 41174 3 41426 5 41447 2 41452 1 41683 2
254228,0 65536
255130,0 65536
255132,0 170 175 248 441 1 443 42 487 191 703 36 743 190 961 33 999 188 1217 32 1253 190 1473 30 1507 191 1729 29 1763 188 1984 29 2017 188 2240 29 2273 166 2442 17 2496 199 2698 17 2753 217 3008 217 3261 220 3517 36 3560 177 3773 35 3816 177 4028 35 4067 182 4285 33 4320 2 4323 182 4541 15 4561 10 4576 185 4797 13 4816 10 4833 184 5053 10 5071 10 5088 185 5309 10 5327 10 5344 184 5566 9 5581 11 5599 185 5826 5 5839 8 5855 184 6096 7 6111 182 6340 1 6352 8 6367 182 6608 9 6623 181 6864 9 6878 182 7122 6 7134 182 7380 3 7389 182 7647 180 7903 180 8131 4 8159 180 8387 4 8416 178 8643 4 8673 176 8899 4 8930 171 9144 3 9155 5 9186 171 9399 7 9411 7 9441 170 9643 7 9651 11 9667 7 9687 180 9899 18 9923 5 9943 178 10154 18 10179 4 10199 178 10409 13 10423 6 10436 2 10455 178 10665 10 10679 7 10692 2 10709 180 10921 10 10936 4 10947 4 10966 179 11178 7 11203 1 11221 180 11435 5 11460 2 11477 180 11733 180 11989 180 12243 182 12499 182 12753 184 13009 183 13264 184 13519 184 13775 183 14031 182 14287 181 14542 180 14797 180 15053 178 15267 2 15309 178 15519 6 15564 163 15729 14 15775 6 15819 161 15985 14 16031 6 16075 160 16239 18 16290 3 16331 160 16494 21 16547 2 16586 189 16804 1 16842 195 17097 199 17353 200 17608 202 17864 203 18120 203 18375 204 18629 206 18883 208 19139 208 19393 210 19649 208 19904 209 20160 207 20415 208 20671 207 20927 204 21183 202 21439 202 21695 198 21952 193 22208 193 22464 193 22720 193 22948 3 22976 192 23203 4 23232 191 23459 4 23488 191 23716 3 23744 190 23972 1 24001 189 24257 188 24513 188 24769 186 25025 184 25281 180 25537 180 25779 3 25792 181 26032 9 26047 181 26288 9 26302 182 26543 197 26798 197 27053 198 27307 200 27562 200 27817 185 28007 9 28072 186 28263 8 28328 186 28521 3 28584 185 28839 186 29095 186 29350 187 29602 191 29856 193 30109 195 30365 194 30619 196 30875 195 31130 196 31386 196 31641 197 31897 196 32152 197 32408 197 32663 198 32917 199 33173 198 33429 197 33684 69 33756 126 33939 70 34012 127 34169 2 34195 68 34267 128 34426 1 34451 68 34523 128 34707 66 34779 128 34963 65 35035 129 35217 65 35291 129 35474 63 35547 130 35729 52 35786 5 35803 130 35985 52 36059 132 36241 52 36314 133 36497 52 36569 97 36672 7 36683 21 36739 5 36753 52 36825 96 36940 21 36965 1 36995 5 37008 53 37081 93 37196 20 37249 7 37264 52 37337 92 37452 17 37505 7 37520 52 37593 91 37709 15 37760 9 37775 53 37849 90 37965 16 38013 1 38015 11 38029 54 38105 90 38229 1 38232 3 38260 5 38268 71 38361 90 38516 5 38523 72 38617 90 38746 2 38751 1 38755 1 38772 79 38875 88 39000 14 39028 79 39131 87 39252 19 39284 78 39389 85 39507 20 39541 76 39645 84 39763 20 39794 79 39902 83 40020 2 40023 16 40048 80 40159 80 40280 10 40292 2 40300 82 40415 80 40537 8 40555 82 40672 77 40794 1 40798 2 40805 88 40928 77 41048 2 41052 2 41055 3 41059 90 41183 78 41312 95 41439 77 41568 95 41695 76 41824 96 41951 76 42053 1 42055 3 42079 98 42207 76 42312 1 42333 100 42462 76 42589 100 42718 75 42842 104 42973 76 43096 107 43229 76 43348 111 43485 75 43603 112 43741 75 43857 114 43997 75 44111 116 44252 76 44365 118 44508 76 44621 117 44764 77 44876 117 45020 77 45131 118 45277 77 45384 119 45533 77 45641 118 45789 78 45894 113 46045 78 46149 112 46301 78 46405 110 46527 6 46558 77 46661 109 46781 8 46814 76 46916 108 47033 14 47071 76 47171 109 47288 16 47327 76 47419 3 47426 110 47541 20 47583 78 47667 2 47675 3 47682 110 47795 22 47839 90 47931 4 47937 137 48095 236 48351 237 48607 197 48808 37 48863 194 49064 39 49119 194 49320 40 49375 195 49576 40 49631 196 49832 40 49888 196 50087 41 50145 196 50343 41 50401 194 50599 41 50657 193 50855 41 50914 190 51111 40 51171 187 51367 40 51428 185 51616 3 51623 39 51686 184 51872 3 51877 40 51943 230 52202 227 52459 176 52637 48 52715 176 52892 49 52972 225 53229 225 53486 225 53743 224 54001 222 54263 217 54519 143 54663 2 54666 69 54775 141 54923 68 55031 140 55180 45 55227 20 55287 140 55437 66 55543 139 55693 66 55799 139 55950 65 56055 138 56207 64 56312 137 56463 64 56568 137 56719 64 56825 136 56975 64 57081 136 57231 64 57337 136 57487 65 57593 136 57743 65 57850 135 57999 65 58106 136 58255 65 58362 136 58511 65 58617 137 58768 64 58873 137 59024 64 59129 137 59281 63 59385 108 59494 27 59537 63 59641 106 59751 26 59793 63 59897 105 60009 23 60050 61 60153 103 60267 20 60306 61 60408 104 60524 19 60562 61 60664 102 60783 14 60819 58 60920 88 61013 6 61041 11 61075 58 61177 86 61299 5 61331 58 61434 85 61588 56 61690 85 61845 55 61947 84 62103 53 62205 82 62360 51 62462 83 62616 51 62701 3 62717 86 62872 52 62956 5 62973 86 63128 52 63211 6 63230 87 63384 53 63467 6 63486 89 63639 55 63723 7 63742 91 63892 59 63979 111 64145 63 64234 114 64399 64 64487 118 64623 2 64639 2 64653 66 64742 121 64876 5 64893 5 64908 66 64998 123 65131 7 65148 6 65161 69 65254 126 65386 9 65402 9 65414 73 65511 24
255544,0 16896 16897 255 17153 255 17409 255 17665 255 17921 255 18177 255 18434 254 18691 253 18947 253 19203 253 19460 252 19716 252 19973 251 20229 251 20485 251 20741 251 20998 250 21254 250 21511 249 21767 249 22023 249 22279 249 22536 248 22792 248 23049 247 23305 247 23561 247 23817 247 24074 246 24331 245 24587 245 24843 245 25099 245 25356 244 25612 244 25869 243 26125 243 26381 243 26637 243 26893 243 27150 242 27406 242 27663 241 27919 241 28175 241 28432 240 28688 240 28945 239 29201 239 29457 239 29713 239 29970 238 30226 238 30483 237 30739 237 30995 237 31251 237 31508 236 31764 236 32021 235 32277 235 32533 235 32789 235 33046 234 33302 234 33559 233 33815 233 34071 233 34327 233 34584 232 34840 232 35097 231 35353 231 35609 231 35865 231 36122 230 36378 230 36635 229 36891 229 37147 229 37403 229 37660 228 37916 228 38173 227 38429 227 38685 227 38941 227 39198 226 39454 226 39711 225 39967 225 40223 225 40480 224 40736 224 40992 224 41249 223 41505 223 41761 223 42017 223 42274 222 42530 222 42787 221 43043 221 43299 221 43555 221 43811 221 44068 220 44324 220 44581 219 44837 219 45093 219 45350 218 45606 218 45863 217 46119 217 46375 217 46631 217 46888 216 47144 216 47401 215 47657 215 47913 215 48169 215 48426 214 48682 214 48939 213 49195 213 49451 213 49707 213 49964 212 50220 212 50477 211 50733 211 50989 211 51245 211 51502 210 51758 210 52015 209 52271 209 52527 209 52783 209 53040 208 53296 208 53553 207 53809 207 54065 207 54321 207 54578 206 54834 206 55091 205 55347 205 55603 205 55859 205 56116 204 56372 204 56629 203 56885 203 57141 203 57398 202 57654 202 57911 201 58167 201 58423 201 58679 201 58935 201 59192 200 59448 200 59705 199 59961 199 60217 199 60473 199 60730 198 60986 198 61243 197 61499 197 61755 197 62011 197 62268 196 62524 196 62781 195 63037 195 63293 195 63549 195 63806 194 64062 194 64319 193 64575 193 64831 193 65088 192 65345 191
260940,0 117 217 38 256 115 475 26 507 120 731 25 765 117 955 6 987 24 1022 115 1210 7 1242 25 1278 113 1466 9 1498 24 1535 110 1723 8 1754 23 1791 107 1979 8 2009 24 2047 107 2236 6 2265 25 2303 106 2493 3 2510 2 2521 25 2559 106 2777 25 2816 106 3033 25 3072 106 3289 25 3327 107 3459 3 3546 24 3582 108 3713 6 3802 24 3838 108 3964 12 4057 25 4093 109 4213 20 4313 24 4348 110 4465 25 4570 23 4603 112 4721 26 4826 23 4860 110 4973 30 5070 7 5082 22 5117 108 5227 32 5325 12 5339 20 5373 143 5579 16 5608 4 5630 142 5835 16 5887 142 6090 18 6144 141 6345 20 6400 141 6601 21 6656 141 6857 22 6912 141 7113 23 7168 141 7345 4 7369 23 7424 141 7599 8 7627 21 7680 141 7854 9 7883 21 7936 141 8109 11 8142 18 8192 141 8363 13 8401 16 8448 141 8614 19 8660 13 8704 140 8869 20 8916 13 8960 140 9125 20 9173 12 9216 140 9380 21 9429 12 9472 140 9635 21 9686 11 9728 140 9891 20 9943 10 9984 140 10147 19 10200 10 10240 140 10403 18 10456 10 10496 139 10659 18 10711 11 10752 139 10915 17 10966 13 11008 137 11171 16 11221 15 11262 139 11428 15 11476 17 11518 139 11685 10 11732 17 11771 1 11773 139 11942 8 11987 18 12026 142 12243 18 12282 141 12499 19 12539 140 12753 21 12797 138 13009 21 13053 138 13265 22 13309 138 13521 22 13565 140 13777 22 13821 141 14033 22 14077 143 14290 22 14333 145 14546 23 14589 149 14747 2 14802 24 14843 152 15000 6 15059 23 15091 2 15098 167 15317 22 15344 177 15574 21 15599 90 15690 87 15831 21 15855 88 15947 86 16082 2 16088 20 16111 87 16203 86 16335 30 16367 86 16459 19 16479 4 16486 59 16590 31 16623 85 16719 13 16747 55 16844 34 16880 83 16975 12 17006 53 17098 36 17137 76 17214 1 17231 12 17263 53 17326 4 17351 38 17395 73 17487 12 17520 54 17581 6 17605 40 17651 72 17739 17 17777 56 17835 10 17858 42 17907 69 17995 16 18034 55 18090 11 18113 42 18163 68 18250 17 18290 67 18369 40 18419 68 18505 17 18546 67 18624 41 18675 67 18760 17 18801 68 18880 40 18931 51 18984 13 19016 17 19057 68 19136 40 19187 52 19241 12 19271 18 19310 71 19391 40 19443 52 19497 11 19527 1 19529 16 19563 76 19647 40 19699 53 19754 9 19785 16 19818 123 19955 53 20010 7 20041 15 20074 123 20211 54 20298 14 20330 122 20467 54 20555 14 20586 121 20724 22 20747 30 20811 14 20842 118 20981 21 21003 31 21067 14 21098 14 21114 101 21238 18 21259 32 21323 13 21355 12 21373 96 21495 16 21514 33 21578 14 21611 12 21629 96 21739 1 21751 11 21770 33 21835 13 21868 9 21885 96 21994 2 22008 9 22028 31 22091 13 22125 8 22142 95 22264 9 22283 32 22348 12 22383 2 22399 93 22520 10 22532 4 22538 34 22604 12 22655 93 22776 53 22861 12 22912 91 23033 52 23117 12 23169 90 23289 52 23374 11 23427 81 23546 51 23629 12 23683 17 23701 62 23801 54 23864 1 23889 8 23940 15 23959 58 24058 57 24119 3 24146 7 24197 14 24215 57 24315 66 24385 7 24399 3 24403 5 24453 14 24472 45 24518 4 24523 4 24571 67 24639 11 24655 2 24659 4 24709 14 24729 54 24827 84 24965 14 24987 52 25082 85 25221 14 25243 53 25338 87 25477 15 25500 52 25593 88 25733 16 25756 53 25848 89 25991 15 26012 53 26103 91 26247 15 26268 53 26359 92 26504 15 26523 54 26615 92 26761 14 26779 55 26871 92 27018 14 27035 56 27128 91 27275 13 27290 57 27384 92 27531 72 27641 91 27788 72 27897 91 28044 73 28153 91 28301 72 28410 91 28557 72 28666 91 28813 72 28922 92 29069 72 29179 92 29328 69 29435 92 29569 2 29585 67 29691 92 29824 3 29841 66 29947 93 30073 4 30080 3 30099 61 30202 94 30329 4 30336 3 30340 1 30355 59 30458 94 30559 6 30581 17 30613 53 30714 94 30814 7 30837 17 30871 50 30970 6 30979 85 31067 12 31092 19 31127 50 31226 6 31235 85 31322 13 31347 21 31383 49 31482 6 31492 84 31577 15 31603 18 31623 5 31637 51 31737 7 31748 100 31858 18 31879 6 31892 52 31993 7 32005 100 32113 86 32249 7 32261 100 32362 1 32366 2 32369 86 32505 9 32517 194 32761 9 32773 1 32775 192 33017 9 33031 192 33273 9 33288 191 33529 9 33551 72 33625 110 33785 10 33796 1 33808 71 33880 113 34041 12 34066 68 34147 106 34297 9 34322 67 34404 96 34501 10 34553 9 34579 64 34661 94 34757 11 34809 9 34835 64 34917 93 35013 12 35065 12 35090 64 35174 91 35269 16 35321 9 35331 1 35346 63 35431 90 35525 16 35577 9 35601 64 35687 87 35781 18 35832 10 35857 64 35943 87 36037 18 36088 9 36112 64 36193 92 36293 18 36345 7 36368 64 36449 91 36550 17 36601 8 36624 64 36703 89 36793 2 36807 16 36852 12 36879 66 36949 6 36956 91 37049 2 37063 16 37107 13 37135 64 37203 97 37307 2 37327 8 37361 15 37390 64 37459 96 37563 1 37584 6 37617 15 37645 63 37714 95 37819 1 37841 4 37872 16 37900 63 37969 96 38076 1 38127 17 38155 62 38226 95 38377 23 38411 61 38482 95 38633 23 38666 61 38738 95 38888 24 38921 62 38993 96 39144 24 39177 61 39248 97 39399 25 39433 60 39504 78 39591 10 39655 25 39688 61 39759 77 39847 10 39911 25 39944 61 40015 77 40103 10 40166 26 40200 59 40270 78 40359 11 40421 27 40456 59 40526 78 40614 12 40677 27 40712 57 40782 78 40870 12 40933 27 40968 55 41038 78 41125 13 41189 27 41223 54 41293 80 41381 13 41445 27 41479 53 41550 79 41637 12 41701 27 41735 54 41806 79 41889 16 41957 27 41991 54 42061 80 42144 17 42213 27 42247 54 42318 79 42400 17 42470 26 42503 54 42574 79 42656 17 42726 26 42759 53 42830 79 42913 14 42982 26 43015 53 43085 80 43169 14 43239 25 43271 53 43341 80 43425 5 43495 25 43527 53 43597 80 43751 25 43783 52 43853 81 44007 25 44038 52 44108 83 44263 25 44291 54 44364 83 44519 81 44619 84 44775 80 44875 84 45031 80 45131 84 45287 79 45387 83 45543 78 45643 82 45799 78 45899 81 46055 78 46156 80 46311 76 46400 7 46412 79 46567 76 46655 9 46668 79 46823 74 46910 11 46924 65 46990 14 47078 75 47164 13 47180 64 47246 14 47333 73 47419 14 47436 63 47501 15 47588 73 47674 16 47691 63 47758 14 47844 72 47930 79 48014 13 48058 5 48099 74 48185 80 48271 12 48313 7 48345 5 48355 73 48442 79 48528 9 48569 9 48599 85 48698 79 48786 7 48825 9 48855 85 48955 78 49072 3 49081 9 49110 86 49211 78 49327 5 49336 10 49365 87 49467 76 49574 15 49592 10 49621 87 49723 76 49830 15 49847 10 49877 88 49981 73 50085 16 50103 10 50133 88 50237 73 50341 16 50359 10 50389 88 50493 77 50597 15 50617 7 50644 89 50749 79 50853 14 50873 6 50900 89 51004 68 51073 14 51111 10 51155 91 51260 67 51329 14 51367 8 51409 94 51516 85 51625 4 51662 98 51772 85 51882 1 51917 101 52027 86 52172 103 52282 88 52427 105 52537 90 52683 105 52792 91 52939 106 53048 92 53167 9 53195 36 53232 69 53303 94 53421 12 53451 35 53491 162 53675 16 53707 34 53746 163 53929 18 53963 34 54001 164 54182 1 54184 21 54219 35 54255 166 54435 26 54475 35 54511 166 54688 30 54722 5 54732 201 54944 30 54977 7 54989 33 55023 166 55199 42 55246 17 55266 179 55455 42 55503 16 55523 177 55709 45 55760 14 55784 171 55965 33 55999 12 56017 12 56041 169 56221 33 56255 12 56274 11 56297 168 56477 32 56511 12 56531 9 56552 169 56733 31 56768 11 56789 6 56805 172 56989 31 57025 10 57047 3 57061 172 57245 30 57283 8 57315 173 57500 33 57539 7 57571 172 57755 37 57797 2 57826 173 58011 38 58082 173 58266 40 58338 172 58522 41 58594 171 58779 2 58786 34 58851 169 59035 1 59043 33 59107 169 59301 31 59364 167 59557 32 59620 168 59801 2 59812 31 59875 117 59994 49 60058 1 60068 31 60131 114 60253 46 60325 16 60345 8 60387 113 60509 46 60581 15 60601 7 60643 111 60767 44 60838 13 60898 111 61023 44 61095 11 61154 109 61282 39 61353 7 61409 108 61538 39 61611 2 61664 104 61795 28 61826 5 61920 103 62051 26 62175 44 62231 47 62307 26 62431 38 62473 1 62488 48 62562 27 62687 38 62744 50 62817 28 62941 40 63001 50 63073 28 63197 42 63257 51 63314 9 63327 32 63370 3 63453 43 63514 101 63625 4 63709 46 63771 100 63881 4 63965 48 64027 100 64137 4 64221 51 64285 98 64393 4 64477 51 64543 97 64649 3 64733 51 64800 96 64905 3 64990 50 65057 94 65161 4 65246 34 65281 15 65313 94 65415 8 65454 2 65502 34
263633,0 170 203 8 212 43 256 159 417 8 461 5 472 3 481 4 487 2 500 2 507 4 512 121 634 25 660 21 717 4 727 6 737 4 743 2 756 1 768 121 890 55 970 45 1016 3 1024 177 1225 50 1280 178 1481 13 1495 24 1521 5 1536 178 1735 15 1752 23 1792 178 1991 40 2048 178 2245 42 2304 133 2440 42 2483 2 2489 1 2493 1 2500 43 2560 131 2696 41 2739 2 2745 1 2755 35 2792 7 2816 124 2941 6 2954 39 2995 3 2999 3 3011 36 3049 2 3072 123 3197 5 3210 39 3251 3 3256 2 3267 7 3276 3 3284 18 3305 1 3328 121 3454 4 3466 9 3477 33 3523 12 3543 2 3553 5 3584 121 3710 5 3718 1 3722 5 3729 36 3778 6 3786 4 3809 4 3840 121 3966 5 3973 10 3985 36 4033 3 4065 4 4070 1 4079 1 4096 121 4223 3 4228 11 4240 37 4288 3 4316 1 4324 3 4335 1 4352 120 4484 2 4491 6 4500 33 4536 5 4572 1 4581 1 4608 120 4749 3 4758 31 4791 6 4864 119 5005 2 5021 26 5049 4 5120 119 5261 2 5276 33 5324 1 5376 118 5515 3 5531 31 5579 2 5632 119 5762 3 5771 2 5787 29 5835 2 5888 119 6014 5 6031 41 6073 3 6144 119 6270 2 6287 44 6400 121 6545 42 6601 1 6656 109 6767 10 6802 41 6903 1 6912 45 6965 55 7022 15 7058 41 7158 2 7168 45 7221 3 7226 68 7313 6 7320 35 7413 1 7424 45 7481 39 7521 9 7533 18 7568 42 7672 1 7680 45 7737 35 7774 1 7777 8 7789 19 7825 8 7834 5 7841 24 7927 2 7936 44 7993 35 8033 7 8044 21 8082 13 8097 20 8119 3 8124 2 8183 1 8192 44 8249 35 8289 7 8300 22 8339 11 8353 5 8361 12 8375 4 8380 2 8448 44 8505 36 8545 36 8596 3 8601 4 8617 12 8632 2 8636 1 8704 44 8761 32 8794 3 8802 35 8852 2 8872 13 8887 4 8960 45 9019 35 9058 35 9129 12 9143 4 9216 45 9275 35 9315 34 9387 10 9399 4 9472 45 9530 30 9561 5 9571 34 9641 10 9655 3 9667 1 9722 2 9728 45 9786 29 9817 6 9829 32 9895 4 9900 7 9912 1 9978 2 9984 47 10043 2 10052 19 10073 5 10095 24 10151 4 10157 5 10182 2 10233 6 10240 47 10299 2 10308 26 10340 1 10351 26 10407 4 10413 5 10436 3 10441 1 10489 56 10560 9 10571 20 10596 1 10608 25 10665 3 10670 3 10693 1 10739 2 10746 5 10752 49 10815 10 10827 20 10864 25 10922 1 10926 1 10994 4 11002 5 11008 51 11067 2 11070 3 11075 6 11084 21 11115 1 11120 25 11249 14 11264 51 11323 2 11327 2 11331 6 11341 20 11371 1 11375 25 11505 14 11520 52 11579 1 11583 9 11599 2 11603 12 11626 29 11761 68 11839 8 11855 2 11865 5 11881 29 12017 68 12089 3 12097 6 12111 2 12137 28 12203 1 12233 4 12271 70 12344 3 12353 5 12368 2 12392 2 12395 25 12459 2 12489 5 12527 71 12631 2 12641 8 12651 23 12717 1 12743 8 12783 71 12886 3 12893 2 12897 7 12907 22 12974 1 12999 7 13039 72 13126 3 13141 19 13163 2 13167 2 13171 12 13223 8 13254 8 13295 72 13381 4 13397 1 13400 16 13417 22 13475 2 13479 8 13509 10 13551 74 13633 2 13636 3 13657 35 13730 13 13765 9 13800 2 13806 75 13889 6 13915 30 13986 13 14021 6 14056 3 14062 75 14144 4 14173 31 14231 4 14241 14 14277 1 14312 2 14318 75 14395 1 14400 3 14429 32 14483 1 14487 6 14497 14 14532 1 14539 3 14568 1 14573 80 14655 2 14683 36 14723 7 14737 30 14795 3 14799 1 14829 80 14910 3 14939 36 14979 8 14991 32 15085 18 15104 64 15172 4 15195 28 15225 56 15341 18 15360 64 15428 3 15451 28 15481 58 15597 18 15616 70 15705 21 15727 2 15732 67 15853 18 15872 70 15962 19 15983 2 15988 68 16110 6 16117 9 16128 73 16211 2 16218 96 16367 14 16384 73 16467 6 16474 27 16502 70 16623 14 16640 73 16722 107 16840 2 16881 13 16896 73 16978 32 17012 73 17097 2 17138 11 17152 75 17234 111 17347 1 17353 2 17391 14 17408 75 17489 115 17609 1 17645 16 17664 76 17746 113 17901 16 17920 77 18003 25 18030 85 18157 16 18176 78 18259 24 18285 88 18413 16 18432 78 18517 1 18523 15 18541 88 18669 16 18688 77 18779 14 18796 54 18851 35 18889 2 18921 1 18925 9 18935 6 18944 77 19035 14 19051 55 19107 35 19145 2 19176 2 19181 8 19191 6 19200 77 19293 12 19306 97 19431 14 19447 6 19456 77 19549 12 19562 59 19622 32 19655 3 19687 14 19703 6 19712 76 19807 3 19813 2 19818 52 19871 38 19932 4 19941 14 19957 8 19968 75 20063 1 20070 1 20074 49 20128 37 20187 5 20197 14 20213 8 20224 75 20330 49 20384 37 20441 7 20453 24 20480 75 20576 1 20584 51 20640 37 20695 11 20709 24 20736 74 20826 1 20831 4 20839 53 20897 36 20949 13 20965 24 20992 73 21083 1 21086 6 21095 54 21153 36 21205 13 21221 24 21248 74 21332 4 21338 11 21351 54 21409 36 21462 18 21481 21 21504 75 21587 74 21665 36 21718 40 21760 75 21843 4 21848 70 21919 38 21977 4 21983 31 22016 75 22099 56 22156 11 22169 44 22230 1 22233 4 22239 31 22272 75 22356 10 22368 8 22377 32 22413 10 22424 44 22486 1 22489 4 22495 30 22528 75 22613 9 22625 40 22669 55 22741 8 22751 29 22784 75 22868 11 22881 38 22925 55 22997 9 23007 29 23040 75 23123 13 23138 35 23182 17 23203 34 23253 9 23263 23 23290 2 23296 75 23380 13 23395 6 23405 2 23410 16 23441 12 23459 34 23509 9 23519 22 23543 2 23552 75 23636 13 23652 3 23660 3 23669 13 23697 11 23716 28 23747 2 23765 32 23799 2 23808 76 23893 1 23897 4 23909 2 23917 1 23928 9 23956 4 23972 24 24008 1 24021 33 24057 3 24064 77 24154 3 24165 2 24185 6 24213 2 24229 21 24263 2 24277 20 24299 11 24313 4 24320 78 24441 4 24481 2 24485 20 24519 3 24533 3 24539 14 24555 10 24569 3 24576 79 24697 4 24737 1 24741 19 24773 8 24789 2 24795 25 24825 3 24832 22 24855 58 25000 15 25028 9 25045 2 25052 22 25080 3 25088 22 25112 56 25255 16 25283 10 25301 2 25308 24 25336 3 25344 21 25368 55 25510 16 25538 12 25557 2 25563 26 25592 1 25600 21 25624 55 25765 18 25795 14 25812 3 25817 20 25839 7 25847 2 25856 20 25880 54 26022 17 26048 17 26068 3 26072 21 26095 14 26112 20 26135 54 26278 17 26301 19 26323 42 26368 19 26391 54 26539 14 26554 23 26578 45 26624 19 26648 1 26650 51 26795 52 26849 30 26880 15 26906 51 27049 54 27104 31 27136 15 27161 52 27298 3 27305 2 27309 12 27324 6 27331 60 27392 16 27417 51 27554 9 27565 10 27581 42 27626 38 27673 51 27810 8 27820 10 27837 41 27883 36 27928 49 28071 3 28077 8 28093 40 28139 36 28185 48 28333 8 28349 40 28395 35 28441 47 28589 10 28604 41 28650 37 28688 3 28701 43 28845 11 28860 41 28906 42 28958 42 29019 3 29097 1 29101 12 29115 42 29162 43 29214 42 29275 6 29357 12 29371 42 29418 43 29471 42 29528 11 29540 2 29609 1 29612 57 29673 44 29728 41 29783 16 29861 5 29868 57 29928 46 29985 40 30039 21 30117 4 30124 17 30143 88 30241 40 30295 22 30373 2 30380 16 30399 88 30496 40 30552 21 30629 1 30636 15 30655 88 30752 41 30808 21 30883 3 30892 15 30913 86 31002 1 31007 42 31063 24 31139 3 31148 15 31169 86 31258 1 31263 42 31306 1 31319 23 31395 4 31403 17 31425 86 31513 2 31518 43 31575 23 31651 2 31659 19 31685 82 31768 3 31773 44 31831 23 31907 2 31914 20 31941 132 32087 27 32127 2 32171 16 32193 1 32196 133 32342 29 32383 2 32429 14 32446 97 32544 43 32597 34 32633 2 32637 7 32677 2 32688 10 32701 10 32713 130 32851 50 32933 2 32936 2 32943 11 32957 9 32969 128 33108 47 33161 1 33191 3 33197 18 33216 5 33225 126 33364 47 33453 15 33470 5 33481 126 33621 40 33662 5 33709 15 33725 6 33737 126 33865 1 33877 40 33918 4 33964 23 33994 121 34131 46 34221 22 34250 121 34387 46 34478 22 34507 120 34644 42 34733 24 34763 3 34768 115 34900 42 34944 1 34987 26 35018 4 35024 2 35027 113 35159 43 35241 30 35273 8 35283 118 35407 3 35415 43 35497 40 35539 120 35661 6 35669 30 35703 12 35752 175 35928 27 35963 8 36007 175 36185 26 36220 6 36261 51 36313 5 36320 117 36445 22 36477 4 36518 49 36569 4 36578 115 36700 23 36773 12 36787 2 36793 23 36819 4 36825 3 36834 8 36843 107 36956 2 36961 17 37029 11 37051 21 37075 8 37089 8 37100 107 37211 1 37219 15 37284 11 37309 19 37331 7 37339 6 37347 6 37355 108 37467 1 37477 13 37540 11 37565 19 37587 13 37603 6 37611 10 37623 102 37733 13 37762 4 37795 12 37815 26 37843 31 37875 2 37879 102 37989 13 38017 6 38051 12 38069 61 38131 104 38239 3 38245 7 38255 2 38273 2 38276 3 38308 11 38324 167 38495 3 38502 3 38511 1 38534 1 38564 11 38583 162 38767 2 38789 2 38820 7 38839 41 38882 119 39024 1 39044 5 39077 4 39092 1 39095 40 39138 118 39298 7 39333 1 39347 164 39553 8 39603 162 39775 2 39808 9 39858 163 40031 2 40064 9 40113 138 40252 23 40319 11 40364 143 40509 21 40575 12 40619 144 40765 20 40831 13 40873 146 41021 20 41085 15 41115 1 41128 150 41280 18 41299 3 41341 15 41369 2 41383 149 41540 10 41553 6 41597 14 41626 1 41639 149 41797 6 41809 7 41851 16 41895 149 42053 5 42065 7 42107 16 42151 150 42308 5 42320 9 42349 2 42363 20 42405 152 42564 4 42576 9 42606 1 42619 20 42661 152 42820 3 42831 14 42863 1 42875 22 42917 59 42978 91 43076 3 43087 14 43119 2 43131 4 43136 17 43173 59 43234 90 43327 2 43332 2 43343 15 43393 16 43429 151 43583 1 43599 15 43649 15 43685 150 43855 16 43911 9 43941 36 43980 3 43984 106 44107 2 44111 16 44143 1 44168 6 44197 34 44237 110 44368 15 44425 4 44452 151 44625 14 44681 3 44705 154 44881 13 44897 2 44960 155 45137 13 45153 2 45216 155 45384 4 45393 15 45409 2 45473 154 45639 5 45649 15 45665 2 45729 44 45776 107 45893 8 45906 17 45985 42 46035 104 46146 11 46163 14 46220 1 46240 43 46291 104 46399 14 46420 1 46427 5 46465 2 46496 43 46546 105 46655 14 46683 4 46722 1 46745 2 46751 43 46802 123 47001 2 47004 46 47057 124 47248 3 47256 2 47260 47 47309 129 47503 3 47516 2 47519 175 47760 1 47772 1 47776 174 48016 1 48026 3 48034 172 48237 1 48272 1 48281 4 48290 171 48485 2 48495 3 48528 1 48537 2 48544 173 48751 3 48800 172 49006 4 49045 2 49055 173 49262 4 49300 3 49311 173 49519 2 49567 66 49634 106 49775 2 49823 66 49890 107 50031 9 50079 175 50287 10 50301 2 50304 1 50331 180 50529 1 50542 13 50556 1 50561 4 50586 57 50647 120 50785 2 50798 13 50817 4 50832 1 50841 58 50903 63 50969 54 51033 10 51055 14 51070 9 51082 1 51087 3 51097 58 51159 62 51225 53 51289 10 51311 28 51343 67 51415 52 51469 7 51481 53 51545 13 51567 28 51598 67 51670 52 51725 6 51737 53 51800 14 51822 27 51855 66 51926 52 51980 6 51997 50 52053 17 52078 19 52110 67 52183 51 52236 6 52253 73 52332 21 52366 67 52439 52 52495 2 52510 73 52587 22 52621 61 52685 4 52695 8 52704 44 52767 74 52842 22 52873 2 52877 60 52940 4 52950 54 53023 99 53129 2 53133 6 53143 55 53204 3 53210 51 53279 99 53384 3 53388 7 53398 55 53457 6 53466 50 53535 98 53647 2 53653 54 53711 6 53721 4 53728 44 53791 98 53902 3 53909 54 53967 4 53977 4 53984 45 54031 1 54046 99 54155 6 54164 54 54223 3 54234 3 54238 47 54286 1 54301 101 54409 65 54479 3 54489 54 54547 2 54551 2 54555 104 54663 69 54734 3 54743 57 54802 3 54807 108 54918 70 54989 4 54997 186 55187 61 55253 187 55442 9 55453 51 55509 190 55701 58 55761 193 55959 55 56018 195 56215 54 56273 1687 57963 252 58220 251 58476 246 58723 4 58731 7 58739 238 58979 4 58987 246 59235 2 59242 247 59491 2 59498 5 59504 241 59755 2 59763 5 59769 232 60011 1 60021 2 60025 232 60267 1 60281 232 60537 232 60795 229 61051 224 61277 2 61308 219 61528 3 61533 1 61552 6 61564 223 61809 6 61818 225 62065 6 62074 217 62292 7 62321 233 62577 230 62831 231 63087 231 63342 232 63597 228 63826 3 63853 228 64082 1 64109 230 64365 230 64621 229 64877 228 65133 227 65389 147
268600,0 4265 4266 255 4522 3578 8102 254 8358 255 8614 255 8872 253 9129 252 9385 252 9641 253 9896 16078 25982 249 26238 827 27066 510 27579 253 27837 251 28093 251 28349 251 28605 253 28859 26565 55425 10111
269087,0 23808 23810 254 24067 253 24321 255 24577 40959
270495,0 14 28 6 37 1 41 98 145 124 297 96 406 118 552 97 663 117 807 99 915 122 1063 101 1168 125 1317 232 1550 1 1573 232 1829 232 2085 236 2340 57 2399 178 2582 1 2594 33 2631 21 2655 177 2838 1 2851 30 2895 10 2906 1 2911 42 2954 1 2958 126 3108 28 3153 7 3168 42 3213 1 3215 124 3365 25 3424 41 3471 122 3621 23 3683 37 3727 118 3882 10 3939 37 3983 70 4057 44 4105 1 4113 6 4127 2 4139 8 4183 2 4196 35 4239 70 4314 3 4319 39 4367 21 4439 2 4453 33 4493 70 4578 37 4622 23 4695 2 4709 31 4750 69 4834 39 4877 24 4965 30 5007 68 5093 36 5132 25 5221 30 5263 68 5351 62 5477 28 5519 69 5608 61 5733 28 5775 69 5867 58 5987 29 6031 65 6098 1 6125 56 6243 29 6287 62 6382 54 6499 28 6543 61 6640 51 6755 28 6799 61 6896 51 7003 1 7011 28 7055 61 7153 49 7259 1 7270 23 7311 62 7409 48 7514 2 7529 18 7568 64 7667 46 7771 1 7786 14 7824 65 7923 46 8027 1 8043 9 8082 44 8133 14 8179 46 8282 2 8300 3 8339 43 8388 17 8435 45 8539 2 8596 42 8644 17 8693 43 8794 3 8853 42 8900 17 8949 42 9047 6 9055 2 9111 6 9120 30 9156 18 9205 42 9296 3 9302 11 9377 29 9413 17 9461 42 9528 43 9636 25 9669 17 9717 42 9783 45 9893 24 9925 16 9973 36 10010 1 10039 45 10150 23 10181 16 10229 36 10295 45 10406 23 10438 14 10485 35 10549 47 10662 22 10697 8 10741 35 10805 47 10918 22 10998 33 11061 46 11175 20 11256 31 11317 46 11431 18 11512 31 11573 47 11688 9 11768 32 11829 47 11946 6 12025 30 12083 48 12203 4 12281 30 12336 50 12412 7 12538 28 12591 50 12655 4 12664 17 12787 2 12790 3 12795 27 12846 51 12909 6 12919 24 13042 7 13051 26 13101 52 13163 38 13294 39 13357 51 13419 40 13546 43 13613 51 13675 44 13798 47 13869 50 13930 45 14053 47 14124 51 14182 51 14307 50 14379 52 14433 3 14437 54 14563 50 14635 114 14788 3 14818 51 14891 114 15043 8 15074 51 15147 114 15297 10 15317 6 15329 52 15403 115 15553 11 15572 9 15584 54 15658 116 15806 15 15827 11 15839 56 15914 117 16061 18 16082 70 16153 3 16170 118 16305 107 16426 119 16554 113 16683 120 16806 116 16939 238 17197 236 17452 237 17707 238 17963 238 18219 54 18274 183 18474 239 18729 240 18985 239 19237 243 19492 242 19747 242 20002 243 20257 244 20512 244 20767 244 21023 244 21279 245 21535 246 21791 185 21978 59 22047 184 22235 58 22294 2 22303 184 22498 3 22506 47 22559 184 22754 1 22762 48 22816 181 23017 50 23072 181 23270 53 23329 178 23525 54 23585 177 23771 4 23781 55 23842 174 24027 4 24035 57 24099 173 24283 4 24291 58 24355 173 24539 4 24546 61 24611 173 24795 69 24866 173 25047 248 25301 250 25558 248 25813 249 26068 148 26220 97 26325 126 26455 16 26477 96 26580 126 26713 13 26734 95 26835 126 26972 10 26983 2 26993 92 27091 126 27229 12 27250 91 27343 1 27346 125 27486 2 27491 1 27494 1 27507 90 27599 2 27602 124 27763 87 27852 2 27855 49 27905 76 28019 86 28111 49 28161 76 28259 1 28275 86 28370 46 28419 75 28512 5 28531 86 28626 37 28665 7 28673 76 28767 6 28788 85 28881 38 28922 6 28929 61 28994 5 29045 82 29133 2 29136 35 29179 5 29185 58 29251 2 29301 81 29386 39 29435 5 29441 58 29507 2 29559 78 29642 39 29691 5 29697 58 29758 1 29763 3 29815 77 29899 38 29947 64 30014 9 30073 17 30105 15 30131 1 30133 2 30136 11 30154 39 30202 6 30209 58 30270 9 30330 14 30362 12 30394 9 30410 39 30458 6 30465 73 30588 11 30622 1 30665 40 30713 7 30722 72 30849 5 30921 41 30968 8 30977 74 31073 7 31176 43 31223 9 31233 74 31327 10 31432 43 31478 10 31489 75 31579 16 31688 41 31734 10 31745 76 31835 16 31943 42 31989 11 32001 76 32089 20 32199 42 32245 88 32344 21 32455 42 32501 88 32597 24 32712 36 32749 2 32758 88 32852 25 32969 34 33014 87 33107 26 33225 33 33270 87 33362 28 33482 31 33518 1 33526 84 33617 29 33740 28 33782 83 33873 29 33997 26 34038 82 34128 30 34253 24 34295 74 34370 6 34384 30 34511 9 34521 3 34525 6 34551 69 34627 8 34640 31 34809 67 34883 9 34896 32 35065 68 35139 10 35151 35 35321 67 35394 11 35407 36 35453 2 35577 67 35649 11 35665 34 35707 8 35833 7 35841 40 35882 19 35905 10 35921 35 35963 12 36090 6 36098 59 36159 9 36177 55 36351 1 36355 37 36393 19 36415 9 36433 56 36607 1 36611 33 36649 19 36670 10 36689 58 36863 1 36867 32 36905 18 36927 8 36947 56 37027 1 37119 1 37125 31 37159 20 37187 4 37205 55 37281 8 37382 30 37414 2 37419 16 37443 4 37462 54 37537 9 37639 30 37670 1 37675 16 37720 53 37792 11 37896 28 37931 16 37977 54 38047 12 38074 2 38153 26 38187 16 38234 57 38299 18 38327 9 38410 25 38444 15 38490 59 38554 19 38583 10 38667 24 38700 15 38746 84 38837 16 38928 19 38956 14 39002 84 39093 18 39166 2 39192 11 39213 12 39232 1 39258 84 39348 20 39415 9 39449 10 39469 12 39486 7 39514 85 39605 19 39670 10 39709 2 39727 11 39739 13 39771 16 39790 64 39860 21 39926 10 39984 25 40027 16 40045 65 40116 21 40181 11 40243 23 40283 13 40303 62 40372 21 40437 11 40499 24 40539 13 40560 60 40628 21 40693 11 40754 26 40797 11 40817 58 40884 23 40949 11 41010 27 41053 10 41073 58 41140 24 41205 11 41265 28 41329 57 41397 28 41461 11 41522 28 41585 57 41653 29 41717 11 41778 29 41841 56 41908 31 41973 11 42034 29 42097 56 42163 33 42229 13 42290 29 42353 56 42419 34 42457 2 42464 15 42485 13 42546 29 42609 56 42675 34 42711 4 42719 17 42741 17 42803 28 42866 55 42930 85 43059 28 43123 54 43185 87 43317 25 43380 52 43441 67 43509 19 43573 24 43637 51 43697 88 43830 25 43881 6 43895 48 43953 90 44087 24 44135 8 44152 47 44209 90 44343 20 44364 5 44388 12 44409 44 44465 90 44599 18 44622 2 44642 22 44668 40 44721 91 44855 16 44877 2 44896 28 44926 38 44977 62 45042 26 45112 15 45132 5 45151 69 45233 61 45301 23 45369 8 45384 14 45407 33 45441 33 45489 59 45560 7 45568 12 45625 7 45639 16 45663 33 45698 31 45745 58 45824 12 45882 3 45894 18 45919 33 45956 23 46001 58 46080 11 46139 2 46149 20 46174 35 46213 6 46220 15 46257 58 46336 11 46406 59 46469 5 46477 13 46510 59 46592 11 46662 59 46725 4 46733 13 46766 35 46803 21 46848 11 46918 59 46981 2 46985 2 46990 11 47022 34 47065 11 47104 11 47175 58 47237 2 47240 3 47246 11 47281 31 47360 10 47431 58 47495 5 47505 7 47544 23 47616 9 47687 57 47751 6 47761 7 47801 22 47872 8 47942 58 48007 6 48059 19 48128 8 48198 57 48263 6 48315 18 48384 7 48453 57 48521 3 48573 15 48640 7 48710 56 48778 2 48830 12 48896 7 48964 57 49088 7 49152 7 49219 58 49408 7 49473 60 49664 7 49728 61 49920 7 49983 61 50142 5 50176 9 50239 61 50397 7 50432 12 50447 6 50458 2 50491 69 50652 9 50688 22 50713 3 50746 73 50908 9 50944 32 50996 81 51163 10 51200 35 51251 84 51419 10 51456 35 51504 88 51676 10 51712 35 51759 89 51932 10 51968 35 52015 90 52189 8 52224 35 52271 90 52445 8 52480 33 52526 91 52701 8 52736 33 52781 92 52959 5 52992 33 53037 92 53248 33 53293 91 53504 34 53549 91 53760 33 53804 92 54016 34 54060 91 54272 34 54316 92 54528 35 54571 94 54784 35 54827 94 55040 37 55083 96 55296 37 55339 98 55552 37 55595 99 55808 37 55851 99 56064 37 56109 96 56320 38 56365 97 56576 38 56620 98 56832 38 56875 100 57088 38 57130 101 57344 39 57385 102 57510 1 57600 39 57641 102 57754 19 57789 4 57825 12 57856 39 57897 102 58010 19 58044 5 58079 15 58112 143 58263 24 58299 6 58333 19 58368 143 58518 25 58555 6 58588 21 58624 142 58771 29 58812 1 58843 22 58880 140 59027 29 59098 23 59136 139 59282 30 59353 24 59392 139 59538 30 59608 25 59648 139 59795 29 59864 25 59904 139 60051 29 60120 25 60160 140 60306 29 60375 26 60416 141 60562 29 60631 26 60672 143 60816 30 60887 25 60928 173 61143 24 61184 172 61399 22 61440 172 61655 21 61696 170 61909 22 61952 169 62165 23 62208 168 62419 28 62464 167 62674 29 62720 165 62928 31 62976 164 63184 31 63232 163 63440 31 63488 159 63696 31 63744 151 63953 31 64000 151 64209 31 64256 151 64466 31 64512 151 64723 30 64768 149 64981 28 65024 62 65089 83 65237 28 65280 61 65345 82 65494 27
271746,0 26 39 44 85 1 87 14 105 42 157 1 160 1 173 2 253 2 256 22 297 28 329 8 348 9 369 24 395 6 512 22 553 27 585 7 605 8 625 22 653 3 768 23 809 26 841 7 862 7 881 23 907 5 1024 23 1065 26 1097 8 1117 8 1132 1 1137 32 1280 28 1320 42 1372 10 1388 1 1393 21 1415 10 1429 2 1536 28 1576 41 1629 9 1654 15 1671 10 1685 2 1792 25 1819 2 1831 20 1852 21 1885 8 1911 1 1915 10 1926 11 1941 4 1965 8 2048 25 2075 4 2081 1 2088 18 2108 21 2141 8 2172 3 2176 18 2196 5 2208 1 2219 10 2245 2 2304 25 2331 8 2345 39 2397 8 2433 17 2452 6 2463 6 2474 11 2491 2 2500 3 2560 18 2579 6 2587 7 2602 34 2637 2 2653 7 2690 3 2695 11 2708 6 2719 7 2729 8 2747 2 2757 2 2816 25 2861 2 2871 17 2893 2 2911 4 2955 7 2965 4 2979 14 3003 2 3072 25 3129 14 3148 2 3168 1 3212 6 3221 3 3238 12 3328 13 3343 8 3388 1 3391 5 3472 1 3495 12 3584 12 3600 4 3647 4 3751 12 3840 12 3858 1 4007 13 4036 3 4096 14 4112 2 4116 2 4263 13 4293 2 4352 15 4519 12 4608 15 4775 12 4864 15 4881 2 4890 3 5031 10 5120 15 5136 6 5145 4 5193 1 5287 10 5376 30 5543 9 5632 29 5792 2 5799 8 5888 29 6047 6 6054 4 6144 18 6164 9 6303 10 6400 17 6420 10 6559 7 6656 16 6677 9 6815 6 6912 4 6918 9 6934 8 7072 4 7168 4 7174 8 7192 6 7329 1 7424 3 7430 7 7449 5 7680 3 7686 6 7706 3 7936 3 7943 2 7962 3 8192 3 8200 1 8219 2 8449 1 8476 1 8685 2 8689 3 8705 1 8941 8 9197 8 9345 1 9453 8 9598 5 9709 9 9854 5 9966 8 10022 4 10111 2 10222 9 10278 4 10479 8 10536 1 10540 2 10735 9 10746 1 10795 2 10991 9 11001 3 11051 2 11246 14 11304 2 11308 2 11501 16 11564 2 11757 16 11959 2 12013 11 12025 3 12075 4 12215 3 12227 1 12265 12 12278 1 12331 4 12470 3 12484 1 12519 16 12584 7 12709 1 12739 4 12775 16 12839 9 12966 1 12995 5 13031 16 13056 2 13098 6 13249 8 13286 17 13312 2 13356 3 13360 2 13363 2 13503 12 13541 19 13568 2 13619 2 13756 17 13797 21 13824 2 14012 17 14053 22 14080 2 14269 16 14309 22 14336 2 14525 16 14565 22 14592 2 14749 3 14783 11 14821 23 14848 2 15005 3 15039 10 15077 20 15098 1 15104 2 15299 4 15333 19 15360 2 15557 2 15589 19 15616 2 15794 4 15846 17 15872 2 16048 7 16102 17 16128 2 16300 12 16359 15 16384 2 16555 14 16615 14 16640 2 16809 17 16875 6 16896 2 17066 17 17152 2 17322 17 17408 2 17578 16 17597 2 17664 2 17825 2 17835 14 17854 1 17920 2 18081 4 18091 14 18176 2 18335 9 18345 16 18432 2 18591 28 18688 2 18846 13 18861 14 18944 2 19101 14 19121 10 19200 3 19357 14 19456 3 19613 14 19712 3 19870 14 19968 4 19987 4 20126 14 20224 5 20244 3 20382 14 20480 5 20489 4 20501 2 20639 13 20736 5 20745 4 20895 12 20992 5 21002 3 21152 11 21248 5 21274 2 21409 8 21504 5 21530 3 21666 2 21760 5 21786 4 22016 5 22042 4 22074 2 22272 5 22299 6 22330 2 22528 5 22555 7 22581 2 22585 3 22784 5 22813 7 22841 3 22917 2 23040 5 23069 7 23097 3 23173 2 23296 4 23326 7 23353 3 23552 3 23583 6 23609 3 23808 3 23866 2 24064 4 24122 2 24320 4 24378 2 24576 5 24633 3 24832 5 24858 2 24889 2 25088 5 25114 2 25344 5 25371 2 25600 5 25627 2 25856 5 25865 1 26112 5 26171 1 26368 5 26426 3 26624 5 26633 2 26682 3 26880 5 26889 5 26939 1 27136 5 27145 4 27195 1 27392 5 27451 1 27648 5 27904 6 27963 1 28160 3 28218 2 28416 2 28423 5 28475 1 28672 2 28679 6 28731 1 28928 2 28934 7 29184 1 29190 7 29440 2 29446 7 29696 2 29702 7 29926 4 29952 2 29958 7 29969 1 30180 8 30208 2 30214 7 30436 8 30464 2 30469 9 30481 2 30485 1 30691 10 30720 2 30726 9 30737 2 30741 2 30947 10 30976 2 30983 16 31202 12 31232 2 31239 16 31458 12 31496 15 31714 12 31752 15 31970 11 32009 8 32021 2 32227 10 32265 3 32269 3 32483 9 32741 6 32999 2 33563 1 33819 1 34075 1 34331 1 36864 1 37120 2 37376 2 37632 2 37888 2 38144 2 38400 2 39815 1 40071 2 40327 2 40583 2 40839 2 41095 2 41470 1 41725 3 41973 11 42085 4 42228 12 42299 1 42340 5 42483 13 42555 1 42596 5 42739 13 42811 1 42853 2 42993 15 43067 1 43249 15 43323 2 43505 15 43579 2 43761 15 43835 1 44017 15 44273 15 44504 1 44529 15 44603 1 44759 1 44775 5 44786 14 44859 1 45015 2 45027 12 45042 14 45157 1 45271 3 45281 14 45298 16 45413 2 45443 2 45523 29 45556 14 45669 2 45699 2 45779 30 45812 15 45925 2 45951 6 46035 30 46073 10 46180 3 46207 6 46241 8 46286 1 46291 30 46329 12 46436 3 46464 5 46493 14 46541 36 46586 11 46691 4 46721 4 46748 15 46797 36 46843 11 46943 1 46947 4 46977 4 47003 18 47050 40 47102 9 47198 3 47203 4 47235 1 47259 18 47306 40 47358 9 47454 3 47459 4 47515 18 47563 38 47614 9 47711 2 47715 4 47771 19 47819 38 47870 9 47971 4 48024 23 48069 43 48125 11 48228 3 48279 24 48325 42 48381 10 48483 4 48535 24 48581 4 48586 36 48637 10 48739 4 48778 3 48791 24 48843 34 48894 9 48936 7 48995 4 49033 6 49046 26 49099 33 49152 7 49191 10 49251 4 49289 7 49301 27 49355 32 49407 9 49447 13 49507 4 49545 7 49557 26 49611 23 49664 8 49703 14 49763 4 49801 7 49813 26 49867 22 49920 9 49958 17 50019 4 50056 6 50069 26 50123 21 50176 9 50213 18 50275 4 50312 3 50325 26 50379 20 50432 9 50467 21 50532 3 50568 3 50574 1 50581 27 50635 20 50686 11 50722 22 50745 1 50789 2 50823 5 50830 2 50836 28 50892 19 50942 11 50975 26 51045 2 51063 4 51075 1 51077 44 51149 18 51198 11 51231 26 51301 2 51319 4 51326 51 51405 18 51453 12 51488 25 51555 4 51574 3 51582 50 51661 18 51710 12 51744 25 51811 4 51830 2 51838 50 51918 17 51946 5 51953 2 51965 13 52000 25 52067 5 52094 50 52153 3 52175 14 52201 11 52220 14 52255 25 52324 4 52344 2 52350 50 52409 3 52432 12 52457 12 52474 16 52492 1 52511 24 52551 2 52555 2 52581 2 52590 3 52599 3 52606 49 52689 9 52712 6 52720 25 52767 24 52807 7 52837 2 52845 4 52855 2 52863 47 52946 6 52969 3 52978 23 53022 24 53050 2 53062 9 53093 2 53100 7 53110 3 53119 46 53226 1 53233 24 53278 25 53305 3 53318 11 53349 3 53356 8 53366 3 53375 2 53378 43 53481 1 53488 25 53535 24 53561 2 53573 16 53605 2 53611 9 53623 2 53636 17 53658 6 53665 12 53744 25 53791 24 53817 2 53827 19 53861 2 53867 9 53879 1 53892 17 53922 7 54001 24 54047 24 54082 26 54111 2 54116 3 54123 9 54135 1 54148 15 54182 1 54256 26 54292 1 54303 23 54339 30 54371 5 54379 10 54391 2 54398 1 54404 14 54512 27 54548 2 54561 21 54595 31 54627 5 54635 9 54660 13 54767 28 54805 2 54820 17 54851 30 54883 4 54891 9 54916 12 55023 30 55061 2 55080 13 55106 31 55139 4 55149 6 55167 2 55173 11 55279 30 55317 1 55336 13 55361 38 55405 6 55423 4 55429 12 55535 32 55578 2 55591 12 55616 35 55652 3 55666 1 55677 6 55685 14 55791 32 55834 2 55848 8 55858 1 55872 33 55909 2 55922 1 55933 6 55942 12 56047 32 56089 3 56096 1 56106 2 56123 1 56126 35 56183 2 56187 8 56199 10 56303 32 56345 4 56351 3 56379 2 56383 34 56420 1 56439 2 56443 8 56455 8 56559 32 56602 3 56607 5 56639 38 56697 9 56713 4 56815 32 56858 3 56863 6 56890 1 56897 36 56951 11 56970 3 57072 33 57109 1 57114 3 57119 8 57145 2 57153 38 57206 12 57329 37 57370 3 57375 7 57401 2 57409 38 57452 1 57456 4 57461 13 57585 37 57626 1 57632 3 57664 36 57710 20 57844 34 57882 1 57889 2 57914 2 57919 37 57966 15 57983 2 58101 34 58138 1 58154 2 58168 5 58175 37 58217 20 58256 1 58358 33 58393 2 58409 4 58423 7 58432 37 58471 22 58504 3 58511 3 58615 32 58649 3 58665 4 58679 7 58689 3 58695 54 58757 13 58874 34 58922 3 58937 4 58946 2 58953 4 58958 2 58961 4 58968 4 58975 1 58977 28 59013 12 59131 33 59170 4 59178 2 59193 4 59218 2 59225 3 59233 28 59270 1 59274 3 59278 3 59305 5 59387 1 59389 31 59424 6 59434 2 59449 4 59474 1 59480 4 59488 29 59526 1 59531 5 59559 8 59645 30 59679 4 59690 1 59706 3 59736 3 59743 30 59813 12 59901 24 59929 2 59994 1 59999 30 60069 14 60086 2 60158 21 60255 31 60293 2 60324 21 60414 20 60511 31 60548 4 60579 22 60670 18 60721 5 60767 31 60805 2 60832 24 60858 15 60897 3 60926 19 60953 2 60977 5 60990 1 61023 31 61061 2 61088 24 61113 18 61153 6 61182 21 61207 4 61215 4 61227 1 61233 5 61246 1 61272 3 61277 32 61345 43 61407 12 61434 2 61437 22 61464 3 61471 4 61477 4 61482 3 61489 5 61517 1 61527 5 61533 32 61601 43 61663 13 61690 21 61721 2 61726 5 61733 8 61747 2 61770 51 61833 2 61856 45 61918 15 61946 21 61983 4 61989 7 62002 3 62026 51 62090 2 62095 2 62111 46 62174 15 62202 21 62245 7 62258 1 62277 55 62351 4 62361 4 62366 47 62430 18 62458 21 62501 8 62530 58 62607 4 62615 55 62685 20 62709 2 62713 24 62746 1 62758 7 62786 58 62864 3 62869 57 62941 20 62964 29 63002 6 63015 1 63017 4 63042 58 63121 2 63125 57 63198 19 63221 29 63257 8 63298 59 63362 1 63382 57 63454 52 63513 3 63517 5 63550 1 63553 60 63615 4 63638 57 63710 52 63776 1 63805 2 63810 69 63894 4 63902 49 63965 54 64061 2 64066 69 64146 8 64159 48 64222 52 64321 71 64398 13 64415 48 64478 50 64555 2 64577 71 64654 14 64670 52 64733 49 64833 70 64910 14 64925 61 64988 50 65089 69 65166 13 65181 113 65345 69 65424 1 65427 6 65437 99
274444,0 58627 58629 254 58884 6652
280079,0 65536
283388,13 243 269 243 525 243 781 243 1037 243 1293 243 1549 243 1805 243 2061 243 2317 243 2574 242 2831 241 3088 240 3347 4 3355 10 3372 212 3612 8 3628 212 3883 213 4139 213 4397 211 4654 210 4910 210 5166 210 5422 76 5502 130 5678 75 5759 129 5935 71 6015 129 6160 8 6192 69 6272 128 6414 13 6448 68 6529 127 6669 16 6704 68 6785 127 6921 28 6961 32 6997 30 7042 126 7177 30 7217 31 7258 23 7298 126 7433 32 7474 30 7515 18 7555 125 7689 32 7731 29 7771 16 7811 107 7919 17 7944 33 7987 30 8027 15 8068 105 8177 15 8199 34 8242 31 8284 13 8325 103 8433 15 8453 37 8497 32 8542 9 8583 100 8689 15 8709 38 8752 33 8799 4 8840 98 8945 15 8963 77 9101 92 9201 15 9219 77 9358 90 9458 95 9616 85 9717 92 9873 5 9881 3 9887 69 9974 91 10137 2 10143 67 10232 90 10393 2 10397 68 10489 90 10605 8 10653 66 10747 87 10861 8 10909 66 11003 16 11023 66 11117 11 11165 64 11261 14 11279 66 11373 12 11421 64 11518 13 11537 62 11629 15 11679 61 11776 11 11793 61 11887 14 11935 61 12032 10 12050 55 12145 14 12192 59 12288 11 12307 13 12325 35 12402 14 12448 59 12544 10 12564 10 12586 29 12659 14 12703 58 12800 10 12820 9 12843 28 12915 14 12959 58 13056 10 13078 6 13106 21 13171 14 13215 56 13312 10 13336 3 13363 19 13427 14 13471 56 13568 11 13619 18 13685 11 13727 56 13808 9 13822 13 13876 16 13941 11 13983 56 14063 28 14133 11 14197 11 14240 59 14319 28 14389 9 14454 10 14497 59 14575 28 14649 2 14711 8 14754 59 14831 28 14967 8 15011 60 15087 28 15222 8 15268 63 15343 26 15478 7 15533 54 15599 25 15733 8 15795 48 15855 24 15989 9 16051 48 16111 24 16243 12 16307 48 16367 24 16499 13 16563 48 16623 24 16683 2 16755 14 16818 50 16879 24 16939 4 17012 13 17074 50 17135 24 17195 5 17268 15 17329 52 17392 23 17451 6 17524 15 17585 52 17649 20 17707 6 17780 15 17841 53 17915 10 17963 5 18035 16 18097 53 18171 10 18220 3 18292 15 18355 51 18429 7 18548 15 18611 51 18686 5 18805 14 18868 50 18942 4 19061 14 19088 3 19124 50 19199 1 19317 14 19343 7 19381 49 19573 14 19598 11 19610 1 19639 47 19830 13 19853 19 19904 39 20087 11 20109 20 20160 39 20343 10 20365 22 20391 4 20417 38 20600 8 20621 23 20647 8 20673 38 20877 24 20902 10 20930 38 21133 36 21186 39 21389 36 21445 36 21645 37 21701 38 21902 37 21957 38 22158 37 22213 38 22415 37 22469 38 22672 36 22725 39 22839 6 22931 33 22980 40 23094 7 23189 31 23236 40 23349 10 23447 17 23466 9 23492 40 23605 10 23703 16 23723 8 23748 40 23861 10 23963 11 23981 4 24005 39 24117 10 24261 39 24374 9 24517 39 24631 8 24773 39 24888 5 25031 36 25146 3 25287 36 25545 34 25801 34 25856 8 26059 31 26112 11 26316 29 26368 15 26574 26 26624 16 26831 24 26880 17 26913 6 27089 20 27136 17 27169 7 27347 18 27392 17 27424 10 27605 15 27648 17 27679 12 27862 13 27904 18 27935 12 28120 8 28160 19 28191 12 28377 6 28416 20 28446 13 28595 2 28672 20 28702 13 28849 6 28928 21 28958 13 29105 7 29184 22 29215 12 29360 9 29440 23 29471 12 29615 10 29696 23 29727 12 29871 10 29952 23 29985 8 30127 10 30208 24 30241 7 30383 10 30464 25 30639 10 30720 25 30896 8 30976 24 31153 7 31232 24 31411 4 31488 11 31507 1 31744 2 38054 2 38305 10 38561 10 38815 13 39056 5 39070 15 39103 2 39311 8 39325 18 39359 4 39567 8 39581 19 39615 5 39822 11 39835 24 39871 5 40077 39 40127 6 40333 40 40588 42 40843 45 41098 47 41352 50 41607 52 41862 55 42117 56 42373 58 42629 59 42726 2 42884 61 42979 7 43140 62 43233 10 43395 64 43487 14 43650 65 43742 15 43903 68 43997 18 44158 69 44253 18 44413 70 44509 19 44669 70 44765 19 44925 70 45021 19 45181 70 45277 19 45437 70 45533 19 45589 2 45693 69 45789 19 45843 6 45949 69 46044 12 46060 3 46098 8 46205 68 46299 12 46317 2 46354 8 46461 68 46556 9 46609 8 46717 68 46813 8 46866 7 46972 73 47069 7 47123 5 47228 80 47326 5 47483 86 47583 3 47739 88 47839 3 47994 93 48249 94 48505 96 48607 2 48761 98 48862 3 49017 99 49117 10 49273 112 49529 115 49785 115 50041 116 50296 117 50550 18 50575 96 50805 19 50831 96 51061 19 51087 96 51317 22 51343 96 51573 122 51829 122 52085 122 52341 122 52598 121 52855 120 53117 114 53373 114 53629 114 53886 113 54142 113 54398 113 54526 2 54656 119 54779 5 54913 118 55035 5 55171 116 55290 6 55428 124 55687 121 55945 8 55970 94 56227 93 56349 2 56483 93 56601 8 56739 93 56856 11 56994 94 57111 14 57249 95 57366 15 57505 95 57621 17 57761 95 57876 18 58017 95 58131 19 58274 94 58387 19 58530 94 58642 20 58787 93 58898 19 59045 91 59154 19 59305 87 59410 19 59563 85 59666 19 59822 82 59922 18 60079 81 60179 17 60211 2 60336 80 60435 16 60464 7 60593 79 60691 16 60718 10 60849 79 60947 15 60973 11 61106 78 61205 12 61229 12 61363 77 61463 9 61485 12 61619 77 61740 15 61877 75 61995 16 62134 74 62251 17 62393 71 62507 17 62535 4 62649 71 62763 20 62790 6 62907 69 63019 22 63045 7 63165 67 63275 34 63422 66 63531 34 63679 65 63787 36 63935 65 64043 37 64191 65 64299 37 64447 65 64555 37 64703 65 64813 35 64959 65 65069 35 65215 65 65326 34 65471 64
283877,1 9 20 15 36 1 41 1 127 131 389 13 407 4 422 91 646 11 664 3 679 90 901 24 934 91 1156 27 1188 94 1409 128 1558 1 1665 127 1803 6 1811 8 1919 129 2057 20 2087 1 2175 129 2312 21 2341 3 2424 136 2568 21 2597 3 2642 1 2679 137 2827 2 2834 1 2841 3 2853 2 2898 1 2936 3 2940 132 3083 2 3197 131 3457 1 3459 4 3465 5 3473 18 3494 90 3712 3 3716 2 3721 5 3729 14 3751 89 3975 5 3983 12 4007 72 4080 16 4232 2 4239 4 4245 3 4249 1 4263 72 4336 16 4495 3 4501 1 4511 2 4519 62 4583 7 4591 17 4750 4 4756 3 4767 3 4775 61 4847 18 5011 2 5020 10 5031 60 5093 4 5101 21 5276 70 5348 7 5356 22 5531 15 5548 52 5603 31 5785 17 5808 47 5859 29 6039 71 6114 30 6293 9 6305 58 6369 32 6548 7 6557 1 6559 60 6623 15 6639 18 6803 8 6812 61 6879 35 7061 2 7068 13 7083 44 7131 39 7323 13 7339 44 7385 41 7577 10 7588 2 7593 45 7639 42 7833 10 7845 6 7852 42 7895 41 8080 3 8087 2 8100 49 8151 32 8184 8 8336 3 8343 1 8355 7 8363 43 8407 41 8612 1 8615 2 8618 44 8663 41 8871 2 8875 43 8921 13 8936 24 9017 4 9100 1 9120 2 9131 11 9143 31 9177 6 9187 11 9199 17 9273 4 9376 2 9388 7 9396 34 9434 4 9442 12 9457 15 9473 1 9529 4 9559 1 9609 3 9633 2 9647 39 9691 4 9697 13 9713 17 9785 4 9814 3 9865 4 9889 2 9903 34 9938 3 9947 19 9969 17 10042 3 10069 4 10121 2 10141 1 10144 3 10148 6 10159 39 10204 19 10225 17 10298 3 10325 5 10384 2 10397 1 10399 11 10415 39 10460 19 10481 15 10497 1 10555 1 10580 6 10589 2 10641 1 10653 13 10669 40 10716 5 10723 6 10732 20 10753 1 10811 1 10836 6 10844 3 10897 2 10910 12 10924 41 10972 5 10979 5 10988 20 11066 2 11093 10 11159 1 11167 50 11245 19 11265 1 11323 1 11349 11 11413 4 11424 48 11494 1 11501 19 11579 2 11606 10 11665 1 11670 3 11680 47 11747 7 11756 20 11834 3 11862 9 11891 2 11927 1 11936 47 12002 15 12020 12 12090 3 12120 7 12147 4 12183 1 12187 4 12198 41 12252 2 12256 17 12277 11 12346 3 12376 7 12401 10 12432 2 12437 11 12453 42 12508 3 12512 16 12533 11 12602 2 12631 7 12650 2 12655 11 12687 66 12763 22 12791 9 12858 1 12887 6 12906 3 12911 11 12943 65 13019 12 13035 6 13047 9 13114 2 13143 5 13162 3 13168 9 13199 65 13272 3 13282 3 13291 6 13303 9 13370 3 13398 5 13413 1 13417 4 13425 8 13455 64 13527 6 13539 3 13547 6 13559 9 13626 3 13650 8 13669 8 13681 7 13711 6 13719 56 13782 8 13793 8 13802 7 13810 14 13882 3 13905 4 13911 2 13925 8 13937 7 13949 1 13967 4 13974 56 14037 27 14066 14 14138 3 14161 4 14181 20 14204 7 14218 67 14291 28 14322 14 14364 1 14372 2 14376 1 14395 2 14417 3 14429 1 14439 1 14441 17 14459 8 14473 68 14546 29 14577 15 14619 2 14627 4 14632 1 14651 2 14673 3 14681 2 14684 2 14697 26 14728 6 14735 43 14781 15 14801 47 14875 2 14883 4 14907 2 14930 1 14937 2 14941 2 14955 19 14975 3 14985 4 14991 43 15037 14 15056 48 15131 2 15143 3 15163 2 15193 2 15213 2 15218 11 15243 18 15264 39 15308 31 15344 16 15388 1 15419 2 15449 2 15475 3 15479 3 15483 2 15499 2 15504 12 15520 38 15563 32 15601 15 15675 2 15761 1 15766 5 15776 30 15807 6 15817 14 15836 3 15845 4 15857 15 15931 2 16017 2 16021 6 16031 30 16063 6 16072 8 16083 3 16091 4 16101 3 16113 10 16125 3 16232 1 16272 37 16311 4 16318 7 16326 8 16341 9 16357 4 16372 7 16381 3 16487 2 16492 2 16518 1 16527 38 16567 4 16573 17 16598 5 16604 2 16613 4 16629 11 16741 12 16770 7 16783 12 16797 24 16831 2 16835 10 16857 1 16859 4 16866 1 16869 3 16877 2 16887 9 16997 12 17025 8 17039 12 17054 23 17091 10 17113 7 17121 2 17125 3 17132 3 17143 9 17257 5 17281 8 17296 9 17311 22 17347 3 17353 2 17370 3 17375 9 17399 9 17537 8 17553 5 17567 21 17603 2 17609 2 17627 2 17631 9 17655 9 17794 7 17810 4 17821 24 17858 3 17865 2 17883 13 17910 10 18051 5 18067 2 18077 24 18113 4 18122 2 18138 14 18166 10 18305 5 18323 2 18332 5 18339 13 18353 5 18362 1 18370 2 18378 3 18391 9 18401 8 18421 11 18560 6 18587 28 18617 2 18627 1 18633 4 18647 8 18657 9 18677 11 18815 8 18841 31 18889 4 18904 7 18913 8 18933 11 19071 11 19096 31 19146 3 19161 16 19188 12 19310 5 19324 25 19351 32 19401 4 19417 16 19443 13 19565 6 19573 5 19579 27 19607 26 19657 5 19673 16 19699 13 19817 22 19840 11 19852 1 19855 32 19912 5 19929 17 19950 1 19953 2 19956 12 20073 6 20080 15 20096 13 20110 31 20167 6 20185 9 20195 7 20205 3 20209 15 20329 5 20337 5 20343 8 20354 41 20419 10 20443 7 20451 8 20461 19 20599 8 20610 41 20674 10 20699 3 20703 11 20715 21 20737 1 20855 7 20865 1 20867 36 20904 1 20917 2 20931 3 20936 3 20960 9 20971 5 20979 15 21111 6 21119 40 21173 2 21187 2 21193 2 21217 8 21227 4 21235 16 21367 4 21374 39 21415 2 21427 3 21443 2 21451 2 21472 8 21482 5 21490 18 21624 2 21629 4 21634 35 21671 2 21682 4 21693 2 21699 3 21707 2 21728 4 21733 10 21745 21 21869 1 21879 3 21884 3 21889 34 21927 2 21937 3 21955 4 21962 4 21983 2 21989 2 21993 31 22124 2 22135 8 22145 32 22183 2 22192 3 22211 2 22214 2 22218 5 22236 1 22239 2 22251 5 22257 27 22380 1 22389 22 22412 20 22435 2 22447 4 22469 12 22487 7 22495 2 22502 10 22516 25 22644 6 22652 35 22691 2 22703 3 22725 12 22741 12 22757 11 22773 24 22899 6 22907 36 22947 4 22958 5 22979 14 22996 12 23013 11 23030 23 23155 6 23163 36 23203 4 23214 5 23235 29 23269 6 23276 4 23286 22 23410 35 23447 7 23461 2 23469 11 23490 30 23525 3 23532 5 23538 26 23665 5 23672 29 23704 5 23716 3 23725 11 23745 40 23786 6 23795 24 23922 1 23928 3 23938 1 23941 5 23948 4 23961 2 23972 1 23980 11 24000 45 24052 24 24178 1 24184 3 24196 12 24217 2 24237 11 24256 17 24275 24 24308 23 24439 2 24451 13 24473 2 24493 12 24512 17 24531 4 24538 3 24549 6 24563 24 24706 5 24713 6 24729 1 24749 12 24768 23 24794 3 24805 5 24822 21 24960 5 24969 6 25005 17 25026 21 25049 4 25063 2 25078 21 25215 3 25224 7 25236 1 25259 19 25282 27 25319 1 25333 22 25477 5 25484 3 25491 5 25513 22 25540 24 25567 2 25575 4 25582 1 25589 20 25732 5 25741 1 25745 8 25769 22 25796 22 25823 2 25832 3 25845 18 25987 3 26000 5 26023 24 26050 20 26078 3 26100 17 26243 3 26255 5 26279 3 26283 19 26305 21 26333 4 26357 15 26534 3 26540 16 26560 23 26588 5 26611 16 26789 6 26796 16 26816 22 26844 3 26852 1 26867 15 27044 7 27053 14 27069 22 27101 1 27106 7 27121 17 27300 7 27309 14 27325 22 27356 3 27362 7 27377 15 27555 24 27580 21 27612 5 27618 30 27811 47 27869 24 27895 9 28070 47 28125 24 28152 8 28329 42 28375 1 28380 25 28408 8 28586 39 28631 1 28638 3 28643 29 28845 6 28854 26 28886 2 28894 2 28900 28 29094 1 29101 4 29112 9 29122 11 29141 5 29157 27 29349 3 29358 2 29367 9 29378 11 29397 4 29413 4 29418 22 29593 1 29613 2 29619 26 29653 2 29661 3 29669 10 29682 3 29686 10 29807 3 29848 3 29869 32 29917 3 29925 10 29938 14 30060 7 30103 6 30120 37 30174 2 30181 5 30188 20 30316 3 30321 3 30359 7 30375 21 30398 15 30430 4 30438 3 30444 20 30570 6 30577 3 30615 9 30632 17 30652 6 30660 9 30686 9 30709 11 30825 12 30842 1 30871 10 30882 1 30888 16 30908 1 30911 2 30917 8 30943 8 30969 7 31080 21 31123 18 31146 15 31166 3 31172 4 31201 2 31204 2 31225 7 31336 22 31377 22 31403 14 31421 10 31457 1 31461 1 31481 7 31591 25 31629 27 31658 14 31676 1 31679 4 31734 10 31847 25 31876 2 31884 44 31935 4 31989 11 32103 25 32131 3 32139 45 32191 4 32197 2 32202 5 32236 1 32239 3 32245 11 32358 26 32387 3 32395 45 32447 3 32453 2 32458 5 32491 7 32502 10 32613 27 32643 3 32650 46 32703 17 32739 6 32749 3 32757 11 32868 28 32899 3 32905 47 32959 21 32995 6 33010 1 33012 12 33123 34 33161 49 33212 2 33217 22 33245 2 33252 5 33264 1 33268 12 33379 33 33417 49 33468 2 33474 22 33501 2 33507 7 33517 4 33523 13 33634 33 33671 52 33724 1 33730 24 33766 5 33773 3 33779 13 33890 33 33927 54 33985 25 34023 8 34035 13 34145 33 34183 46 34231 6 34240 27 34280 7 34292 12 34401 33 34439 46 34487 4 34496 27 34537 6 34549 11 34656 34 34693 4 34698 43 34744 3 34749 6 34757 22 34795 2 34806 9 34912 35 34949 4 34955 44 35002 9 35014 22 35041 1 35047 1 35051 2 35063 8 35168 35 35205 3 35211 3 35215 41 35258 9 35269 24 35302 1 35308 1 35313 2 35320 7 35423 35 35461 3 35467 45 35514 9 35525 26 35558 1 35569 3 35577 6 35679 35 35716 4 35722 86 35811 2 35825 4 35833 6 35934 130 36067 2 36079 6 36089 4 36094 1 36190 137 36334 6 36344 4 36447 137 36590 5 36602 1 36703 138 36847 4 36852 3 36959 138 37104 7 37216 40 37259 82 37343 9 37355 1 37361 4 37472 33 37506 5 37516 81 37598 9 37610 2 37617 2 37626 2 37728 27 37759 2 37773 90 37881 4 37886 1 37984 27 38015 2 38029 89 38137 7 38241 25 38285 90 38397 3 38498 23 38544 87 38654 2 38755 21 38800 73 38876 12 38903 1 38906 2 38909 3 39011 17 39055 74 39132 7 39140 3 39157 11 39265 4 39271 12 39311 71 39385 1 39389 5 39402 2 39413 11 39522 1 39526 7 39567 70 39639 1 39642 2 39646 3 39657 4 39665 15 39823 68 39898 6 39914 3 39920 8 39935 1 40080 66 40153 6 40163 1 40168 1 40171 2 40175 7 40190 2 40337 62 40409 1 40411 3 40417 18 40445 3 40594 61 40665 4 40672 18 40701 3 40852 59 40919 2 40927 17 40955 5 41109 57 41175 2 41179 7 41188 11 41210 6 41365 50 41436 5 41444 11 41465 7 41479 1 41623 2 41626 45 41687 1 41693 3 41700 11 41721 7 41883 37 41921 8 41950 2 41956 11 41977 7 42139 35 42176 9 42206 1 42212 11 42232 8 42396 33 42435 6 42469 9 42488 8 42652 31 42691 6 42725 9 42744 8 42908 29 42948 3 42981 9 42999 9 43161 32 43205 1 43228 1 43237 9 43254 10 43417 10 43430 19 43483 1 43492 12 43508 12 43529 4 43674 9 43687 17 43739 1 43743 1 43747 13 43763 13 43784 5 43930 7 43942 17 44003 13 44021 11 44040 5 44170 3 44186 7 44197 13 44213 1 44259 9 44277 11 44297 4 44429 1 44443 5 44453 5 44490 3 44519 2 44533 11 44553 3 44685 1 44701 3 44710 3 44746 3 44775 1 44790 10 44958 1 44967 1 44997 2 45001 4 45038 18 45193 2 45214 2 45247 16 45293 19 45449 2 45469 3 45499 24 45550 18 45705 2 45725 3 45755 24 45807 18 45981 2 45991 3 46010 29 46063 17 46237 2 46247 3 46266 31 46318 18 46521 36 46568 1 46573 19 46777 36 46829 19 47033 36 47081 2 47084 20 47290 35 47336 24 47547 34 47589 27 47803 34 47844 3 47849 23 48058 36 48100 3 48105 23 48314 36 48357 2 48361 23 48570 36 48614 1 48617 23 48827 35 48873 23 49082 35 49127 25 49338 35 49381 27 49550 5 49590 39 49635 29 49806 6 49846 39 49889 31 50047 1 50053 1 50055 3 50061 10 50081 2 50103 38 50145 31 50301 3 50308 7 50317 12 50334 7 50359 38 50400 32 50563 26 50590 9 50618 34 50656 32 50819 8 50829 16 50846 9 50875 33 50912 32 51076 7 51085 27 51131 20 51157 8 51170 30 51332 8 51341 27 51380 1 51387 20 51413 8 51427 29 51588 36 51643 20 51672 5 51683 29 51843 37 51899 20 51929 4 51939 1 51941 2 51945 23 52099 40 52155 20 52185 4 52203 21 52355 41 52411 20 52441 4 52459 21 52611 40 52667 8 52677 5 52697 4 52708 1 52711 1 52715 21 52867 40 52923 8 52933 5 52953 4 52967 25 53128 35 53178 2 53185 8 53210 2 53221 27 53385 34 53434 1 53441 8 53465 3 53478 26 53640 35 53698 6 53720 4 53734 26 53896 35 53954 6 53976 5 53990 26 54151 36 54215 2 54233 4 54245 27 54300 1 54407 36 54489 4 54501 27 54663 36 54745 2 54757 9 54769 15 54919 37 55014 7 55026 14 55175 38 55271 5 55283 13 55349 5 55432 37 55492 3 55527 4 55539 13 55579 3 55604 9 55689 36 55748 3 55797 11 55834 4 55859 12 55946 35 56005 2 56054 10 56090 3 56115 14 56202 35 56261 2 56283 1 56312 8 56345 4 56371 16 56444 1 56458 33 56518 1 56538 3 56569 7 56601 4 56626 18 56700 1 56713 1 56715 32 56773 2 56795 2 56826 6 56857 4 56882 19 56904 4 56954 3 56969 33 57029 2 57081 7 57097 1 57113 4 57137 28 57199 2 57210 1 57223 34 57285 2 57337 7 57351 4 57369 4 57392 29 57422 5 57455 2 57478 34 57540 3 57593 7 57606 5 57624 6 57647 36 57735 5 57741 26 57795 4 57849 6 57861 7 57880 6 57903 36 57990 5 57997 26 58051 4 58106 3 58117 6 58135 7 58159 33 58246 18 58265 8 58274 3 58307 5 58372 7 58391 6 58415 32 58462 1 58503 16 58522 11 58563 5 58628 8 58646 7 58669 34 58759 12 58779 4 58788 1 58805 2 58819 5 58884 8 58901 7 58925 35 58965 2 58995 1 59015 11 59037 2 59075 5 59140 7 59158 5 59179 46 59248 4 59271 10 59332 3 59396 7 59414 5 59435 48 59499 1 59501 1 59504 5 59527 10 59588 3 59652 6 59691 50 59755 1 59763 2 59783 6 59791 3 59845 3 59898 5 59908 3 59913 2 59947 3 59951 48 60040 5 60047 3 60101 3 60154 5 60163 4 60169 2 60203 53 60257 4 60296 5 60358 1 60409 4 60419 5 60425 2 60441 2 60458 59 60552 5 60665 4 60673 11 60697 2 60713 60 60807 4 60921 4 60929 11 60953 2 60969 60 61063 3 61174 1 61178 3 61184 12 61209 2 61225 60 61299 1 61318 3 61427 3 61440 7 61449 2 61465 2 61481 60 61555 2 61573 4 61683 3 61697 7 61708 1 61720 4 61736 64 61827 5 61947 1 61953 8 61963 2 61976 4 61991 65 62083 5 62203 2 62211 11 62231 5 62245 68 62321 1 62323 2 62338 7 62458 3 62467 11 62485 6 62499 74 62574 1 62577 7 62593 9 62714 3 62723 10 62739 4 62755 86 62850 9 62968 5 62979 9 62995 3 63011 82 63108 7 63224 5 63236 7 63267 82 63366 5 63480 5 63492 6 63524 73 63601 4 63622 5 63706 2 63736 5 63748 4 63780 72 63858 3 63878 3 63961 4 64003 5 64036 71 64114 3 64135 1 64217 3 64256 9 64297 66 64369 4 64512 12 64525 1 64553 65 64625 4 64768 16 64801 2 64807 67 64881 4 64890 5 65024 20 65055 4 65062 69 65136 5 65145 7 65158 2 65199 1 65280 21 65311 76 65391 6 65400 12 65413 3 65452 5
291134,0 65536
293458,39 23 146 45 297 18 403 43 553 18 659 42 808 19 915 42 1063 22 1170 43 1317 26 1423 45 1573 27 1679 45 1827 30 1934 45 2083 30 2176 1 2179 56 2339 30 2423 6 2430 60 2595 30 2678 66 2851 30 2933 65 3107 29 3189 64 3364 25 3445 60 3620 24 3701 60 3876 24 3953 65 4132 24 4185 4 4207 68 4388 26 4416 3 4439 8 4463 68 4644 32 4694 9 4719 68 4901 32 4949 11 4975 68 5157 33 5203 13 5232 68 5355 3 5373 3 5414 33 5456 16 5488 70 5605 12 5625 7 5670 34 5712 16 5744 72 5861 12 5881 7 5927 34 5967 17 6000 74 6115 16 6134 10 6183 34 6223 17 6256 75 6371 16 6389 11 6439 57 6512 76 6627 29 6696 56 6768 76 6883 29 6953 55 7025 76 7139 29 7209 55 7280 77 7395 29 7471 49 7536 78 7651 29 7727 49 7792 78 7908 28 7983 48 8048 79 8164 28 8240 47 8304 79 8420 28 8497 47 8560 79 8677 27 8753 47 8816 79 8933 27 9010 47 9072 80 9189 27 9267 46 9328 80 9445 27 9525 47 9583 80 9699 29 9782 47 9839 80 9955 29 10039 49 10095 22 10121 52 10209 31 10295 50 10351 22 10378 50 10463 33 10551 50 10606 23 10640 35 10718 34 10807 52 10862 23 10897 24 10925 5 10974 34 11064 77 11167 6 11229 35 11321 76 11485 35 11578 75 11741 35 11835 74 11997 35 12070 7 12091 75 12252 36 12325 9 12347 76 12508 36 12581 10 12605 75 12764 36 12837 11 12861 75 13020 36 13090 19 13118 75 13277 35 13344 24 13375 74 13533 35 13588 37 13632 72 13760 1 13789 35 13843 38 13889 71 14015 2 14045 35 14097 40 14149 70 14271 2 14289 8 14301 35 14353 40 14407 68 14527 2 14544 12 14557 35 14609 40 14664 28 14694 19 14716 17 14783 2 14799 49 14865 40 14920 27 14951 17 14973 16 15039 2 15054 50 15121 41 15178 23 15207 15 15229 17 15309 51 15378 41 15437 18 15463 15 15485 18 15563 53 15634 42 15701 2 15705 4 15719 14 15741 18 15819 53 15890 23 15914 18 15962 2 15976 12 15997 18 16075 53 16146 18 16173 16 16233 10 16252 19 16329 55 16403 16 16431 14 16489 9 16507 19 16584 56 16659 15 16688 13 16746 6 16761 20 16839 57 16915 15 16945 12 17003 4 17016 21 17095 57 17172 14 17203 11 17272 20 17351 57 17428 14 17459 10 17528 19 17606 58 17685 12 17717 8 17786 7 17861 59 17941 12 17973 8 18043 4 18113 63 18199 9 18232 4 18368 64 18456 7 18623 65 18878 66 19132 68 19387 69 19642 70 19898 70 20154 70 20409 67 20478 2 20665 66 20734 2 20921 66 20990 2 21178 65 21246 2 21434 63 21503 1 21536 5 21691 62 21790 8 21947 62 22045 9 22204 61 22270 1 22301 10 22461 60 22525 2 22558 8 22717 60 22779 4 22815 6 22973 67 23072 4 23230 66 23487 65 23744 63 24001 62 24182 5 24258 61 24427 6 24437 8 24515 57 24682 20 24772 55 24936 23 25029 54 25192 23 25286 52 25446 26 25543 49 25702 26 25799 48 25957 29 26057 41 26212 31 26314 37 26466 33 26571 20 26599 1 26721 35 26827 19 26976 37 27085 10 27231 38 27341 8 27486 41 27742 41 27997 43 28253 43 28509 43 28765 43 29021 43 29277 44 29533 44 29789 44 30045 44 30301 45 30557 46 30813 46 31069 46 31325 46 31571 6 31581 45 31825 56 32079 57 32335 56 32589 56 32845 56 33100 55 33355 40 33400 9 33611 38 33656 5 33867 30 34124 23 34381 22 34637 20 34895 14 35154 5 35411 1
295041,0 477 479 2 483 250 735 2 739 207 947 30 979 2 986 3 992 2 997 205 1203 28 1243 2 1249 2 1254 193 1453 5 1459 29 1499 2 1505 3 1511 193 1709 5 1715 29 1754 3 1760 5 1766 194 1963 1 1966 4 1971 30 2009 248 2261 1 2264 467 2733 252 2991 46 3039 16 3057 173 3231 10 3247 6 3256 1 3258 25 3285 4 3295 14 3315 170 3487 12 3504 4 3517 21 3551 4 3575 166 3743 12 3760 1 3773 18 3792 1 3835 178 4029 19 4058 2 4094 1 4096 173 4285 10 4297 6 4305 2 4313 4 4352 36 4390 135 4530 1 4541 10 4557 2 4560 3 4567 6 4608 36 4646 136 4785 2 4797 10 4812 6 4823 6 4864 179 5053 8 5064 1 5067 6 5077 7 5091 2 5120 179 5308 22 5333 8 5345 4 5376 179 5563 24 5589 4 5594 3 5600 5 5609 2 5625 2 5632 179 5819 29 5850 3 5855 8 5865 2 5881 2 5888 179 6075 21 6098 5 6106 3 6111 5 6119 4 6129 1 6144 179 6330 22 6355 2 6362 2 6367 4 6375 4 6383 3 6400 177 6585 24 6618 1 6630 6 6639 3 6656 177 6841 23 6873 3 6886 6 6894 4 6913 175 7096 9 7107 12 7126 6 7141 13 7159 2 7169 175 7352 8 7363 12 7381 6 7397 12 7414 3 7424 173 7607 9 7618 26 7649 16 7670 2 7680 170 7863 9 7873 27 7904 17 7925 3 7936 169 8118 58 8181 3 8192 169 8374 57 8437 3 8448 15 8465 152 8629 32 8665 22 8693 4 8704 4 8709 10 8721 151 8884 32 8921 22 8948 5 8960 167 9139 32 9175 24 9203 6 9216 166 9395 32 9431 24 9458 7 9472 140 9613 24 9651 32 9686 26 9713 8 9725 168 9906 33 9943 206 10161 36 10199 40 10240 164 10415 78 10496 137 10634 2 10638 22 10670 5 10676 70 10752 136 10894 22 10925 6 10933 61 10997 4 11008 137 11151 23 11181 6 11189 60 11254 4 11264 138 11406 25 11437 6 11445 59 11509 6 11520 139 11661 26 11692 7 11700 45 11746 14 11764 151 11917 26 11948 7 11956 45 12004 13 12020 32 12053 118 12173 26 12203 8 12212 45 12259 14 12275 33 12309 118 12429 26 12459 136 12597 28 12627 84 12713 168 12885 83 12969 62 13032 14 13049 36 13086 49 13141 160 13306 35 13342 49 13395 162 13561 36 13599 34 13634 13 13649 148 13803 10 13816 37 13855 34 13890 11 13905 148 14059 10 14073 36 14111 45 14161 146 14315 10 14327 38 14367 44 14417 146 14571 50 14626 40 14672 147 14827 50 14879 2 14883 39 14928 147 15083 48 15133 194 15340 2 15344 42 15389 192 15596 2 15600 41 15642 194 15851 3 15857 234 16107 3 16113 235 16361 6 16368 237 16615 95 16711 5 16717 145 16867 5 16877 88 16966 152 17123 4 17134 89 17225 155 17382 3 17390 6 17397 89 17487 148 17637 3 17646 6 17653 85 17742 154 17898 95 17997 2 18002 246 18263 137 18401 103 18520 137 18658 101 18771 244 19025 246 19279 248 19535 250 19789 253 20044 565 20610 254 20869 251 21124 172 21297 16 21315 237 21553 15 21571 251 21824 55 21881 196 22079 55 22137 188 22326 64 22393 188 22582 64 22648 187 22839 252 23095 252 23351 113 23467 101 23570 35 23607 106 23717 2 23723 100 23826 41 23869 3 23873 94 23969 2 23973 1 23979 100 24082 41 24126 2 24129 29 24159 64 24225 2 24228 1 24234 138 24375 4 24385 29 24415 66 24483 2 24489 138 24632 3 24641 84 24727 10 24738 3 24745 91 24837 46 24889 2 24897 54 24953 44 25001 91 25093 47 25154 16 25172 36 25209 44 25257 91 25349 5 25358 42 25411 14 25429 16 25450 59 25512 92 25605 4 25614 44 25666 15 25685 16 25705 60 25768 95 25869 15 25885 31 25919 38 25960 10 25971 50 26023 96 26124 15 26141 32 26175 35 26214 10 26227 50 26279 94 26378 16 26395 70 26469 10 26483 50 26535 94 26634 15 26650 70 26724 11 26739 50 26791 94 26889 15 26906 70 26979 12 26994 51 27047 5 27055 86 27145 15 27161 71 27234 13 27250 51 27302 5 27311 86 27400 41 27443 113 27558 5 27567 85 27656 155 27814 5 27823 85 27912 9 27923 40 27965 102 28069 5 28079 84 28168 8 28178 42 28221 2 28225 98 28324 4 28334 85 28422 57 28482 99 28589 147 28739 26 28766 71 28844 149 28995 18 29014 6 29021 72 29099 177 29277 72 29353 179 29535 248 29787 1 29791 1 29794 7 29803 235 30045 3 30051 243 30301 2 30307 65 30373 176 30563 10 30577 228 30819 10 30832 224 31057 4 31071 1 31073 239 31314 4 31327 248 31581 250 31833 1278 33112 255 33368 254 33624 254 33880 208 34090 44 34136 49 34188 9 34199 145 34345 45 34391 50 34444 9 34455 201 34657 25 34685 3 34691 13 34708 2 34712 45 34758 153 34914 8 34923 14 34941 3 34947 13 34963 3 34968 45 35015 87 35104 57 35163 4 35170 2 35179 16 35199 12 35213 28 35245 113 35361 56 35420 3 35426 2 35434 17 35454 13 35469 30 35501 114 35617 57 35681 25 35710 45 35757 114 35872 58 35936 26 35965 45 36013 167 36181 6 36190 27 36221 45 36269 17 36287 156 36445 28 36475 67 36543 156 36701 20 36722 23 36746 52 36800 176 36979 22 37003 225 37237 246 37493 172 37667 72 37742 3 37749 172 37924 71 37999 2 38003 246 38258 247 38513 248 38768 3 38774 243 39023 4 39030 243 39278 4 39285 29 39315 214 39533 4 39542 103 39647 138 39789 4 39799 102 39903 138 40045 3 40055 60 40116 181 40312 59 40373 180 40568 58 40629 176 40825 56 40885 176 41081 1 41083 54 41141 176 41327 2 41339 54 41396 178 41582 3 41595 235 41837 4 41850 167 42020 67 42094 3 42104 169 42279 4 42284 59 42350 3 42359 52 42415 2 42420 42 42465 63 42535 4 42541 58 42606 3 42615 52 42677 42 42721 64 42791 5 42797 47 42845 10 42860 5 42871 51 42933 1 42938 39 42978 63 43047 4 43053 47 43101 10 43115 7 43125 53 43189 1 43194 39 43234 64 43303 3 43309 46 43357 10 43371 62 43449 3 43455 41 43497 57 43559 3 43565 46 43613 10 43627 62 43701 7 43711 35 43748 4 43755 55 43814 6 43821 58 43883 53 43938 7 43956 7 43967 35 44006 2 44013 54 44070 65 44139 52 44193 9 44213 6 44223 34 44261 4 44269 54 44325 49 44375 16 44394 70 44468 7 44479 34 44516 7 44526 103 44631 4 44637 6 44645 2 44650 70 44723 8 44735 34 44771 9 44783 102 44886 2 44893 4 44902 28 44933 19 44954 23 44979 7 44991 34 45027 118 45151 34 45189 44 45234 7 45246 35 45283 112 45396 6 45407 28 45439 3 45445 51 45502 35 45539 112 45652 5 45660 1 45663 27 45695 40 45737 14 45759 34 45795 118 45914 33 45951 39 45995 2 45999 8 46009 6 46019 150 46170 17 46189 14 46208 33 46242 4 46254 17 46275 68 46346 73 46420 5 46427 16 46444 15 46465 30 46506 2 46510 19 46532 46 46579 20 46602 73 46676 5 46683 27 46721 30 46762 2 46766 19 46788 68 46857 80 46939 10 46951 14 46979 28 47018 175 47197 8 47206 15 47235 28 47274 173 47455 22 47494 25 47524 4 47530 173 47710 27 47750 25 47779 6 47786 173 47964 29 47995 4 48007 208 48219 29 48251 4 48263 208 48474 30 48507 5 48518 92 48613 114 48729 30 48763 5 48774 24 48799 65 48868 56 48925 58 48985 30 49030 54 49085 3 49090 28 49123 57 49181 58 49240 29 49286 53 49341 33 49379 115 49495 30 49542 54 49597 153 49751 30 49799 190 49990 16 50007 30 50055 207 50263 32 50311 204 50519 33 50557 2 50567 45 50614 156 50775 34 50813 3 50823 53 50877 136 51014 9 51032 34 51069 6 51080 51 51134 11 51148 120 51271 8 51288 34 51325 7 51335 52 51391 10 51403 120 51527 9 51544 44 51591 46 51638 2 51648 7 51657 122 51782 11 51800 43 51847 45 51905 4 51913 136 52056 43 52103 41 52146 3 52154 3 52160 2 52169 46 52219 36 52257 48 52312 42 52359 41 52402 11 52416 2 52421 27 52449 22 52475 36 52513 8 52522 39 52568 39 52614 55 52677 28 52707 18 52726 1 52730 24 52755 22 52778 15 52794 23 52823 40 52870 42 52913 12 52933 28 52963 18 52982 28 53011 21 53034 15 53050 12 53063 11 53079 39 53125 39 53170 11 53189 82 53273 43 53319 11 53335 38 53382 38 53427 10 53444 82 53529 42 53574 12 53590 39 53639 36 53687 5 53699 6 53707 75 53784 33 53818 8 53829 6 53836 6 53845 40 53895 36 53945 1 53954 7 53963 30 53994 40 54037 36 54075 24 54101 39 54153 30 54185 3 54208 10 54219 3 54224 21 54247 2 54251 3 54257 15 54273 17 54293 36 54331 65 54409 30 54441 4 54464 14 54480 22 54503 7 54513 15 54529 16 54553 23 54577 26 54604 48 54665 36 54719 39 54761 6 54769 9 54780 4 54785 16 54809 22 54833 26 54861 47 54921 36 54975 39 55018 16 55037 3 55041 17 55065 22 55089 18 55111 4 55117 47 55178 35 55229 40 55274 16 55292 4 55297 17 55321 22 55345 17 55367 4 55373 47 55435 35 55484 41 55530 17 55548 4 55553 3 55557 5 55563 7 55577 22 55601 13 55624 3 55629 47 55691 36 55739 15 55756 24 55785 18 55805 6 55813 4 55819 7 55833 22 55858 11 55884 49 55947 36 55994 16 56012 24 56040 19 56061 20 56088 23 56116 7 56139 50 56205 34 56250 36 56289 4 56294 3 56302 13 56317 20 56344 13 56359 8 56372 6 56395 19 56416 29 56462 33 56505 36 56545 8 56556 15 56573 10 56584 1 56589 4 56601 10 56615 7 56627 7 56651 19 56674 27 56719 31 56761 36 56801 10 56812 16 56831 8 56845 4 56857 10 56871 7 56883 7 56906 16 56923 4 56930 2 56933 20 56975 31 57017 36 57057 27 57086 8 57101 3 57116 17 57139 4 57161 26 57190 18 57230 1 57237 24 57271 40 57314 36 57357 3 57372 17 57395 4 57417 26 57447 17 57485 5 57493 24 57525 1 57527 40 57570 37 57612 4 57628 17 57651 4 57672 27 57703 16 57739 33 57776 1 57781 42 57826 37 57867 5 57883 18 57908 3 57918 2 57927 48 57995 1 57997 31 58031 2 58037 42 58083 36 58123 5 58134 23 58173 4 58181 50 58250 2 58253 38 58293 42 58339 1 58344 30 58376 1 58378 6 58389 24 58427 6 58436 21 58459 28 58505 3 58509 39 58549 41 58595 1 58600 29 58631 9 58644 14 58663 6 58674 4 58682 5 58689 25 58717 18 58736 5 58759 86 58851 2 58856 27 58886 10 58899 12 58919 7 58930 5 58939 3 58943 28 58973 18 58992 5 59015 85 59107 2 59111 25 59142 6 59155 9 59174 9 59187 4 59195 52 59249 4 59269 86 59362 30 59397 6 59410 9 59430 9 59443 4 59452 51 59505 4 59524 87 59617 31 59653 6 59666 7 59687 8 59699 2 59707 44 59755 2 59761 2 59780 87 59873 31 59910 5 59922 6 59943 8 59955 2 59963 42 60035 87 60129 31 60165 3 60173 3 60179 4 60200 7 60215 48 60290 8 60300 77 60385 31 60417 6 60429 3 60435 1 60457 6 60471 49 60545 8 60557 76 60639 40 60683 6 60712 7 60725 52 60801 8 60813 75 60893 43 60939 7 60967 8 60981 53 61056 9 61069 74 61149 52 61223 4 61237 52 61311 10 61324 75 61403 54 61479 2 61493 52 61566 82 61649 6 61659 53 61748 54 61821 89 61914 54 62004 55 62061 3 62077 83 62162 4 62169 54 62241 6 62249 2 62256 65 62331 83 62419 3 62424 55 62497 11 62511 66 62587 82 62678 57 62751 85 62839 1 62843 77 62921 9 62935 55 63007 84 63095 2 63099 12 63114 60 63178 9 63191 54 63262 93 63358 8 63373 57 63435 9 63447 54 63509 1 63517 24 63543 70 63614 9 63629 57 63690 11 63703 54 63763 3 63773 22 63797 1 63799 1 63801 78 63887 55 63943 14 63958 55 64019 5 64030 21 64053 2 64057 74 64133 2 64143 126 64275 5 64285 26 64315 70 64397 128 64531 4 64541 26 64571 69 64653 128 64787 2 64798 24 64827 4 64832 65 64907 126 65035 2 65054 21 65076 1 65084 3 65089 64 65164 125 65291 4 65300 1 65309 18 65328 6 65340 3 65345 52 65398 12 65420 116
303895,0 33536 33537 255 33794 254 34057 247 34317 243 34578 238 34839 233 35101 227 35360 224 35622 218 35880 216 36142 210 36401 207 36663 201 36923 197 37185 191 37443 189 37707 181 37965 179 38227 173 38486 170 38748 164 39008 160 39269 155 39529 151 39790 146 40049 143 40312 136 40571 133 40833 127 41093 123 41355 117 41614 114 41877 107 42135 105 42397 99 42656 96 42919 89 43177 87 43439 81 43699 77 43961 71 44220 68 44481 63 44741 59 45002 54 45261 51 45525 43 45783 41 46047 33 46305 31 46568 24 46827 21 47089 15 47348 12 47610 6 47869 2
304629,0 18423 18425 255 18681 256 18939 254 19194 1797 20992 255 21248 255 21504 229 21734 25 21760 235 21997 18 22016 235 22255 16 22272 236 22511 15 22528 236 22766 16 22784 254 23040 253 23296 253 23552 253 23808 253 24064 253 24320 253 24576 254 24832 253 25088 253 25344 254 25600 255 25856 255 26112 255 26368 253 26624 253 26880 253 27136 253 27392 253 27648 255 27904 255 28160 255 28416 11222 39641 254 39900 1549 41450 255 41706 255 41962 13 41976 241 42218 13 42233 2 42238 1 42240 232 42474 13 42496 231 42729 12 42752 229 42985 10 43008 229 43241 9 43264 229 43498 8 43520 229 43755 7 43776 225 44002 3 44007 2 44011 9 44032 224 44259 3 44263 2 44267 10 44288 225 44516 18 44544 225 44773 17 44800 246 45056 232 45289 13 45312 224 45542 1 45546 11 45568 221 45803 9 45824 222 46059 2 46062 3 46080 222 46315 2 46319 2 46336 222 46565 8 46575 1 46592 222 46822 7 46830 2 46848 223 47079 6 47086 4 47104 224 47335 10 47360 225 47591 10 47616 225 47847 6 47854 3 47872 225 48102 1 48105 2 48128 225 48384 221 48640 221 48896 221 49152 222 49408 222 49634 5 49664 231 49920 232 50176 232 50432 232 50688 232 50927 2 50944 232 51183 8 51193 3 51200 233 51439 13 51456 232 51695 13 51712 232 51951 13 51968 231 52207 14 52224 231 52463 14 52480 230 52718 15 52736 229 52974 15 52992 229 53230 15 53248 231 53487 14 53504 230 53743 14 53760 229 54000 13 54016 232 54257 12 54272 232 54513 12 54528 231 54769 12 54784 231 55025 12 55040 231 55283 243 55539 243 55793 245 56049 246 56305 246 56561 245 56817 245 57073 241 57330 241 57586 241 57845 232 58078 5 58102 232 58335 4 58361 229 58592 3 58616 230 58848 3 58864 3 58869 238 59120 4 59125 236 59374 241 59628 244 59877 2 59883 245 60134 1 60139 245 60387 253 60643 254 60900 253 61157 3 61161 244 61406 2 61413 249 61671 247 61929 244 62186 243 62443 242 62699 243 62955 242 63210 243 63466 243 63721 242 63971 2 63975 244 64227 2 64231 244 64480 5 64489 243 64735 6 64744 243 64994 2 65001 242 65250 1 65257 242 65513 18 65533 3
305222,0 65536
308936,0 65536
315120,0 65536
317877,33 12 1571 6 1824 13 2079 15 2333 19 2356 4 2589 27 2845 27 3101 27 3357 25 3613 24 3870 23 4126 22 4382 20 4639 16 4896 13 5153 11 6696 3 6950 5 7205 7 7460 8 7716 9 7971 13 8225 18 8480 22 8736 23 8991 24 9247 25 9502 26 9757 27 10013 27 10269 27 10525 28 10781 28 11037 28 11293 28 11549 28 11805 28 12061 28 12317 28 12573 29 12829 29 13085 30 13340 31 13596 32 13852 32 14108 33 14364 33 14621 32 14877 31 15138 26 15398 22 15657 18 15914 17 16171 14 16429 11 16771 4 17025 7 17281 8 17537 8 17793 8 18049 8 18306 7 18563 6 19263 5 19270 5 19518 15 19553 2 19773 20 19805 9 20028 22 20061 10 20279 31 20315 13 20526 6 20533 51 20781 60 21037 61 21293 62 21549 62 21805 62 22061 62 22317 62 22573 62 22831 58 23089 56 23294 2 23346 54 23547 5 23602 53 23802 6 23859 52 24056 8 24115 51 24307 13 24372 50 24561 15 24629 49 24816 16 24885 48 25071 17 25142 47 25327 22 25399 46 25583 22 25655 46 25839 23 25912 45 26096 22 26169 44 26352 22 26425 44 26568 5 26609 10 26624 5 26681 44 26824 5 26865 10 26880 5 26937 46 27080 4 27121 8 27136 5 27193 46 27338 1 27378 6 27392 3 27449 46 27649 1 27705 46 27963 44 28221 42 28481 38 28738 36 28995 34 29251 34 29507 37 29546 5 29763 46 30018 51 30274 53 30530 55 30787 54 31043 56 31298 58 31553 60 31809 60 32063 63 32319 63 32575 63 32831 63 33087 64 33343 64 33599 64 33855 64 34112 64 34369 63 34639 49 34896 48 35153 47 35409 47 35665 47 35921 48 36177 50 36432 51 36495 2 36687 57 36746 9 36943 69 37199 70 37454 71 37709 72 37964 74 38219 76 38475 76 38731 78 38987 79 39242 81 39441 6 39497 83 39694 10 39753 84 39949 11 40009 85 40205 11 40266 85 40461 11 40523 84 40718 9 40779 84 40975 8 41035 85 41233 3 41291 85 41547 85 41803 86 42057 88 42312 89 42567 89 42823 89 43079 88 43335 88 43518 1 43591 88 43772 4 43846 88 43939 3 44026 6 44102 88 44194 6 44281 7 44358 89 44450 9 44532 12 44614 88 44706 9 44787 13 44870 103 45037 1 45041 15 45126 103 45291 21 45382 105 45545 23 45639 104 45800 24 45895 105 46054 26 46152 105 46309 27 46408 105 46564 28 46664 106 46820 28 46921 106 47075 29 47177 106 47331 29 47433 105 47587 29 47689 106 47843 29 47946 109 48098 30 48203 109 48354 30 48459 110 48609 31 48715 110 48845 4 48865 31 48971 114 49100 7 49121 31 49227 115 49355 10 49371 1 49378 30 49484 119 49606 22 49636 28 49741 143 49893 27 49997 152 50159 12 50253 154 50415 10 50510 154 50674 4 50767 153 51023 154 51279 154 51535 156 51791 156 52047 156 52304 156 52559 160 52815 161 53071 162 53327 161 53583 161 53839 161 54095 160 54351 160 54607 160 54863 159 55119 158 55375 158 55552 12 55630 158 55808 13 55886 158 56064 14 56141 158 56320 14 56397 158 56576 14 56653 156 56832 14 56909 156 57088 13 57164 155 57344 13 57420 153 57600 13 57676 150 57856 13 57933 148 58112 12 58189 146 58368 12 58445 144 58624 12 58701 142 58880 11 58957 142 59136 11 59213 142 59392 11 59469 141 59648 11 59726 139 59904 11 59982 139 60160 11 60238 139 60416 11 60494 139 60672 11 60751 140 60928 10 61007 140 61184 9 61265 107 61374 5 61382 22 61440 8 61521 105 61643 17 61696 6 61777 104 61903 12 61952 5 62033 104 62159 12 62288 104 62416 9 62544 104 62673 7 62800 76 62880 24 63055 76 63138 21 63311 76 63396 19 63554 3 63567 77 63652 19 63809 6 63823 77 63908 18 64064 8 64079 78 64165 16 64319 10 64335 78 64422 14 64575 10 64591 78 64680 11 64831 10 64848 76 64939 6 65087 10 65104 76 65197 4 65343 10 65361 35 65397 39 65453 4
326172,0 65536
331069,1 120 163 16 184 82 277 100 420 14 441 78 534 98 677 13 697 77 790 33 826 62 933 12 952 79 1032 1 1045 34 1082 62 1189 12 1208 83 1292 1 1296 104 1449 7 1464 85 1551 105 1705 5 1720 77 1798 54 1853 59 1975 132 2109 60 2227 1 2230 134 2365 60 2433 10 2479 203 2687 13 2734 125 2861 98 2989 126 3117 98 3245 127 3373 100 3499 230 3755 232 4011 232 4267 232 4522 233 4778 234 5033 235 5289 236 5545 236 5801 236 6057 236 6313 237 6568 238 6824 239 7080 239 7336 238 7592 238 7848 208 8061 24 8103 209 8318 23 8359 210 8575 21 8615 212 8831 20 8871 233 9127 232 9383 225 9639 224 9894 225 10150 226 10406 227 10663 226 10921 226 11182 223 11438 227 11694 227 11951 228 12207 237 12463 240 12718 242 12974 243 13230 243 13485 247 13738 251 13990 1 13994 255 14252 1073 15327 81 15410 168 15579 2 15583 81 15666 167 15839 81 15922 167 16096 81 16178 167 16351 252 16605 6348 22954 254 23211 251 23469 248 23725 214 23942 29 23982 77 24063 132 24199 28 24239 76 24320 129 24461 22 24499 70 24576 57 24634 70 24717 22 24756 68 24832 59 24893 66 24975 20 25013 64 25088 59 25150 64 25230 21 25269 64 25344 59 25409 60 25487 20 25525 64 25600 59 25665 60 25743 21 25781 64 25856 60 25921 48 25971 14 25997 24 26039 62 26110 62 26177 48 26230 3 26236 6 26253 24 26296 61 26366 61 26434 46 26490 11 26509 22 26557 55 26622 61 26690 46 26743 14 26764 23 26814 1 26818 49 26878 61 26945 48 26997 18 27017 24 27074 49 27134 61 27201 48 27253 44 27328 51 27391 59 27458 95 27583 52 27648 12 27662 43 27714 95 27838 53 27904 3 27926 29 27971 94 28092 55 28158 3 28184 26 28227 95 28347 55 28413 3 28440 24 28482 97 28603 54 28666 6 28692 20 28738 97 28857 56 28921 7 28946 20 28994 97 29111 57 29177 7 29201 16 29250 98 29367 57 29433 7 29457 15 29506 98 29621 58 29689 7 29713 16 29762 98 29875 48 29928 7 29945 7 29971 14 30018 98 30130 42 30185 7 30201 7 30227 14 30274 98 30385 41 30441 10 30457 7 30483 14 30529 100 30639 41 30695 14 30711 9 30731 5 30740 13 30784 101 30895 40 30949 27 30983 12 30997 12 31039 103 31147 45 31199 33 31236 16 31254 11 31295 104 31400 48 31453 55 31513 7 31549 155 31706 59 31773 2 31805 216 32061 216 32317 217 32572 154 32727 63 32828 218 33083 219 33339 220 33595 220 33851 220 34096 5 34107 220 34351 8 34363 220 34605 10 34619 219 34859 234 35115 234 35370 234 35626 233 35882 115 35999 116 36138 115 36257 112 36394 115 36513 109 36650 115 36769 108 36905 115 37025 108 37160 116 37281 109 37413 119 37537 110 37665 122 37793 110 37920 122 38049 111 38175 122 38305 111 38429 123 38561 112 38685 109 38797 7 38817 114 38941 109 39073 116 39197 108 39329 116 39453 108 39584 117 39709 108 39839 118 39964 109 40095 236 40351 236 40607 238 40863 8 40873 230 41120 7 41130 231 41378 3 41389 228 41646 229 41901 230 42157 230 42404 3 42409 234 42659 240 42913 242 43167 243 43421 244 43677 244 43932 245 44187 247 44442 249 44697 3692 48393 252 48651 247 48907 246 49164 244 49421 243 49677 243 49933 243 50189 243 50446 242 50703 241 50960 240 51217 239 51474 238 51731 237 51987 237 52243 237 52500 236 52756 236 53011 237 53265 241 53521 241 53777 244 54033 246 54288 1550 55840 253 56097 252 56353 252 56613 248 56869 250 57125 252 57381 6215 63597 247 63846 5 63857 243 64102 5 64114 249 64370 243 64614 5 64626 242 64870 3 64881 243 65126 3 65137 242 65382 3 65393 143
332934,0 65536
337798,0 65536
349461,0 65536
372637,1 65 72 184 257 64 329 248 585 248 841 248 1097 248 1353 248 1610 249 1867 248 2123 249 2379 249 2636 249 2893 251 3150 254 3407 254 3663 254 3921 3 3925 248 4177 2 4181 256 4438 4311 8750 1756 10508 253 10764 129 10895 121 11020 129 11153 119 11275 130 11409 118 11529 132 11665 118 11785 132 11922 249 12178 248 12434 251 12690 251 12946 254 13201 7718 20920 41 20964 129 21095 79 21176 24 21203 14 21219 114 21339 2 21342 7 21351 78 21431 24 21458 131 21595 11 21608 77 21687 24 21713 132 21850 10 21865 236 22105 10 22121 236 22361 11 22374 241 22617 11 22630 250 22881 4 22886 247 23134 1 23138 253 23392 927 24320 254 24576 254 24832 255 25088 1789 26878 1 26880 253 27136 253 27392 147 27541 104 27648 148 27798 103 27904 149 28055 75 28131 26 28160 150 28311 103 28416 254 28672 254 28928 254 29184 254 29440 255 29696 255 29952 2191 32146 2 32151 244 32407 242 32663 2 32667 234 32919 2 32923 231 33179 230 33435 225 33661 2 33689 227 33944 227 34199 97 34298 5 34304 123 34455 96 34560 123 34709 98 34816 123 34964 99 35072 125 35207 2 35219 100 35328 126 35460 6 35474 101 35584 140 35727 104 35840 247 36096 247 36352 247 36608 248 36864 252 37120 253 37376 249 37626 3 37630 1 37632 767 38400 254 38656 248 38905 4 38912 247 39168 245 39424 243 39680 143 39825 98 39936 143 40083 96 40187 2 40191 145 40339 2 40343 94 40443 102 40547 46 40595 1 40599 95 40699 98 40803 49 40855 96 40955 98 41059 50 41112 95 41212 97 41315 50 41368 95 41469 96 41571 50 41625 94 41726 1 41728 93 41827 50 41881 95 41979 1 41984 93 42083 51 42138 95 42234 2 42240 92 42339 52 42393 96 42496 91 42595 52 42649 48 42703 41 42752 89 42851 53 42907 46 42960 37 43008 86 43107 53 43165 43 43217 35 43264 85 43364 52 43422 42 43473 28 43503 2 43520 85 43620 52 43678 42 43729 29 43759 3 43776 85 43876 53 43935 41 43985 35 44032 85 44132 53 44191 41 44241 23 44267 8 44288 87 44388 53 44447 41 44497 22 44523 8 44544 87 44644 53 44703 41 44753 22 44780 5 44800 89 44895 57 44959 42 45009 24 45037 4 45051 1 45056 92 45149 59 45215 42 45264 25 45293 4 45307 1 45312 151 45470 42 45519 25 45553 5 45568 149 45726 42 45775 25 45809 5 45824 146 45983 41 46030 10 46047 9 46064 7 46074 2 46078 148 46239 42 46283 13 46303 9 46319 9 46329 153 46495 58 46561 6 46573 166 46752 59 46819 2 46827 168 47009 38 47050 18 47082 169 47265 38 47306 19 47333 174 47521 8 47530 28 47561 21 47587 14 47603 160 47777 8 47786 27 47817 23 47841 16 47859 160 48033 36 48077 38 48121 154 48289 35 48333 38 48377 151 48546 34 48589 39 48632 152 48802 35 48845 40 48886 147 49037 5 49044 1 49061 33 49102 187 49293 9 49317 34 49359 185 49549 11 49573 34 49613 2 49618 38 49658 141 49805 12 49829 34 49869 2 49875 37 49914 139 50061 14 50085 34 50133 35 50171 137 50316 15 50341 35 50385 1 50388 36 50427 136 50572 61 50639 41 50686 133 50828 61 50895 40 50943 133 51085 105 51200 133 51335 1 51341 104 51455 134 51596 105 51710 135 51851 105 51965 247 52219 249 52475 250 52732 249 52988 251 53244 251 53500 252 53753 6023 59778 1 59780 252 60037 251 60296 249 60552 249 60808 249 61063 250 61318 251 61573 254 61828 3707
373056,0 65536
386606,0 65536
391427,9 21 85 27 136 3 156 55 237 19 265 20 346 20 416 50 496 16 522 19 602 20 675 46 753 15 777 20 858 20 927 50 1008 16 1033 20 1114 21 1181 53 1263 17 1289 19 1367 24 1433 59 1519 17 1545 18 1621 26 1688 60 1775 17 1803 15 1877 26 1938 66 2031 17 2061 12 2133 26 2193 68 2288 12 2301 3 2319 10 2388 27 2448 69 2544 16 2576 8 2642 29 2704 69 2800 16 2895 32 2960 68 3057 15 3150 33 3215 67 3313 15 3405 33 3470 19 3491 47 3571 9 3582 2 3661 33 3726 19 3748 46 3828 8 3839 1 3917 32 3979 22 4005 45 4086 2 4170 35 4234 23 4261 45 4421 39 4488 25 4517 44 4677 39 4744 26 4773 44 4933 38 4999 74 5182 1 5189 37 5255 73 5437 4 5445 36 5509 64 5576 5 5691 6 5701 36 5765 64 5944 12 5957 34 6020 65 6199 47 6275 66 6455 38 6496 3 6531 65 6711 38 6787 65 6965 40 7042 35 7081 26 7221 40 7298 31 7330 3 7337 26 7477 39 7547 1 7554 23 7578 3 7587 2 7594 23 7732 39 7801 4 7810 23 7834 1 7842 3 7850 23 7987 17 8008 17 8055 8 8066 25 8098 3 8107 21 8243 16 8264 17 8309 11 8321 25 8353 6 8363 20 8499 16 8521 11 8565 35 8610 5 8619 18 8755 16 8777 11 8821 35 8867 4 8875 18 9012 15 9034 11 9077 36 9126 1 9131 16 9269 14 9290 11 9333 36 9386 17 9525 15 9547 10 9592 34 9643 14 9782 14 9803 10 9849 33 9899 14 10038 14 10059 10 10106 33 10154 14 10295 12 10316 8 10362 33 10410 14 10553 6 10619 9 10629 23 10663 16 10811 2 10875 8 10885 24 10918 17 11003 5 11067 2 11134 2 11142 23 11173 10 11186 1 11257 7 11323 2 11399 23 11429 9 11512 8 11656 22 11685 8 11765 11 11913 21 11942 7 12020 12 12170 19 12202 2 12273 15 12401 5 12427 18 12529 15 12655 9 12683 18 12783 17 12911 9 12939 17 13039 17 13111 6 13165 12 13196 15 13295 17 13367 6 13421 12 13453 13 13551 17 13623 6 13675 14 13709 12 13806 18 13879 6 13930 15 13965 11 14061 19 14134 8 14186 15 14222 9 14317 19 14390 8 14441 16 14479 6 14573 19 14647 6 14698 25 14829 19 14903 6 14955 26 15085 19 15211 28 15340 20 15466 29 15596 20 15720 31 15852 20 15975 32 16109 19 16229 35 16365 19 16484 37 16621 19 16739 38 16878 18 16994 40 17134 15 17250 40 17392 10 17506 40 17649 7 17761 40 18017 40 18268 45 18523 46 18771 53 19027 52 19229 5 19282 53 19485 6 19538 52 19741 7 19793 52 19924 8 19997 7 20049 50 20179 10 20253 6 20305 48 20435 15 20509 6 20561 46 20691 16 20765 7 20817 40 20947 18 21021 7 21072 40 21203 18 21277 7 21323 44 21458 21 21506 2 21534 6 21578 6 21586 37 21714 21 21760 5 21790 2 21793 2 21831 10 21843 34 21971 20 22016 5 22046 2 22087 11 22100 32 22227 20 22272 7 22343 23 22369 18 22483 20 22528 8 22600 14 22615 6 22626 5 22636 5 22740 19 22784 9 22857 11 22997 18 23040 9 23113 9 23253 17 23296 11 23369 8 23510 16 23552 12 23625 8 23766 15 23808 13 23882 6 23891 1 24023 14 24064 13 24138 5 24146 2 24280 13 24320 13 24395 4 24402 2 24537 10 24576 14 24651 1 24653 2 24658 2 24795 7 24832 15 24907 4 24913 3 25088 15 25163 2 25169 3 25344 15 25420 2 25425 2 25584 4 25590 2 25600 15 25676 3 25681 2 25839 10 25856 15 25930 8 26093 14 26112 15 26185 7 26308 4 26349 15 26367 16 26441 6 26562 8 26605 24 26631 8 26697 5 26817 9 26860 24 26888 7 27073 9 27115 25 27145 4 27150 1 27329 9 27371 32 27413 4 27585 8 27627 32 27667 8 27841 8 27883 34 27921 12 28098 7 28137 36 28176 13 28355 6 28392 55 28615 1 28640 69 28895 73 29130 1 29149 12 29162 63 29259 2 29385 4 29405 12 29419 64 29511 9 29640 9 29660 13 29675 66 29765 12 29896 9 29915 14 29933 66 30019 15 30152 11 30169 17 30189 67 30274 17 30408 12 30423 18 30445 68 30529 19 30664 33 30701 68 30784 21 30809 8 30863 6 30920 33 30957 68 31039 38 31117 11 31177 11 31189 18 31213 68 31295 40 31373 12 31433 10 31445 18 31469 67 31550 44 31602 1 31627 17 31691 7 31699 17 31726 14 31744 48 31806 45 31857 4 31883 24 31947 6 31954 17 31983 10 32000 49 32062 45 32112 19 32139 26 32210 16 32240 7 32256 49 32318 45 32367 20 32395 26 32465 16 32498 4 32512 49 32573 47 32623 21 32650 28 32721 15 32768 48 32829 48 32879 22 32906 29 32977 15 33024 47 33085 72 33161 30 33233 15 33280 47 33341 72 33417 31 33489 14 33536 47 33597 46 33644 61 33745 14 33792 47 33853 46 33901 60 34002 12 34048 47 34109 46 34158 60 34259 10 34304 47 34365 46 34414 60 34515 9 34560 47 34619 48 34671 60 34773 6 34816 47 34875 49 34927 60 35029 4 35072 47 35130 50 35184 59 35328 47 35386 50 35441 58 35584 47 35642 50 35698 57 35840 47 35899 49 35955 56 36096 47 36155 48 36213 54 36352 47 36411 48 36469 54 36608 36 36645 8 36668 47 36727 52 36864 35 36901 6 36925 46 36987 48 37120 34 37158 3 37181 35 37221 4 37246 44 37376 33 37414 3 37437 34 37503 42 37632 33 37694 32 37761 39 37888 33 37950 31 38017 38 38144 33 38206 31 38274 35 38400 33 38463 29 38530 28 38561 2 38656 17 38677 12 38715 32 38787 26 38912 13 38926 1 38935 9 38970 32 39043 25 39168 2 39171 8 39225 30 39300 23 39424 1 39427 8 39481 30 39557 21 39735 30 39815 9 39991 30 40246 32 40502 32 40700 3 40704 1 40707 2 40758 33 40954 8 40963 2 41015 33 41209 12 41271 34 41465 12 41527 34 41721 12 41771 9 41783 35 41977 12 42026 11 42038 37 42233 12 42281 50 42489 12 42536 52 42745 11 42791 54 43001 11 43046 55 43257 11 43302 56 43513 11 43558 56 43769 11 43812 58 44025 11 44067 59 44281 10 44322 60 44537 10 44577 61 44793 8 44832 26 44861 33 45026 11 45049 7 45087 28 45117 33 45278 17 45305 7 45343 28 45374 31 45426 6 45447 5 45529 23 45561 7 45599 28 45630 31 45681 8 45702 7 45783 26 45817 7 45855 62 45935 13 45955 13 46037 29 46073 7 46111 62 46191 14 46211 14 46292 31 46329 7 46366 63 46446 38 46486 9 46547 33 46587 5 46622 63 46701 50 46802 35 46843 5 46877 63 46957 52 47053 42 47101 3 47133 63 47213 52 47307 44 47357 2 47389 62 47469 53 47563 44 47647 1 47650 57 47725 54 47819 44 47909 53 47981 55 48074 45 48165 52 48237 56 48331 44 48421 52 48492 62 48587 44 48677 52 48733 4 48749 62 48843 44 48933 63 49005 64 49100 43 49189 34 49225 28 49260 65 49357 42 49445 34 49482 27 49517 66 49616 39 49701 33 49739 27 49773 66 49873 38 49956 34 49995 28 50029 68 50129 38 50212 34 50251 29 50285 68 50384 39 50468 33 50507 102 50639 40 50724 33 50763 102 50895 39 50981 32 51019 102 51150 31 51182 6 51237 32 51275 102 51405 30 51494 32 51531 101 51657 33 51750 32 51788 100 51911 34 52009 30 52045 98 52165 34 52275 20 52301 97 52421 34 52533 17 52559 95 52677 34 52789 17 52815 95 52933 35 53045 16 53073 93 53189 38 53301 15 53330 91 53445 38 53557 14 53587 90 53701 39 53813 14 53844 89 53956 41 54065 4 54071 10 54101 87 54211 42 54321 4 54328 9 54357 87 54466 44 54587 2 54615 84 54720 48 54873 81 54976 49 55130 79 55231 53 55330 5 55386 79 55487 54 55584 8 55643 76 55741 56 55839 10 55899 74 55996 58 56095 12 56156 71 56251 59 56351 12 56413 70 56507 60 56607 13 56672 65 56761 62 56833 2 56863 13 56929 63 57017 62 57088 7 57101 14 57118 14 57186 59 57272 63 57344 45 57443 58 57527 64 57600 44 57701 23 57728 29 57782 64 57856 44 57958 21 57986 27 58037 65 58112 43 58219 9 58251 18 58291 66 58368 43 58477 4 58511 14 58547 66 58624 41 58767 14 58802 62 58880 41 59023 14 59057 62 59136 39 59280 13 59313 62 59392 38 59536 13 59568 63 59648 37 59793 11 59824 61 59904 37 60049 11 60079 62 60160 36 60306 9 60333 62 60416 36 60563 8 60588 62 60672 35 60821 4 60843 62 60928 35 61099 61 61184 35 61353 62 61440 34 61609 60 61696 33 61864 59 61948 3 61952 33 62119 42 62163 16 62204 37 62375 42 62424 8 62459 38 62631 42 62683 2 62715 38 62887 41 62971 38 63143 38 63226 37 63399 34 63482 36 63655 33 63739 34 63912 32 63995 34 64168 32 64251 33 64425 31 64508 32 64681 31 64765 31 64939 28 65024 27 65195 28 65280 27 65451 28
398196,0 52656 52657 254 52913 12623
398477, 
399102,1 14 45 3 101 74 180 76 264 6 359 69 440 6 448 64 521 4 615 69 697 4 705 63 871 69 952 6 960 64 1127 69 1207 73 1383 70 1463 73 1639 70 1719 73 1793 1 1896 71 1975 75 2152 71 2228 79 2408 73 2483 79 2665 72 2739 2 2742 76 2921 74 2998 13 3015 59 3176 75 3255 10 3274 54 3432 78 3513 2 3533 51 3688 77 3789 51 3944 78 4046 50 4200 79 4304 48 4455 80 4563 10 4579 29 4711 80 4835 29 4967 80 5091 29 5222 81 5347 29 5477 84 5599 33 5733 84 5857 31 5990 83 6116 28 6246 83 6366 2 6372 28 6503 82 6617 2 6622 2 6627 29 6759 82 6872 3 6878 1 6883 29 7016 81 7108 5 7126 8 7136 32 7273 80 7363 7 7381 8 7391 33 7529 82 7617 10 7637 8 7647 33 7786 81 7872 11 7892 9 7903 33 8043 96 8147 10 8158 34 8299 96 8402 46 8555 97 8657 47 8812 52 8866 42 8911 49 9070 50 9123 39 9165 51 9327 49 9379 39 9421 51 9586 47 9636 37 9676 52 9843 45 9892 24 9917 12 9931 53 10099 45 10149 22 10174 66 10356 44 10405 20 10431 65 10612 43 10662 18 10687 65 10868 43 10918 17 10943 8 10955 53 11124 42 11175 14 11198 11 11211 53 11302 1 11380 42 11432 12 11454 11 11466 54 11557 3 11635 43 11691 7 11708 68 11813 3 11860 3 11886 3 11891 43 11949 4 11964 68 12067 5 12114 8 12133 5 12139 52 12219 69 12321 7 12369 10 12388 59 12475 69 12576 8 12623 13 12643 59 12731 69 12831 8 12845 2 12879 13 12898 60 12987 69 13085 10 13100 7 13134 15 13153 62 13242 70 13340 10 13355 9 13389 16 13408 63 13498 70 13595 10 13611 10 13643 18 13664 63 13753 71 13851 10 13867 10 13898 19 13920 64 14009 71 14107 10 14123 12 14153 19 14176 64 14263 73 14363 10 14379 12 14409 19 14432 65 14519 73 14605 10 14619 9 14635 12 14664 19 14688 65 14773 75 14860 12 14874 9 14891 12 14920 19 14944 65 15028 76 15115 24 15146 13 15176 19 15200 65 15283 77 15371 29 15401 14 15432 19 15456 65 15540 76 15626 30 15658 13 15688 17 15713 64 15796 76 15882 30 15914 13 15944 16 15969 64 16052 76 16138 15 16154 15 16170 11 16201 13 16227 62 16307 77 16395 14 16412 13 16430 7 16458 10 16483 62 16564 76 16651 13 16669 13 16687 2 16715 5 16739 63 16820 76 16907 13 16925 13 16996 63 17076 76 17164 8 17178 16 17253 6 17260 56 17333 75 17420 5 17433 16 17510 3 17514 59 17589 75 17689 15 17768 61 17845 77 17926 2 17945 14 18023 62 18101 78 18181 6 18201 7 18236 2 18279 62 18358 85 18457 4 18482 6 18490 5 18535 62 18614 86 18733 18 18791 62 18871 85 18989 18 19047 61 19127 85 19244 20 19303 60 19383 85 19501 20 19559 37 19597 22 19639 85 19757 20 19815 36 19855 19 19896 83 20012 21 20071 36 20111 18 20152 72 20225 1 20227 8 20267 24 20327 35 20367 17 20409 72 20484 7 20523 25 20584 33 20624 15 20665 72 20740 8 20777 28 20841 32 20881 13 20921 71 20997 7 21032 30 21097 31 21137 12 21178 70 21253 7 21285 34 21356 28 21395 13 21435 69 21509 7 21537 38 21613 26 21653 16 21691 70 21766 5 21791 40 21860 9 21871 24 21909 18 21932 3 21947 70 22023 4 22047 41 22116 9 22127 24 22166 4 22172 12 22187 5 22204 68 22278 3 22302 42 22372 10 22384 23 22428 22 22461 67 22529 1 22534 2 22557 43 22628 10 22641 21 22685 22 22717 74 22813 44 22885 9 22899 18 22941 22 22973 74 23069 44 23141 9 23156 17 23197 23 23229 74 23325 44 23399 6 23415 13 23451 26 23486 73 23581 44 23655 6 23671 12 23705 28 23742 73 23822 5 23837 44 23911 4 23928 11 23959 30 23998 73 24077 6 24093 44 24168 6 24184 11 24215 30 24254 73 24332 9 24350 43 24424 8 24440 10 24471 30 24509 74 24587 11 24606 43 24680 9 24693 3 24697 7 24726 31 24761 2 24765 74 24843 12 24863 42 24936 22 24981 32 25018 76 25098 14 25119 42 25192 21 25220 3 25237 32 25274 75 25352 17 25375 43 25448 21 25474 7 25494 31 25529 73 25608 17 25631 44 25704 21 25729 9 25750 108 25864 17 25887 45 25961 34 26005 109 26120 17 26143 46 26217 34 26261 109 26376 18 26399 47 26475 34 26517 109 26633 17 26654 49 26731 38 26773 109 26889 17 26909 51 26987 41 27031 107 27145 16 27165 51 27243 41 27287 107 27403 14 27423 50 27499 42 27543 107 27659 14 27679 50 27756 149 27917 12 27936 49 28013 147 28178 5 28193 48 28270 146 28450 47 28527 38 28567 105 28707 47 28783 38 28822 106 28964 46 29039 145 29221 45 29296 144 29478 44 29553 143 29735 42 29809 143 29991 42 30065 32 30104 104 30247 41 30322 31 30362 102 30504 37 30578 30 30619 101 30760 37 30834 30 30875 101 30990 5 31017 35 31089 31 31133 99 31245 6 31273 35 31345 31 31389 103 31499 9 31531 34 31600 32 31646 102 31754 10 31788 34 31855 33 31902 102 32008 13 32047 2 32051 28 32110 33 32159 2 32170 91 32263 14 32308 27 32366 33 32428 105 32566 24 32621 34 32672 3 32685 2 32689 8 32699 90 32823 22 32876 35 32928 5 32955 90 33081 8 33097 3 33131 36 33183 6 33211 43 33255 34 33290 11 33337 6 33354 1 33387 37 33440 6 33467 42 33511 34 33547 8 33642 41 33695 12 33723 41 33767 34 33803 8 33829 4 33898 41 33941 1 33945 19 33979 78 34060 5 34084 7 34153 68 34236 77 34317 2 34341 6 34410 68 34493 25 34520 49 34597 6 34665 70 34750 22 34777 48 34854 3 34921 71 35007 6 35014 14 35033 47 35084 3 35176 75 35255 5 35271 12 35288 48 35340 3 35431 78 35510 7 35527 12 35544 47 35595 6 35687 86 35783 12 35799 48 35851 6 35943 86 36040 11 36055 48 36107 9 36198 87 36297 10 36311 48 36363 10 36454 77 36532 9 36553 11 36567 48 36616 14 36711 75 36789 8 36809 11 36823 64 36967 74 37045 8 37065 78 37222 75 37305 2 37322 61 37384 15 37478 75 37578 61 37641 15 37733 75 37834 61 37896 16 37963 4 37988 76 38090 61 38153 15 38190 5 38215 10 38243 77 38347 59 38409 14 38445 7 38471 10 38485 3 38499 76 38603 55 38659 2 38666 13 38699 10 38727 21 38755 76 38859 55 38915 2 38922 13 38953 13 38984 22 39010 22 39034 52 39111 2 39114 54 39179 12 39206 17 39241 22 39267 18 39291 51 39360 3 39365 59 39435 10 39461 20 39498 23 39523 18 39547 51 39616 3 39620 5 39627 53 39717 22 39758 37 39805 50 39865 16 39882 54 39973 23 40015 36 40061 50 40120 72 40229 23 40272 34 40317 51 40375 73 40485 24 40528 34 40575 52 40630 74 40741 24 40785 32 40831 53 40885 75 40999 22 41041 32 41087 129 41256 21 41297 32 41343 129 41512 21 41554 31 41599 129 41769 21 41810 31 41855 85 41944 40 42026 19 42067 30 42111 85 42201 39 42284 17 42327 26 42367 86 42458 38 42541 16 42584 25 42623 86 42715 37 42798 13 42840 25 42879 86 42976 32 43055 12 43097 24 43135 86 43232 32 43314 2 43320 3 43355 22 43391 87 43488 32 43611 22 43646 87 43743 33 43869 20 43902 87 43999 33 44126 18 44158 87 44255 33 44382 18 44414 88 44509 35 44637 19 44670 89 44765 35 44893 19 44925 90 45017 39 45147 22 45181 131 45402 23 45437 131 45657 24 45693 131 45913 24 45947 133 46169 24 46203 133 46425 23 46457 135 46682 22 46713 135 46938 22 46968 136 47195 21 47223 137 47451 21 47479 137 47708 20 47733 139 47965 18 47988 140 48221 18 48243 141 48477 17 48499 141 48733 17 48755 141 48989 163 49245 163 49502 162 49757 163 50011 165 50267 165 50521 23 50545 143 50777 22 50801 143 51033 22 51057 143 51289 22 51313 143 51545 22 51570 142 51801 22 51827 141 52059 20 52084 140 52315 20 52341 139 52573 18 52605 131 52829 17 52861 131 53087 14 53117 131 53343 14 53373 131 53585 4 53603 8 53629 131 53840 5 53860 7 53885 131 54096 5 54141 131 54281 3 54351 6 54397 131 54529 2 54534 7 54547 3 54607 6 54653 145 54803 3 54863 6 54909 146 55061 1 55120 2 55166 145 55422 145 55680 143 55936 143 56193 142 56449 143 56704 144 56960 12 56975 129 57215 12 57228 1 57233 126 57447 4 57471 15 57491 123 57700 8 57727 15 57748 122 57955 10 57983 15 58005 120 58211 14 58237 17 58261 120 58466 18 58493 17 58517 119 58718 24 58748 20 58772 119 58973 25 59003 21 59027 120 59226 55 59283 119 59481 56 59539 118 59725 7 59737 176 59979 10 59993 175 60232 15 60249 174 60486 188 60739 191 60995 189 61249 191 61505 191 61760 192 62016 192 62271 193 62527 193 62783 193 63039 193 63295 193 63551 193 63807 193 64062 194 64318 32 64351 161 64573 195 64818 2 64829 195 65085 195 65330 1 65341 195
402143,36 88 215 36 292 87 469 38 547 87 725 38 803 88 981 38 1059 88 1237 38 1316 88 1494 37 1572 88 1750 36 1829 87 2007 33 2085 87 2262 33 2341 87 2517 32 2597 87 2773 32 2853 87 3029 34 3110 11 3126 70 3285 34 3367 6 3383 68 3542 33 3624 4 3639 68 3798 34 3897 65 4055 33 4091 5 4153 65 4311 34 4346 6 4410 65 4567 41 4666 65 4823 41 4923 64 5080 40 5179 64 5336 40 5437 61 5593 39 5693 61 5850 38 5951 58 6109 35 6207 58 6369 31 6464 55 6626 30 6721 52 6883 29 6981 39 7139 29 7237 39 7396 14 7411 13 7494 37 7653 11 7669 11 7751 36 7909 10 7925 11 8007 36 8182 10 8263 35 8439 9 8519 30 8550 3 8695 9 8775 30 8807 1 8952 8 9031 29 9210 5 9287 28 9467 2 9543 28 9799 28 10055 28 10312 27 10569 24 10825 24 11082 10 11097 4 11153 6 11339 9 11408 9 11600 2 11631 7 11663 11 11886 9 11918 12 12083 8 12141 13 12173 14 12223 8 12338 9 12396 15 12429 15 12467 2 12477 10 12591 12 12651 17 12685 16 12720 25 12847 13 12907 18 12941 16 12975 26 13101 15 13163 18 13197 16 13231 26 13357 15 13419 19 13453 16 13486 28 13612 17 13674 21 13709 16 13742 30 13868 17 13930 21 13965 16 13998 31 14123 21 14185 23 14221 16 14254 34 14379 22 14441 23 14477 16 14510 35 14636 23 14696 25 14733 15 14767 35 14892 23 14952 27 14989 14 15023 35 15148 24 15207 35 15245 13 15281 34 15404 24 15463 36 15501 12 15539 32 15661 24 15719 49 15797 31 15917 24 15975 48 16053 31 16173 24 16231 44 16310 30 16430 23 16487 40 16566 31 16687 21 16743 40 16821 33 16896 2 16935 4 16943 21 17000 39 17077 34 17152 5 17189 8 17200 20 17256 39 17331 37 17408 5 17444 9 17455 20 17513 38 17587 37 17664 6 17699 32 17769 38 17841 40 17920 6 17955 32 18025 39 18097 40 18176 6 18213 9 18225 16 18283 38 18352 40 18432 6 18469 8 18481 16 18539 38 18607 41 18688 5 18725 8 18738 14 18793 40 18863 38 18944 5 18982 9 18993 15 19048 41 19119 35 19200 4 19241 20 19301 43 19375 32 19456 3 19498 18 19557 42 19631 32 19754 17 19813 41 19887 30 20010 16 20068 41 20143 30 20258 1 20265 18 20322 42 20398 30 20515 1 20521 18 20542 3 20576 44 20654 29 20777 18 20798 6 20829 44 20910 28 20957 4 21033 18 21053 8 21085 43 21165 29 21213 5 21287 21 21309 10 21340 44 21421 30 21470 5 21543 33 21596 45 21677 35 21723 8 21798 35 21852 47 21931 40 21977 12 22054 35 22108 28 22138 17 22187 41 22231 14 22309 38 22353 4 22364 27 22395 1 22398 13 22442 62 22565 38 22606 7 22621 26 22655 12 22698 65 22820 35 22857 14 22877 26 22912 10 22954 67 23023 6 23075 35 23114 14 23133 27 23169 8 23211 77 23328 37 23371 14 23389 30 23427 5 23467 81 23584 37 23627 14 23645 30 23684 4 23723 85 23839 38 23883 15 23902 33 23979 85 24093 40 24139 16 24158 34 24235 85 24348 40 24394 17 24415 34 24489 87 24602 41 24650 18 24671 35 24744 88 24855 42 24906 19 24929 34 24999 89 25109 44 25162 19 25186 33 25255 89 25363 46 25419 19 25448 27 25509 91 25619 47 25675 20 25707 25 25765 91 25872 49 25931 20 25966 23 26020 92 26127 50 26187 20 26223 22 26276 92 26382 51 26443 20 26480 23 26531 93 26637 52 26700 19 26736 23 26787 93 26893 54 26957 18 26991 24 27043 93 27149 54 27213 18 27247 24 27299 93 27405 54 27469 16 27501 26 27556 92 27661 55 27725 16 27757 26 27812 17 27831 73 27917 55 27981 14 28012 27 28069 14 28089 71 28173 39 28214 14 28237 14 28268 26 28326 11 28345 71 28429 39 28471 13 28492 14 28523 26 28587 5 28603 69 28685 38 28727 13 28748 14 28779 26 28845 1 28860 68 28941 38 28984 12 29005 13 29034 26 29117 67 29197 38 29240 11 29261 13 29289 27 29373 67 29453 37 29497 10 29518 13 29545 26 29630 66 29710 35 29755 6 29774 14 29801 26 29886 66 29967 32 30031 14 30057 26 30142 36 30183 25 30223 30 30287 14 30313 27 30398 35 30441 23 30480 27 30543 16 30568 29 30654 33 30698 22 30737 21 30795 1 30798 17 30824 29 30910 31 30955 21 30995 17 31049 22 31081 29 31167 27 31211 21 31252 16 31305 22 31337 30 31423 26 31467 21 31511 10 31560 24 31594 29 31680 23 31723 21 31769 6 31816 25 31850 29 31937 20 31978 22 32071 26 32106 29 32195 12 32233 23 32327 26 32362 29 32453 10 32483 29 32583 26 32618 29 32710 9 32735 33 32839 26 32873 30 32967 8 32991 33 33095 25 33129 29 33223 6 33245 35 33352 23 33385 29 33478 7 33501 35 33608 2 33613 17 33640 30 33733 8 33753 39 33864 3 33869 15 33895 31 33989 8 34008 40 34126 12 34151 32 34245 8 34261 43 34383 10 34407 32 34502 7 34517 43 34629 1 34639 9 34662 34 34773 43 34884 3 34896 6 34918 35 35029 43 35139 1 35174 37 35285 43 35430 37 35541 43 35609 4 35686 38 35796 44 35843 7 35863 7 35942 39 36052 57 36111 16 36197 40 36308 75 36453 41 36564 76 36709 42 36820 77 36965 42 37077 76 37221 15 37237 27 37333 77 37477 13 37495 25 37574 5 37589 78 37732 13 37751 26 37828 8 37845 40 37888 35 37988 13 38008 25 38071 2 38083 9 38101 40 38144 35 38244 12 38266 23 38325 5 38339 10 38359 37 38400 35 38500 12 38523 22 38581 5 38595 10 38615 37 38656 36 38757 10 38781 20 38838 4 38850 11 38872 35 38912 37 39014 6 39039 18 39094 3 39106 11 39129 32 39168 37 39297 17 39363 10 39386 29 39424 37 39554 17 39619 10 39643 14 39665 4 39680 38 39811 16 39875 10 39936 38 40067 16 40131 10 40192 38 40325 13 40387 10 40448 38 40581 12 40643 10 40704 39 40841 8 40899 9 40960 39 41099 5 41155 9 41216 39 41358 1 41412 8 41472 38 41669 6 41728 37 41926 3 41984 37 42240 37 42402 9 42496 37 42656 12 42752 39 42910 15 43008 39 43165 18 43264 40 43334 7 43421 18 43520 41 43589 10 43677 19 43776 41 43844 13 43932 20 44032 41 44099 15 44187 22 44288 41 44355 16 44443 22 44544 41 44611 16 44699 22 44800 40 44866 18 44954 22 45056 39 45122 18 45210 22 45312 38 45378 18 45465 23 45568 37 45633 19 45721 23 45824 37 45889 19 45977 23 46080 37 46145 19 46233 23 46336 36 46401 20 46491 21 46592 35 46657 20 46747 20 46848 31 46890 6 46913 20 47005 18 47104 31 47145 8 47169 21 47267 10 47360 34 47400 9 47425 21 47616 35 47657 8 47681 20 47872 37 47913 8 47937 20 48128 37 48169 9 48193 20 48384 38 48425 9 48449 19 48640 38 48681 10 48705 18 48896 38 48937 9 48961 18 49079 5 49152 38 49193 9 49217 18 49241 1 49327 15 49408 38 49450 7 49474 17 49581 20 49664 38 49707 6 49731 16 49837 20 49920 38 49987 16 50016 3 50092 22 50176 38 50244 17 50270 5 50347 24 50432 38 50502 17 50523 10 50603 24 50688 38 50759 8 50769 20 50859 24 50944 38 51023 24 51114 25 51200 38 51279 25 51370 25 51456 38 51535 26 51625 26 51712 38 51791 26 51881 26 51968 39 52046 27 52136 28 52224 39 52301 28 52392 28 52480 39 52556 28 52648 29 52736 38 52811 29 52904 29 52992 38 53065 30 53160 29 53248 38 53320 31 53416 29 53504 37 53576 31 53671 29 53760 37 53832 30 53927 28 54016 37 54089 28 54181 28 54272 37 54344 28 54381 2 54437 21 54528 36 54593 4 54600 27 54635 6 54693 16 54784 36 54847 34 54891 7 54949 15 55040 35 55103 33 55146 9 55205 13 55296 21 55319 11 55358 34 55402 9 55461 12 55539 6 55552 20 55613 36 55658 9 55717 10 55793 12 55808 20 55869 36 55914 8 55974 7 56048 14 56064 20 56123 40 56171 6 56299 42 56379 40 56428 5 56555 42 56635 41 56809 44 56891 41 57065 45 57147 41 57320 47 57404 40 57575 50 57661 39 57745 2 57830 51 57917 38 58001 3 58083 62 58175 34 58255 5 58337 65 58432 30 58511 5 58592 67 58689 5 58696 13 58767 5 58847 68 58953 11 59023 5 59103 68 59211 7 59279 5 59358 69 59535 6 59614 68 59790 7 59869 69 60046 7 60125 68 60301 10 60381 67 60557 10 60637 65 60813 10 60893 64 61069 10 61149 64 61325 11 61404 64 61580 12 61660 64 61832 17 61915 64 62087 18 62171 64 62341 20 62427 64 62597 20 62683 64 62853 19 62939 64 63109 19 63194 64 63365 18 63450 64 63621 17 63706 63 63877 16 63900 5 63961 64 64133 16 64155 7 64196 3 64217 65 64386 19 64409 11 64450 7 64472 66 64641 22 64665 12 64706 7 64728 65 64896 23 64920 13 64963 6 64984 65 65153 22 65176 13 65219 7 65241 64 65409 22 65434 10 65478 3 65497 38
402654,0 65536
403524,0 115 123 15 140 10 156 18 176 3 182 27 212 1 253 2 256 113 387 3 419 3 444 7 510 115 643 1 675 2 703 2 768 85 855 26 882 1 899 1 931 4 959 3 1024 85 1111 23 1136 4 1168 2 1181 2 1187 4 1215 4 1280 109 1391 9 1403 7 1423 4 1441 8 1457 1 1467 13 1536 120 1658 3 1662 4 1679 4 1697 9 1709 2 1714 1 1721 16 1752 2 1787 4 1792 120 1915 8 1925 2 1949 14 1965 4 1971 29 2007 5 2013 3 2043 125 2171 14 2204 21 2227 32 2263 10 2279 2 2294 1 2298 127 2427 16 2459 22 2483 42 2528 1 2534 5 2549 133 2683 16 2705 2 2716 21 2738 43 2791 4 2805 148 2974 63 3050 1 3063 130 3194 15 3231 62 3320 145 3489 55 3545 5 3576 145 3746 53 3801 6 3831 148 3995 2 4003 61 4086 149 4237 1 4250 3 4260 60 4341 154 4518 50 4571 2 4597 118 4717 35 4776 46 4852 119 4973 38 5033 45 5081 4 5107 120 5229 38 5290 51 5363 160 5529 2 5547 48 5618 159 5785 2 5803 45 5873 125 6002 31 6041 2 6059 45 6129 125 6258 32 6297 3 6315 45 6365 2 6385 125 6513 34 6550 5 6556 1 6562 1 6571 46 6621 4 6631 6 6641 127 6769 34 6805 7 6818 1 6827 47 6877 6 6887 6 6897 172 7074 1 7083 58 7143 8 7153 173 7330 1 7339 58 7400 7 7409 176 7596 20 7619 36 7664 177 7852 3 7857 14 7877 4 7883 29 7920 177 8108 2 8114 12 8135 2 8141 28 8176 177 8364 3 8371 10 8391 3 8396 30 8432 180 8619 3 8627 11 8649 5 8655 27 8687 181 8875 4 8883 10 8905 4 8911 27 8943 182 9130 5 9139 10 9161 4 9167 28 9197 185 9386 4 9395 10 9410 2 9417 5 9423 28 9453 185 9642 3 9651 5 9659 2 9666 3 9673 1 9679 27 9710 183 9894 1 9899 2 9909 2 9915 2 9922 3 9936 25 9967 4 9973 4 9979 146 10127 20 10155 1 10171 4 10178 7 10195 22 10229 3 10237 144 10383 20 10411 2 10427 4 10437 5 10445 2 10451 22 10485 2 10493 166 10666 5 10673 14 10695 9 10707 22 10741 1 10749 138 10889 26 10922 21 10951 10 10963 22 11005 138 11145 23 11174 3 11178 25 11207 16 11227 14 11261 164 11429 49 11483 10 11497 1 11517 217 11738 6 11773 158 11933 57 11995 2 11998 1 12029 158 12188 33 12223 23 12251 1 12285 192 12479 23 12540 147 12690 6 12698 33 12735 23 12797 146 12946 30 12977 11 12991 24 13053 175 13238 6 13246 25 13306 2 13309 174 13494 7 13502 25 13562 185 13751 6 13759 24 13819 186 14007 6 14015 24 14076 177 14254 15 14271 24 14333 176 14511 14 14527 24 14589 176 14767 9 14777 4 14784 21 14845 187 15033 4 15040 21 15102 174 15281 6 15289 4 15297 19 15359 172 15538 5 15545 4 15553 18 15616 171 15795 4 15801 4 15811 13 15872 171 16051 4 16058 2 16067 12 16128 175 16308 2 16315 1 16324 8 16384 175 16581 6 16640 175 16837 2 16896 176 17093 2 17152 172 17326 3 17349 2 17408 171 17583 2 17596 1 17605 2 17664 173 17838 7 17847 2 17851 2 17920 181 18103 2 18107 2 18176 179 18361 2 18374 1 18430 181 18617 3 18623 2 18629 2 18686 169 18858 9 18873 4 18879 3 18885 2 18931 3 18940 171 19115 8 19129 4 19135 3 19141 2 19186 5 19195 173 19370 13 19385 4 19392 2 19396 3 19442 7 19450 189 19641 4 19648 2 19652 3 19699 187 19887 4 19893 8 19903 3 19909 3 19955 186 20143 4 20150 8 20159 4 20164 4 20211 212 20437 2 20467 213 20693 2 20724 202 20927 10 20948 3 20981 200 21184 9 21204 3 21237 199 21438 3 21442 6 21459 3 21467 4 21489 198 21688 9 21698 6 21715 3 21723 6 21745 215 21971 4 21978 7 22002 3 22006 210 22219 1 22227 4 22234 8 22262 215 22483 4 22489 10 22517 216 22739 4 22745 10 22773 216 22995 4 23001 9 23029 8 23040 205 23251 3 23257 9 23285 7 23296 204 23507 4 23513 8 23542 2 23552 204 23761 6 23769 7 23808 204 24016 8 24026 7 24064 203 24273 7 24282 7 24320 203 24529 14 24576 203 24784 15 24832 205 25040 17 25060 1 25088 205 25296 17 25316 1 25344 205 25560 14 25600 205 25817 14 25856 205 26069 2 26077 10 26112 205 26325 3 26333 10 26368 205 26581 4 26589 4 26594 5 26624 205 26837 4 26846 3 26851 4 26880 205 27093 3 27102 1 27110 1 27130 2 27136 206 27349 3 27386 2 27392 205 27599 1 27603 4 27621 2 27642 2 27648 205 27859 4 27876 3 27898 2 27904 206 28113 6 28131 5 28143 2 28160 216 28387 5 28393 2 28397 3 28416 212 28629 2 28638 1 28642 17 28661 3 28666 221 28895 19 28917 226 29151 14 29166 1 29175 224 29407 13 29433 220 29654 2 29661 11 29689 220 29911 3 29917 11 29943 219 30168 17 30193 226 30424 17 30448 227 30677 20 30703 252 30957 510 31469 254 31725 254 31981 255 32237 511 32749 15 32766 254 33022 253 33278 253 33534 253 33790 252 34046 254 34301 1014 35317 254 35573 254 35829 254 36085 254 36341 254 36597 254 36853 254 37109 254 37365 254 37621 255 37877 4596 42475 254 42731 1288 44021 254 44277 254 44533 1023 45559 252 45815 250 46069 252 46325 252 46580 253 46835 254 47091 254 47347 1013 48361 2822 51187 252 51443 1011 52455 254 52712 253 52968 253 53223 266 53490 255 53749 252 54005 253 54261 253 54516 1020 55537 254 55793 254 56049 254 56304 3 56313 245 56559 4 56569 244 56814 3 56825 248 57081 247 57331 252 57588 249 57840 1 57845 3 57853 238 58095 2 58102 1 58109 238 58348 5 58366 243 58622 243 58874 1 58879 242 59130 1 59135 242 59386 1 59390 243 59645 243 59894 1 59901 243 60157 242 60413 236 60650 5 60667 237 60907 4 60921 238 61164 3 61176 5 61182 237 61431 2 61437 238 61685 4 61694 237 61941 2 61952 235 62197 1 62208 235 62463 236 62703 1 62710 1 62718 235 62955 7 62964 3 62973 235 63212 6 63219 4 63229 236 63468 5 63476 2 63483 238 63725 4 63732 1 63739 237 63985 3 63994 238 64240 4 64250 229 64481 7 64494 6 64507 237 64749 7 64763 248 65018 249 65274 250 65529 6
403905,1 305 312 202 518 43 569 201 771 46 826 247 1082 248 1338 248 1593 249 1843 2 1848 724 2573 251 2831 34 2867 213 3087 34 3123 213 3343 32 3381 2 3387 206 3600 29 3643 206 3855 28 3898 207 4111 3 4116 23 4153 210 4373 21 4407 212 4633 15 4663 212 4917 214 5173 213 5421 2 5424 1 5431 211 5687 212 5944 212 6200 218 6438 1 6455 220 6694 2 6711 31 6743 190 6934 1 6951 2 6966 28 6999 2 7003 189 7221 28 7254 2 7259 50 7311 2 7314 6 7322 3 7326 123 7451 2 7479 26 7517 46 7567 9 7579 2 7583 128 7735 26 7773 46 7823 10 7835 2 7839 132 7992 24 8030 59 8091 5 8097 132 8248 23 8286 59 8346 6 8353 132 8505 20 8542 66 8609 133 8761 20 8797 54 8854 9 8865 134 9017 19 9053 52 9110 145 9272 20 9307 54 9365 147 9527 22 9563 57 9622 146 9783 22 9818 59 9878 146 10041 20 10072 98 10171 110 10296 20 10326 67 10394 31 10427 2 10430 1 10435 101 10549 1 10553 19 10582 66 10650 31 10691 101 10810 19 10839 65 10906 4 10912 24 10947 100 11067 21 11094 72 11168 19 11204 98 11323 21 11349 72 11425 18 11461 65 11529 28 11579 20 11605 72 11681 15 11718 61 11786 27 11835 20 11861 71 11937 8 11975 57 12046 23 12091 22 12117 71 12194 6 12230 58 12302 23 12347 22 12373 72 12450 5 12487 57 12559 22 12601 24 12627 76 12707 1 12743 57 12815 22 12857 103 12963 1 12999 57 13072 21 13112 108 13255 57 13328 21 13367 111 13509 59 13585 22 13623 115 13765 59 13841 22 13879 115 14022 58 14098 21 14135 114 14253 1 14279 57 14354 21 14391 115 14508 2 14536 56 14610 22 14647 119 14768 1 14794 54 14865 22 14902 122 15051 53 15117 26 15158 122 15307 53 15372 27 15414 122 15563 53 15627 29 15670 122 15819 53 15885 27 15926 122 16075 53 16140 29 16182 123 16330 54 16395 30 16426 1 16438 125 16586 54 16651 30 16682 3 16694 127 16841 55 16907 30 16938 3 16951 126 17097 55 17157 1 17163 30 17195 3 17207 127 17352 56 17413 1 17419 30 17451 3 17463 128 17607 57 17669 2 17675 30 17717 132 17863 57 17925 3 17931 30 17973 132 18118 58 18181 4 18186 31 18229 134 18373 59 18437 37 18485 134 18629 59 18693 38 18737 138 18879 2 18883 62 18949 39 18991 141 19135 66 19205 252 19461 252 19716 253 19972 254 20228 254 20483 253 20739 253 20995 253 21251 253 21507 253 21763 253 22019 253 22276 73 22353 175 22531 73 22610 5 22616 244 22873 243 23129 243 23385 242 23642 241 23897 242 24151 243 24406 244 24662 243 24913 2 24918 243 25170 1 25174 249 25430 251 25686 253 25942 253 26199 253 26454 254 26709 255 26967 253 27224 252 27481 252 27738 253 27995 253 28253 252 28509 252 28765 252 29021 252 29278 251 29535 252 29790 253 30045 255 30301 8376 38678 255 38934 253 39190 253 39446 250 39701 250 39957 250 40212 251 40467 307 40779 250 41035 190 41231 55 41292 189 41488 55 41549 187 41743 58 41805 187 41999 58 42061 1 42064 184 42255 60 42320 184 42511 60 42576 183 42768 59 42833 182 43024 59 43089 182 43280 59 43345 181 43536 59 43602 185 43790 62 43859 249 44115 250 44371 250 44627 251 44881 253 45137 253 45392 254 45647 254 45903 254 46158 845 47007 252 47263 252 47517 254 47773 254 48028 947 48977 254 49234 252 49491 250 49747 250 50003 250 50259 248 50516 246 50773 234 51029 234 51286 231 51542 231 51799 232 52056 231 52313 230 52581 218 52838 217 53095 217 53313 2 53351 222 53608 229 53864 230 54120 230 54376 231 54631 233 54887 234 55143 234 55398 235 55653 237 55909 238 56161 2 56165 241 56407 5 56417 3 56422 246 56672 252 56927 3169 60097 254 60355 252 60611 251 60867 251 61124 251 61376 1285 62662 254 62917 2619
409913,0 26 27 154 195 15 216 3 256 13 287 138 455 6 512 13 545 136 712 3 768 12 800 138 1024 12 1055 148 1280 12 1312 148 1467 1 1536 12 1568 148 1723 1 1792 12 1824 148 2048 12 2075 2 2080 151 2304 12 2325 2 2329 4 2336 151 2560 12 2582 1 2586 2 2593 151 2816 11 2853 143 2998 2 3072 11 3097 2 3109 137 3247 4 3252 1 3328 11 3367 135 3504 1 3584 11 3623 134 3840 10 3881 122 4005 12 4096 10 4139 121 4262 12 4352 9 4397 119 4519 12 4608 9 4654 118 4775 12 4864 9 4895 1 4911 116 5031 13 5120 8 5167 116 5287 15 5376 7 5424 113 5544 11 5632 7 5680 112 5801 10 5888 6 5937 107 6058 8 6144 5 6193 107 6319 3 6400 5 6449 107 6576 1 6656 4 6706 105 6912 3 6963 106 7168 3 7219 106 7424 3 7450 1 7476 104 7680 2 7706 1 7733 103 7989 103 8118 1 8246 21 8271 78 8373 2 8505 16 8531 68 8603 1 8629 2 8763 4 8769 7 8793 58 8853 2 8986 1 9050 54 9306 53 9562 53 9645 1 9787 1 9819 36 9857 14 10043 1 10077 7 10091 20 10115 12 10298 3 10333 7 10348 19 10371 12 10412 1 10437 1 10554 3 10605 18 10627 10 10668 1 10693 1 10810 3 10862 17 10883 10 11067 1 11119 15 11140 9 11375 15 11396 9 11461 1 11578 2 11632 2 11636 5 11644 1 11652 10 11834 3 11894 1 11908 10 12089 4 12165 8 12345 4 12422 7 12601 4 12633 1 12679 7 12857 4 12935 7 12943 2 13114 3 13182 3 13191 12 13370 3 13437 4 13446 15 13625 3 13656 2 13691 7 13702 17 13881 3 13913 2 13947 2 13950 5 13959 17 14137 3 14168 3 14203 1 14207 4 14215 16 14393 4 14424 3 14464 3 14471 16 14649 4 14659 7 14680 4 14727 14 14905 4 14914 8 14935 5 14983 12 15161 4 15170 6 15191 5 15239 1 15417 4 15428 3 15447 4 15496 1 15673 3 15704 3 15749 1 15929 3 15960 3 16217 2 16473 2 16498 1 16520 1 16776 5 17032 5 17288 8 17544 10 17803 2 18371 2 18378 1 18386 6 18627 3 18632 16 18884 20 19140 15 19159 1 19257 2 19397 7 19513 2 19581 1 19653 5 19769 1 19836 1 19967 1 20223 1 20478 2 20734 2 20990 2 21246 2 21502 2 21613 2 21759 1 21865 6 22015 1 22121 6 22246 1 22376 7 22502 1 22631 7 22757 1 22888 2 22892 1 24063 1 24318 2 24573 3 24828 4 25083 5 25339 5 25584 7 25593 7 25839 17 26023 4 26095 17 26279 4 26351 17 26535 6 26554 2 26608 16 26791 6 26808 5 26865 15 27047 7 27063 8 27121 15 27303 8 27319 8 27377 15 27560 8 27573 12 27594 5 27631 17 27816 8 27828 15 27848 9 27886 18 28071 6 28078 2 28083 32 28143 17 28327 4 28339 33 28399 17 28419 2 28426 3 28583 5 28595 34 28653 19 28675 3 28680 6 28838 7 28850 35 28909 19 28931 3 28936 5 29049 1 29093 49 29165 19 29187 2 29305 3 29349 49 29422 18 29443 2 29561 4 29604 50 29681 15 29699 2 29748 9 29817 4 29860 50 29937 17 29955 2 29977 1 30000 15 30115 50 30193 17 30211 2 30234 2 30254 18 30371 50 30449 17 30467 2 30471 2 30482 6 30489 7 30505 24 30627 52 30706 24 30732 2 30735 19 30756 1 30760 26 30883 52 30962 52 31015 28 31141 49 31216 83 31397 48 31471 84 31653 47 31723 89 31833 1 31836 1 31908 48 31977 92 32085 1 32087 4 32092 1 32100 2 32121 2 32167 44 32231 94 32342 2 32345 3 32377 2 32423 43 32487 95 32599 1 32601 3 32680 41 32742 97 32857 4 32936 33 32971 6 32997 38 33036 62 33193 32 33229 1 33253 38 33294 62 33450 30 33509 36 33550 63 33706 30 33765 37 33805 65 33961 30 34020 38 34061 69 34217 11 34233 14 34273 42 34318 69 34473 10 34491 10 34529 106 34639 8 34728 11 34751 4 34785 56 34843 47 34895 8 34905 1 34983 12 35009 1 35041 44 35100 45 35154 9 35239 12 35297 41 35355 48 35412 4 35418 1 35450 1 35495 12 35553 37 35611 48 35660 3 35706 1 35751 11 35809 36 35866 48 35915 4 35961 2 36008 10 36065 35 36122 48 36171 4 36217 3 36265 8 36320 36 36378 47 36429 2 36474 2 36521 8 36576 36 36635 46 36693 2 36743 2 36777 6 36832 36 36871 1 36885 2 36892 2 36895 42 36949 4 36999 3 37033 3 37087 37 37140 5 37151 42 37208 3 37249 1 37343 38 37383 1 37396 5 37407 41 37465 2 37599 38 37639 1 37651 5 37662 42 37722 3 37855 38 37894 3 37900 3 37907 53 37979 3 38013 1 38016 3 38039 5 38110 39 38151 2 38156 3 38163 53 38236 1 38240 7 38269 6 38293 10 38365 40 38407 1 38411 3 38418 53 38497 6 38526 5 38549 11 38621 43 38667 2 38673 54 38754 1 38758 1 38779 8 38804 17 38877 43 38929 54 39012 2 39032 11 39044 1 39059 18 39133 38 39182 56 39268 4 39285 17 39314 19 39389 38 39439 54 39526 1 39541 16 39570 20 39645 37 39694 53 39782 1 39801 7 39825 22 39902 36 39951 52 40012 3 40038 1 40053 1 40057 5 40080 24 40157 1 40159 33 40208 52 40265 11 40313 4 40335 26 40408 1 40416 32 40465 52 40518 1 40521 12 40569 4 40591 27 40662 2 40673 31 40721 70 40825 4 40838 1 40845 30 40916 5 40931 29 40976 73 41081 5 41088 2 41091 7 41099 32 41171 7 41188 30 41231 3 41236 71 41328 2 41333 1 41337 50 41401 11 41425 9 41444 30 41485 5 41492 71 41584 1 41589 2 41593 51 41655 14 41680 12 41700 31 41741 80 41823 6 41830 3 41839 61 41910 17 41935 16 41955 32 41993 2 41997 92 42095 62 42165 19 42191 18 42211 29 42248 100 42351 8 42360 55 42420 35 42456 40 42504 4 42510 94 42607 8 42617 54 42676 32 42710 1 42713 7 42722 30 42758 6 42766 104 42873 54 42929 32 42966 1 42969 4 42974 1 42979 29 43013 6 43023 103 43129 53 43184 33 43221 1 43225 5 43235 29 43269 6 43279 103 43386 52 43439 32 43472 1 43481 1 43483 3 43491 29 43527 2 43536 8 43549 90 43642 85 43738 3 43746 30 43794 6 43805 90 43901 81 43994 3 44002 30 44051 4 44061 93 44157 81 44249 1 44251 2 44257 31 44305 7 44316 95 44412 83 44505 5 44512 32 44561 7 44571 97 44669 83 44761 39 44816 108 44925 83 45015 41 45072 107 45180 85 45271 41 45327 107 45439 83 45528 40 45582 109 45695 82 45782 42 45837 110 45952 81 46037 43 46091 114 46207 83 46292 44 46346 116 46464 128 46602 115 46719 129 46859 13 46873 2 46879 94 46974 130 47113 14 47129 2 47135 225 47368 15 47385 2 47391 94 47486 130 47622 10 47633 6 47648 93 47743 129 47877 10 47905 92 47999 129 48131 4 48137 6 48162 228 48418 229 48675 93 48770 135 48931 92 49025 140 49188 91 49281 143 49444 91 49537 144 49700 91 49793 146 49957 240 50213 242 50469 243 50725 244 50982 243 51239 244 51495 244 51753 243 52011 2 52015 237 52271 237 52527 237 52783 236 53029 6 53037 3 53041 234 53285 10 53296 2 53299 232 53541 10 53557 230 53797 11 53813 230 54053 11 54069 230 54309 10 54320 1 54324 231 54564 2 54570 4 54578 232 54820 2 54835 1 54838 228 55078 1 55091 90 55183 139 55333 2 55347 90 55439 142 55589 2 55603 233 55845 2 55859 232 56099 4 56114 233 56355 3 56369 234 56624 236 56880 235 57133 238 57379 4 57390 238 57637 1 57651 235 57907 237 58154 2 58163 238 58409 5 58418 241 58661 255 58917 1466 60386 253 60641 230 60872 19 60895 232 61129 17 61151 251 61405 4131
416208,7677 2 7931 5 8182 10 8436 12 8688 16 8943 17 9195 21 9450 22 9700 28 9955 29 10196 1 10211 29 10450 1 10467 29 10700 3 10721 31 10955 2 10977 31 11234 30 11491 29 11740 3 11747 29 11993 1 11996 4 12003 29 12244 44 12495 2 12499 45 12750 11 12765 35 13006 10 13023 33 13262 9 13283 29 13518 7 13540 28 13797 26 14053 26 14308 25 14538 2 14564 24 14793 4 14820 24 15049 1 15077 23 15333 24 15589 24 15847 22 16103 22 16360 23 16616 23 16842 1 16873 23 17096 4 17129 23 17274 5 17350 6 17387 21 17527 10 17605 8 17643 21 17779 17 17859 10 17901 19 18033 18 18115 12 18157 19 18285 22 18371 15 18412 20 18539 25 18567 2 18570 1 18627 16 18668 20 18791 36 18875 1 18883 18 18919 25 19045 38 19131 1 19138 20 19174 26 19297 43 19387 1 19393 24 19430 26 19550 46 19642 3 19649 25 19687 25 19802 51 19899 1 19905 26 19943 25 20056 53 20155 1 20162 25 20199 25 20308 57 20419 24 20454 26 20562 59 20666 1 20675 25 20710 26 20814 63 20929 63 21067 66 21184 64 21319 69 21434 1 21439 65 21573 71 21690 2 21695 65 21825 74 21951 65 22079 76 22207 15 22223 49 22331 80 22463 14 22482 46 22584 83 22718 15 22738 46 22836 87 22973 18 22993 7 23001 39 23090 88 23229 7 23237 59 23342 93 23490 3 23495 34 23531 21 23595 96 23747 2 23755 30 23788 20 23847 100 24003 4 24011 30 24045 19 24101 102 24259 3 24264 1 24268 29 24301 19 24354 106 24525 28 24557 19 24608 109 24781 28 24813 19 24860 116 25037 6 25044 21 25069 19 25113 119 25293 1 25296 3 25300 21 25325 19 25365 124 25547 2 25553 24 25581 19 25619 126 25803 2 25809 24 25837 19 25871 131 26065 25 26093 19 26125 132 26321 25 26349 19 26377 135 26538 1 26541 7 26552 3 26577 26 26605 19 26631 136 26794 1 26797 6 26808 4 26833 47 26881 140 27049 12 27065 3 27089 188 27304 11 27321 2 27345 190 27542 2 27545 2 27560 11 27577 2 27599 189 27797 2 27801 2 27815 13 27833 2 27855 190 28046 1 28053 1 28057 4 28063 1 28070 15 28089 2 28115 187 28309 1 28314 3 28319 2 28323 1 28326 17 28345 2 28372 184 28563 2 28569 35 28629 185 28820 1 28825 36 28885 183 29081 36 29119 2 29142 182 29338 5 29346 1 29348 25 29375 8 29399 182 29587 7 29595 4 29603 26 29633 8 29658 180 29843 13 29857 28 29889 9 29915 196 30113 10 30125 16 30144 12 30172 207 30380 17 30400 13 30429 224 30656 15 30686 222 30912 15 30943 212 31157 7 31174 11 31189 2 31199 212 31415 6 31430 13 31444 4 31456 213 31672 6 31685 20 31713 221 31941 22 31970 205 32177 12 32193 28 32227 204 32434 11 32450 27 32487 196 32685 3 32690 1 32693 10 32707 28 32744 192 32937 2 32942 2 32945 2 32949 12 32963 29 33000 192 33196 9 33207 42 33257 191 33452 9 33463 43 33513 190 33709 4 33714 49 33771 185 33965 4 33975 18 33995 27 34026 180 34217 8 34231 19 34251 27 34282 179 34473 3 34477 4 34487 48 34538 178 34743 50 34794 178 34999 228 35257 226 35514 224 35771 2 35779 214 36027 2 36036 213 36282 3 36293 210 36539 2 36549 208 36806 207 37063 206 37320 205 37577 205 37794 1 37833 207 38046 5 38089 208 38299 2 38303 4 38345 8 38355 198 38555 2 38559 4 38585 2 38601 6 38611 201 38841 3 38859 4 38869 199 39097 3 39115 4 39125 198 39327 1 39330 1 39353 4 39381 36 39419 4 39424 155 39586 1 39610 2 39637 36 39680 157 39839 2 39887 1 39893 36 39936 163 40149 36 40192 163 40404 38 40448 164 40659 40 40704 165 40916 39 40960 167 41138 1 41172 39 41216 167 41394 3 41413 2 41429 40 41472 167 41651 1 41665 6 41685 42 41728 167 41920 7 41943 4 41948 35 41984 167 42177 7 42199 4 42205 1 42207 200 42434 6 42460 1 42463 200 42691 5 42716 1 42718 202 42937 3 42950 3 42974 202 43192 3 43207 2 43231 201 43445 2 43448 6 43463 2 43487 201 43702 1 43705 6 43719 2 43743 204 43963 9 44000 203 44219 10 44257 202 44471 14 44513 203 44727 14 44769 30 44800 174 44975 2 44982 9 44995 1 45025 30 45056 177 45239 7 45280 31 45312 171 45485 4 45495 6 45535 32 45568 171 45741 4 45750 6 45766 1 45792 31 45824 160 45985 17 46005 2 46009 3 46018 1 46049 30 46080 160 46243 15 46261 2 46265 2 46273 2 46305 30 46336 161 46499 16 46518 1 46522 3 46557 2 46563 28 46592 161 46755 16 46777 4 46813 3 46819 28 46848 159 47010 10 47021 6 47032 9 47069 34 47104 159 47265 12 47279 3 47285 1 47288 9 47325 34 47360 159 47520 2 47523 10 47535 2 47541 12 47581 14 47596 19 47616 159 47779 7 47787 2 47790 3 47798 11 47837 10 47853 18 47872 159 48035 6 48042 1 48045 5 48056 9 48095 6 48109 18 48128 159 48290 7 48301 6 48313 7 48351 6 48365 8 48375 8 48384 158 48548 3 48557 6 48571 2 48607 6 48621 7 48631 8 48640 157 48800 1 48804 3 48813 6 48827 1 48863 4 48871 2 48877 7 48887 8 48896 155 49054 9 49069 6 49083 1 49119 2 49127 14 49143 8 49152 167 49324 7 49385 10 49398 8 49408 167 49579 6 49642 8 49664 156 49822 9 49835 6 49898 7 49920 155 50077 7 50091 6 50154 7 50176 155 50333 6 50347 3 50351 2 50411 5 50432 157 50592 4 50603 3 50607 2 50667 5 50675 2 50688 157 50847 5 50859 6 50916 2 50923 6 50931 2 50944 165 51118 3 51173 2 51178 8 51200 150 51353 13 51375 2 51429 2 51433 10 51456 150 51609 14 51631 1 51685 14 51712 150 51864 15 51887 1 51943 12 51968 151 52122 14 52199 12 52224 151 52378 14 52456 9 52480 150 52637 12 52713 6 52736 149 52890 1 52893 11 52969 6 52992 153 53147 9 53226 5 53248 152 53402 9 53483 4 53504 152 53657 8 53669 1 53675 2 53739 4 53760 162 53925 1 53931 2 53995 4 54016 163 54181 4 54186 3 54252 2 54272 169 54443 2 54509 1 54528 169 54701 3 54765 2 54784 169 54957 3 55021 2 55040 169 55214 3 55296 169 55470 3 55488 1 55552 169 55726 4 55743 2 55808 171 55982 3 55999 2 56064 172 56237 4 56255 1 56315 182 56571 182 56827 4 56832 173 57006 3 57084 3 57088 173 57263 3 57344 173 57519 2 57600 155 57757 6 57766 2 57775 2 57856 153 58016 3 58031 2 58112 152 58266 1 58270 8 58368 151 58522 1 58525 10 58624 144 58769 4 58775 2 58780 12 58880 143 59029 3 59036 12 59136 143 59283 5 59293 10 59392 143 59539 5 59550 8 59648 143 59793 3 59797 16 59904 129 60035 12 60049 1 60053 15 60160 129 60293 4 60299 6 60309 10 60321 4 60416 129 60549 4 60556 5 60565 10 60577 6 60672 129 60811 4 60821 7 60831 8 60928 130 61067 4 61076 5 61087 8 61184 131 61323 2 61332 5 61343 3 61440 131 61579 2 61588 5 61696 135 61952 136 62208 138 62464 138 62625 1 62720 138 62883 2 62896 1 62976 137 63137 5 63151 2 63232 136 63391 7 63406 3 63488 135 63647 7 63662 2 63744 135 63883 2 63903 6 64000 135 64139 2 64160 5 64256 135 64396 1 64417 3 64512 135 64651 2 64673 2 64765 2 64768 134 64906 3 65020 3 65024 134 65162 2 65277 2 65280 134 65417 4 65532 3
416662,47 89 161 95 305 40 355 36 419 93 563 37 611 36 675 93 818 37 867 35 931 93 1073 38 1120 38 1187 93 1328 40 1375 38 1444 92 1585 39 1630 39 1701 91 1839 43 1886 1 1888 37 1958 90 2092 46 2142 39 2214 90 2345 47 2397 38 2469 91 2601 47 2657 34 2725 91 2856 48 2913 32 2981 91 3109 1 3112 49 3170 30 3237 91 3363 55 3427 28 3492 92 3617 58 3683 28 3748 92 3872 61 3939 27 4004 92 4128 63 4195 26 4260 92 4383 66 4451 1 4455 22 4517 91 4639 66 4714 18 4773 91 4895 66 4971 16 5030 90 5151 67 5227 14 5286 90 5406 69 5484 12 5543 30 5576 56 5662 69 5741 11 5799 18 5818 2 5821 8 5832 56 5918 70 5998 10 6056 17 6083 1 6087 57 6175 70 6255 10 6313 16 6343 57 6431 71 6516 6 6569 17 6597 59 6688 71 6773 6 6825 18 6854 58 6945 71 7025 13 7081 20 7111 57 7202 71 7279 15 7336 22 7366 58 7459 91 7592 24 7622 58 7716 91 7848 25 7878 58 7972 91 8105 26 8134 58 8228 91 8361 26 8390 5 8396 52 8485 91 8617 27 8647 3 8655 8 8665 39 8741 91 8873 27 8903 1 8912 5 8922 38 8997 91 9138 18 9170 3 9179 37 9253 92 9395 18 9427 1 9436 36 9508 93 9651 18 9692 36 9765 92 9908 18 9939 1 9947 37 10021 92 10164 19 10201 39 10277 92 10421 18 10455 41 10532 93 10677 17 10711 41 10788 93 10933 16 10968 40 11043 94 11190 15 11223 41 11299 94 11447 13 11479 41 11554 95 11705 10 11735 41 11810 95 11962 7 11990 42 12066 95 12175 4 12245 43 12323 99 12429 7 12501 43 12579 101 12685 8 12757 43 12836 61 12899 37 12941 10 13013 43 13093 60 13164 51 13268 44 13350 59 13421 51 13524 44 13608 61 13678 52 13779 45 13865 55 13922 2 13935 53 14035 45 14121 55 14178 1 14191 54 14291 45 14377 55 14434 1 14447 54 14546 46 14632 59 14703 54 14802 46 14886 55 14944 2 14959 54 15057 47 15141 55 15215 54 15313 47 15397 55 15472 53 15569 47 15651 56 15728 53 15825 47 15907 33 15945 18 15984 52 16081 47 16160 28 16203 16 16241 50 16337 47 16415 27 16461 13 16497 48 16593 47 16669 24 16718 11 16754 46 16849 47 16924 25 16975 10 17011 45 17105 47 17179 26 17233 8 17270 43 17360 48 17433 28 17490 9 17527 42 17615 49 17688 29 17721 4 17746 27 17785 40 17871 49 17943 30 17977 5 18002 29 18041 40 18126 50 18199 50 18256 33 18298 39 18381 51 18455 52 18511 34 18554 39 18637 51 18711 26 18739 25 18767 34 18810 39 18893 51 18967 25 18995 26 19022 36 19066 39 19149 51 19223 24 19251 64 19322 39 19405 51 19478 23 19508 63 19578 39 19661 51 19733 23 19765 62 19834 39 19917 51 19989 23 20021 62 20091 38 20173 51 20245 24 20277 62 20347 38 20429 51 20501 24 20533 62 20603 38 20684 52 20757 24 20790 62 20859 38 20940 52 21013 24 21046 62 21116 37 21195 53 21266 27 21302 62 21373 36 21451 53 21521 28 21558 62 21629 36 21707 53 21777 4 21784 21 21815 61 21885 35 21953 3 21960 56 22034 2 22041 20 22071 61 22141 34 22209 40 22254 18 22291 1 22297 20 22327 61 22398 31 22461 44 22513 12 22527 1 22553 19 22584 9 22595 48 22654 31 22717 44 22771 1 22774 7 22810 17 22842 5 22858 41 22911 28 22972 45 23067 16 23101 2 23114 40 23167 28 23227 46 23327 12 23371 38 23423 26 23483 46 23584 10 23627 38 23679 24 23740 45 23843 5 23884 36 23936 19 23996 45 24141 34 24192 18 24251 46 24398 31 24449 14 24507 46 24655 28 24705 13 24763 46 24914 24 24964 6 25017 48 25171 22 25222 2 25269 53 25431 18 25519 60 25688 16 25775 61 25855 1 25946 13 26029 64 26111 1 26203 12 26285 64 26367 1 26461 7 26539 65 26621 3 26717 3 26795 66 26875 5 26989 7 27051 65 27131 5 27243 10 27307 62 27387 5 27498 11 27562 64 27643 5 27753 13 27818 63 27899 5 28009 14 28073 64 28155 5 28264 15 28329 64 28411 5 28519 16 28568 3 28583 66 28667 5 28726 5 28754 1 28775 17 28820 9 28839 66 28922 6 28975 1 28977 11 29003 10 29030 19 29075 12 29093 67 29175 9 29230 15 29259 12 29286 20 29331 13 29348 68 29431 9 29486 16 29514 15 29533 30 29587 85 29683 13 29743 15 29770 49 29843 86 29937 15 29999 16 30025 53 30099 88 30191 17 30255 16 30281 54 30355 109 30512 15 30537 54 30611 109 30739 2 30769 14 30793 54 30867 109 30994 5 31026 12 31049 54 31124 108 31249 6 31283 11 31305 54 31380 108 31505 8 31539 11 31561 55 31637 107 31761 8 31795 10 31817 55 31893 107 32016 9 32051 10 32072 55 32149 107 32272 9 32307 10 32328 55 32405 107 32527 10 32563 10 32583 56 32662 106 32783 10 32819 10 32839 55 32919 105 33040 10 33075 10 33095 53 33175 105 33296 10 33331 10 33351 49 33432 104 33553 9 33587 12 33606 47 33689 103 33809 10 33823 1 33843 12 33861 15 33879 29 33946 102 34065 9 34079 2 34099 12 34117 12 34135 28 34217 43 34262 42 34321 9 34355 12 34373 11 34392 27 34474 41 34519 41 34577 9 34612 11 34629 10 34650 1 34661 12 34734 36 34775 41 34833 8 34869 10 34885 9 34918 11 34991 34 35031 41 35089 8 35126 9 35141 8 35176 6 35250 27 35285 43 35346 7 35383 6 35390 3 35396 9 35433 3 35507 24 35541 43 35602 6 35641 3 35647 1 35650 11 35765 19 35797 43 35858 3 35898 1 35905 12 36021 18 36052 44 36145 2 36161 14 36279 14 36305 47 36400 3 36417 15 36535 13 36560 48 36656 5 36673 18 36792 11 36815 49 36911 6 36928 20 37049 8 37071 49 37168 4 37183 22 37307 6 37327 49 37425 3 37439 23 37565 3 37583 49 37679 10 37695 24 37837 51 37935 10 37950 26 38093 51 38191 10 38206 26 38349 51 38447 9 38462 26 38605 51 38706 5 38718 26 38861 51 38963 3 38974 26 39117 51 39231 25 39374 50 39487 25 39630 50 39744 24 39887 49 40000 24 40143 49 40229 6 40257 23 40400 48 40485 8 40513 23 40657 47 40741 10 40769 23 40914 46 40996 12 41025 23 41170 46 41251 13 41281 22 41427 41 41469 3 41507 14 41537 22 41683 45 41763 15 41793 16 41941 43 42018 17 42049 14 42197 43 42274 17 42305 12 42453 43 42530 18 42561 12 42708 44 42786 19 42817 12 42957 51 43043 18 43073 11 43112 5 43210 54 43299 18 43328 13 43367 8 43466 54 43555 17 43581 16 43622 10 43641 7 43722 54 43813 14 43834 19 43877 12 43895 12 43979 53 44071 11 44090 19 44133 14 44149 15 44235 53 44329 5 44351 14 44388 33 44490 54 44607 14 44644 33 44747 53 44864 13 44899 34 45003 53 45121 12 45155 34 45259 12 45273 39 45381 6 45411 34 45516 10 45529 39 45619 6 45638 4 45667 34 45773 8 45785 39 45873 14 45921 37 46031 2 46041 39 46128 19 46175 39 46297 43 46384 20 46426 43 46553 44 46640 21 46681 44 46809 44 46895 23 46936 45 47065 44 47150 25 47191 46 47321 44 47405 27 47445 48 47577 44 47661 26 47701 47 47833 48 47917 26 47947 5 47956 47 48090 48 48173 27 48202 7 48212 46 48346 49 48429 36 48469 44 48602 49 48677 4 48685 37 48727 42 48858 49 48931 34 48967 13 48983 41 49114 50 49187 34 49224 12 49239 41 49369 53 49441 35 49481 12 49495 40 49625 54 49697 35 49737 12 49751 40 49880 57 49952 36 49991 13 50007 40 50135 22 50164 30 50208 35 50247 13 50262 41 50347 1 50350 3 50389 22 50422 30 50464 35 50503 2 50506 9 50517 42 50597 14 50645 21 50684 25 50719 36 50763 8 50773 42 50853 15 50901 20 50941 24 50975 36 51026 45 51093 5 51107 18 51155 21 51197 24 51231 36 51283 44 51349 6 51363 18 51411 21 51445 32 51488 34 51538 46 51605 8 51615 22 51666 23 51700 33 51744 34 51793 48 51861 32 51922 23 51955 34 52001 32 52049 48 52103 4 52117 33 52177 25 52210 35 52257 31 52304 49 52358 6 52372 35 52433 26 52465 37 52513 20 52535 8 52561 13 52575 47 52625 38 52687 28 52720 39 52770 19 52794 3 52817 12 52833 86 52943 28 52975 41 53027 16 53073 12 53091 84 53197 31 53230 42 53283 16 53329 11 53347 83 53452 77 53540 15 53587 8 53605 82 53708 78 53797 14 53843 7 53861 81 53964 79 54053 14 54099 7 54117 81 54220 79 54310 12 54351 2 54355 7 54373 81 54476 79 54568 9 54607 12 54630 79 54733 78 54825 7 54864 11 54886 79 54989 78 55121 8 55142 79 55246 77 55377 2 55381 3 55398 79 55503 73 55620 14 55653 80 55766 63 55867 1 55875 16 55909 79 56023 60 56122 27 56165 79 56281 58 56378 28 56421 78 56538 57 56632 29 56675 80 56795 54 56887 30 56930 81 57053 51 57142 32 57184 83 57310 50 57397 34 57439 84 57566 50 57651 36 57695 84 57780 3 57823 48 57907 36 57950 91 58079 48 58161 39 58205 94 58335 46 58416 40 58460 96 58591 40 58671 41 58714 78 58795 18 58847 40 58926 42 58969 78 59054 15 59103 40 59181 40 59224 78 59311 16 59359 40 59437 40 59480 77 59567 17 59615 38 59692 41 59734 79 59823 19 59871 38 59947 122 60079 20 60127 37 60201 123 60335 23 60383 33 60417 2 60457 104 60565 16 60591 24 60639 33 60713 101 60821 16 60847 25 60895 33 60968 102 61077 17 61102 26 61151 33 61224 101 61333 18 61357 28 61409 31 61480 101 61589 20 61611 30 61665 31 61736 101 61845 54 61922 30 61992 101 62100 55 62179 29 62249 100 62355 57 62435 29 62505 100 62611 58 62691 29 62761 39 62802 125 62949 27 63018 37 63059 124 63205 27 63275 36 63316 58 63377 63 63463 25 63531 36 63572 58 63633 66 63719 25 63785 37 63827 61 63889 70 63975 25 64041 37 64083 132 64231 25 64297 36 64339 138 64488 24 64553 36 64595 138 64744 24 64809 36 64852 134 65000 24 65065 36 65108 133 65256 23 65321 36 65364 133 65512 17
417960,0 65536
418853,0 65536
421383,24 9 47 87 140 5 156 91 303 86 413 90 559 85 671 87 815 85 926 88 1070 85 1182 87 1309 3 1322 89 1436 89 1564 5 1575 92 1691 90 1819 5 1829 94 1947 89 2074 7 2084 94 2202 89 2324 5 2330 104 2445 2 2457 91 2579 6 2587 102 2701 2 2713 90 2850 95 2967 92 3106 94 3222 93 3361 93 3476 95 3617 92 3731 96 3870 1 3873 90 3986 107 4094 1 4130 88 4242 110 4357 2 4386 87 4498 110 4611 5 4641 87 4754 110 4897 86 5011 109 5152 86 5266 110 5406 87 5522 107 5630 2 5661 87 5779 105 5887 1 5916 87 6035 104 6171 88 6291 104 6427 88 6547 104 6682 88 6803 104 6925 9 6937 88 7060 103 7181 100 7316 103 7435 103 7573 102 7691 102 7829 102 7947 101 8085 101 8203 101 8342 100 8459 98 8560 4 8566 5 8599 98 8715 96 8815 14 8855 98 8971 90 9071 15 9115 94 9227 89 9327 16 9346 1 9371 94 9485 85 9583 21 9628 92 9741 83 9839 21 9884 92 9997 81 10096 21 10141 91 10251 83 10352 22 10399 89 10496 1 10502 89 10608 23 10655 90 10757 89 10865 7 10873 14 10912 88 11013 89 11125 1 11129 16 11150 3 11168 88 11269 90 11385 24 11424 88 11524 93 11641 25 11679 89 11779 93 11897 26 11933 91 12035 88 12126 3 12153 32 12186 95 12291 88 12381 4 12389 1 12408 130 12546 87 12636 6 12645 1 12663 132 12802 87 12895 3 12902 1 12919 133 13057 87 13175 134 13313 87 13431 225 13687 226 13943 226 14199 226 14455 227 14711 227 14967 228 15223 204 15429 22 15479 201 15685 22 15736 199 15941 22 15994 196 16197 23 16251 194 16453 23 16507 157 16669 31 16709 24 16767 52 16822 97 16925 30 16965 24 17023 52 17079 96 17183 26 17221 24 17281 49 17336 95 17439 24 17477 26 17537 49 17592 95 17697 20 17734 30 17794 48 17850 93 17953 20 17991 30 18051 47 18107 92 18211 15 18247 32 18307 47 18363 92 18470 10 18503 32 18563 47 18619 91 18759 33 18819 47 18876 90 19017 32 19076 47 19132 89 19273 32 19332 48 19387 40 19429 8 19446 31 19530 32 19588 49 19641 42 19687 5 19705 3 19709 24 19786 32 19844 94 19967 22 20042 32 20100 94 20224 21 20298 32 20356 93 20480 21 20554 32 20613 92 20736 21 20809 34 20869 90 20976 3 20992 22 21065 34 21125 89 21231 5 21248 22 21321 37 21381 86 21482 11 21504 23 21577 38 21619 2 21637 86 21735 16 21759 24 21832 49 21893 84 21989 19 22014 25 22088 50 22149 83 22244 23 22270 26 22343 52 22406 81 22499 54 22599 52 22662 79 22755 60 22853 54 22919 74 23011 60 23108 55 23175 72 23267 61 23362 59 23431 72 23522 63 23617 60 23686 73 23778 27 23806 35 23872 143 24033 26 24064 33 24127 145 24289 26 24320 33 24383 146 24544 27 24576 33 24637 148 24799 28 24832 33 24881 3 24892 150 25055 28 25088 33 25137 7 25148 151 25311 28 25344 33 25391 164 25567 28 25600 33 25647 164 25822 29 25856 33 25901 166 26078 30 26112 33 26156 167 26335 29 26368 35 26411 167 26590 71 26665 169 26845 244 27101 224 27328 16 27357 223 27585 13 27613 222 27841 12 27869 209 28086 1 28098 9 28124 154 28280 53 28355 6 28379 153 28537 52 28611 4 28635 152 28793 51 28891 149 29050 48 29147 148 29306 47 29403 88 29498 51 29563 44 29658 89 29755 50 29819 44 29913 19 29933 63 30012 48 30075 44 30163 23 30191 60 30269 46 30332 43 30417 24 30448 57 30527 14 30543 27 30589 42 30670 21 30703 58 30784 12 30799 26 30845 42 30925 22 30959 57 31043 6 31055 25 31102 41 31179 25 31214 57 31300 3 31311 24 31358 42 31435 26 31469 58 31568 21 31615 41 31690 27 31721 62 31824 21 31872 40 31941 1 31945 94 32081 20 32128 39 32193 103 32337 20 32385 38 32448 105 32595 16 32641 38 32702 110 32853 14 32897 38 32958 113 33154 37 33213 114 33410 37 33469 115 33667 36 33723 117 33924 34 33977 120 34157 8 34181 33 34233 121 34413 8 34437 33 34489 122 34670 9 34695 31 34745 123 34926 9 34951 31 35001 123 35183 8 35207 31 35257 123 35439 8 35463 31 35513 124 35696 5 35717 34 35769 124 35952 5 35972 35 36024 126 36209 4 36227 36 36280 126 36465 4 36482 37 36536 127 36680 7 36721 6 36737 38 36793 126 36935 9 36977 6 36991 40 37049 126 37189 13 37233 3 37243 44 37305 126 37444 15 37489 3 37499 44 37562 125 37699 22 37754 44 37819 124 37954 25 38010 43 38075 122 38208 28 38265 43 38333 120 38463 29 38521 42 38590 117 38718 31 38777 41 38848 112 38973 32 39033 39 39104 111 39226 35 39268 3 39275 6 39288 39 39360 110 39477 42 39521 17 39544 39 39616 109 39731 64 39800 37 39871 110 39985 66 40055 38 40128 180 40311 38 40384 37 40429 4 40443 122 40567 40 40641 35 40698 169 40897 34 40953 171 41152 35 41208 94 41305 76 41409 32 41463 94 41561 77 41665 31 41718 93 41819 76 41920 31 41963 104 42075 77 42176 31 42217 24 42242 80 42331 77 42431 34 42471 25 42499 78 42587 78 42687 34 42722 2 42725 27 42755 78 42845 76 42943 65 43011 78 43101 76 43199 65 43269 76 43359 74 43456 64 43525 12 43538 62 43615 74 43712 65 43797 56 43871 74 43969 64 44054 55 44127 73 44225 63 44311 52 44383 73 44481 63 44567 52 44639 73 44737 63 44823 51 44894 73 44993 63 45079 51 45149 74 45249 63 45336 49 45405 74 45505 63 45592 49 45661 73 45762 62 45849 48 45915 74 46018 62 46105 48 46171 73 46275 61 46361 48 46427 71 46531 61 46617 48 46683 70 46788 60 46873 48 46939 69 47045 59 47129 48 47195 69 47302 58 47386 47 47450 71 47560 56 47642 47 47706 71 47817 55 47898 47 47962 73 48075 53 48155 45 48217 76 48332 52 48411 45 48473 79 48589 51 48667 44 48729 80 48846 50 48923 44 48985 81 49104 48 49179 44 49242 81 49362 46 49435 44 49497 82 49621 43 49691 45 49754 81 49877 43 49947 46 50011 21 50035 57 50135 41 50203 51 50268 20 50292 57 50391 41 50467 47 50525 18 50549 56 50647 41 50729 42 50782 17 50806 1 50808 53 50903 41 50986 41 51037 18 51063 54 51161 39 51243 40 51292 19 51319 54 51418 39 51499 40 51547 19 51575 55 51671 1 51676 36 51755 40 51802 20 51831 55 51926 1 51934 2 51938 30 52011 42 52056 21 52087 55 52196 28 52267 66 52343 55 52453 27 52523 67 52599 55 52710 26 52779 67 52855 55 52967 25 53035 68 53111 56 53224 24 53291 68 53367 56 53445 3 53481 23 53547 68 53623 56 53687 4 53695 19 53739 21 53803 68 53880 56 53941 30 53995 21 54058 69 54137 91 54253 19 54313 69 54393 92 54509 19 54569 69 54651 90 54745 7 54766 18 54825 69 54907 6 54915 83 55001 8 55022 18 55080 69 55173 81 55256 10 55279 17 55336 69 55429 82 55512 11 55535 17 55592 69 55685 96 55792 16 55848 69 55942 97 56049 15 56105 69 56199 103 56306 14 56361 69 56455 104 56563 13 56617 68 56712 105 56822 10 56874 67 56968 105 57079 9 57131 66 57224 107 57340 4 57388 65 57480 107 57598 2 57645 62 57737 107 57855 1 57901 62 57993 108 58159 59 58250 107 58415 59 58507 107 58673 56 58765 107 58929 56 59023 105 59187 54 59283 102 59444 53 59541 102 59699 42 59745 7 59774 5 59799 101 59955 42 60004 3 60029 10 60055 102 60211 40 60283 14 60312 104 60467 40 60538 16 60569 103 60723 40 60793 18 60827 101 60979 40 61048 19 61085 99 61234 42 61301 23 61344 96 61489 43 61555 26 61601 95 61742 47 61811 26 61858 94 61997 48 62067 26 62114 94 62252 49 62322 27 62370 94 62507 50 62578 27 62626 94 62763 50 62833 28 62882 94 63019 50 63089 28 63130 1 63139 93 63265 4 63274 54 63345 29 63394 94 63521 6 63529 57 63601 30 63649 95 63777 68 63858 29 63899 2 63904 96 64033 69 64114 30 64155 101 64290 69 64371 29 64411 101 64547 68 64627 29 64669 99 64807 64 64884 28 64925 99 65063 64 65141 26 65181 38 65223 57 65319 64 65397 27 65437 36 65479 57
423047,0 148 171 19 251 4 256 147 428 17 509 149 685 16 765 148 941 16 1022 147 1197 16 1278 147 1453 17 1533 148 1709 17 1788 109 1899 37 1965 17 2042 111 2157 34 2222 16 2297 111 2414 33 2479 16 2552 112 2671 32 2735 16 2808 112 2928 31 2991 16 3064 111 3185 30 3247 16 3320 111 3443 26 3503 16 3576 111 3699 26 3759 16 3833 109 3955 20 3977 2 4016 15 4089 108 4211 20 4272 15 4347 104 4469 16 4529 14 4605 102 4725 16 4786 13 4864 96 4980 20 5044 11 5120 95 5235 22 5301 10 5376 95 5491 12 5506 7 5558 7 5632 95 5747 11 5765 3 5815 4 5888 93 6003 10 6131 1 6144 91 6258 12 6385 4 6400 90 6512 14 6641 5 6656 89 6767 16 6790 1 6897 5 6912 88 7023 16 7046 1 7153 5 7168 88 7278 18 7371 4 7409 4 7424 2 7427 84 7533 20 7625 7 7667 2 7675 4 7680 2 7684 83 7788 22 7881 7 7930 5 7940 83 8043 28 8137 8 8183 9 8196 84 8299 29 8382 6 8393 7 8439 9 8452 85 8554 31 8635 20 8695 9 8708 85 8810 31 8890 21 8951 9 8965 84 9065 33 9145 21 9208 8 9221 84 9321 33 9400 22 9465 7 9477 84 9577 34 9656 23 9722 7 9733 84 9833 33 9912 23 9979 7 9988 85 10091 31 10167 24 10240 2 10244 85 10347 30 10423 25 10496 89 10605 28 10679 25 10752 88 10864 25 10935 25 11008 88 11128 16 11191 25 11264 88 11386 14 11447 25 11520 87 11643 12 11703 25 11776 87 11899 12 11959 25 12032 87 12157 11 12216 24 12288 86 12413 11 12472 25 12529 3 12544 85 12669 10 12728 25 12783 5 12800 84 12926 9 12973 2 12984 24 13039 6 13056 83 13174 1 13182 9 13213 6 13225 8 13240 24 13294 7 13312 82 13429 4 13438 9 13469 22 13496 24 13550 7 13568 81 13683 18 13724 24 13751 24 13797 6 13806 7 13824 80 13938 18 13979 27 14007 24 14052 8 14062 7 14080 80 14194 17 14230 55 14307 10 14319 6 14336 80 14449 17 14485 56 14563 10 14575 6 14592 81 14705 15 14741 54 14819 10 14833 5 14848 81 14961 14 14996 54 15075 10 15089 6 15104 81 15217 14 15252 51 15329 12 15345 11 15360 81 15472 15 15508 50 15584 13 15601 11 15616 81 15728 14 15763 50 15837 15 15855 13 15872 80 15984 14 16019 49 16093 15 16111 13 16128 79 16241 12 16275 49 16347 33 16384 80 16497 12 16531 49 16603 34 16640 80 16754 11 16786 49 16859 117 17011 9 17041 49 17115 118 17270 4 17297 40 17371 118 17554 39 17627 34 17663 82 17810 38 17884 33 17919 82 18066 38 18140 33 18175 80 18323 37 18397 32 18432 79 18579 37 18652 33 18688 79 18836 36 18907 34 18944 80 19093 35 19163 34 19200 83 19349 35 19418 35 19456 85 19606 33 19673 36 19712 87 19828 5 19863 31 19927 128 20084 6 20119 30 20183 128 20339 8 20376 26 20439 129 20595 8 20633 24 20694 130 20851 8 20892 21 20949 131 21107 8 21150 19 21205 131 21364 7 21409 16 21461 131 21621 6 21666 15 21717 132 21878 3 21923 13 21973 132 22180 11 22229 132 22437 10 22484 132 22694 9 22740 131 22951 9 22996 130 23207 10 23252 131 23462 13 23508 131 23718 13 23764 133 23973 14 24020 133 24229 14 24277 132 24454 7 24483 17 24533 133 24709 9 24731 25 24789 133 24964 11 24985 27 25045 132 25220 12 25240 28 25302 131 25476 13 25493 30 25557 132 25731 48 25813 133 25987 48 26069 134 26242 49 26325 134 26498 49 26580 136 26753 51 26835 138 27009 52 27089 140 27265 52 27342 144 27521 52 27595 147 27777 52 27849 149 28032 53 28105 149 28288 53 28360 149 28541 57 28599 3 28615 150 28796 63 28871 150 29029 4 29051 66 29124 43 29176 100 29285 6 29305 68 29380 42 29433 99 29540 9 29560 71 29635 42 29689 98 29796 10 29815 73 29890 44 29944 99 30053 10 30070 120 30199 100 30309 10 30325 122 30455 100 30565 10 30581 123 30709 102 30822 9 30836 125 30964 103 31079 7 31091 231 31335 6 31347 230 31591 4 31601 232 31848 3 31857 232 32105 2 32111 234 32362 4 32367 235 32617 241 32873 242 33128 243 33383 197 33583 46 33639 196 33840 46 33895 195 34097 13 34113 32 34150 196 34354 5 34369 32 34406 196 34626 33 34662 196 34882 33 34918 196 35138 35 35174 196 35394 232 35651 231 35907 232 36163 232 36419 37 36457 195 36665 2 36675 234 36920 6 36932 236 37176 7 37189 1 37192 233 37433 7 37445 2 37450 6 37459 226 37687 10 37701 1 37715 227 37943 10 37956 2 37971 237 38227 237 38483 38 38523 188 38713 6 38740 38 38780 187 38971 2 38997 38 39036 187 39254 37 39292 187 39511 225 39773 219 40030 219 40285 220 40541 222 40797 32 40830 189 41052 34 41087 188 41307 34 41343 189 41562 35 41599 190 41817 36 41855 192 42072 232 42327 233 42583 233 42839 234 43095 38 43135 194 43351 21 43373 15 43394 191 43607 21 43630 13 43653 2 43656 185 43863 22 43888 10 43907 190 44119 22 44144 9 44163 192 44377 5 44384 15 44401 6 44421 190 44640 23 44677 191 44896 23 44935 190 45151 24 45192 191 45407 24 45448 191 45663 24 45703 194 45920 23 45958 195 46176 23 46213 196 46433 22 46471 194 46690 20 46728 193 46947 20 46985 192 47204 19 47242 191 47461 20 47499 190 47718 19 47755 190 47976 17 48012 188 48233 16 48268 188 48491 14 48525 187 48747 14 48782 186 48996 5 49003 13 49038 190 49251 22 49284 1 49295 158 49462 2 49467 20 49507 22 49551 158 49726 17 49762 22 49789 2 49807 157 49988 11 50017 24 50043 6 50051 2 50062 157 50243 13 50273 37 50317 158 50484 5 50500 12 50528 39 50572 159 50739 6 50757 10 50783 40 50829 158 50995 8 51013 10 51037 43 51085 160 51249 11 51270 8 51291 46 51340 177 51543 231 51797 51 51850 118 51974 57 52050 55 52107 117 52225 1 52231 57 52305 175 52481 1 52487 59 52560 176 52737 1 52743 60 52816 179 53000 60 53071 182 53256 61 53327 182 53513 60 53583 182 53769 60 53838 185 54027 59 54093 186 54283 60 54349 187 54540 22 54565 35 54605 187 54797 20 54821 35 54860 188 55053 19 55078 35 55116 188 55309 19 55335 34 55372 188 55565 19 55591 35 55629 186 55821 19 55848 34 55885 186 56077 19 56104 35 56142 185 56333 19 56359 36 56399 184 56589 18 56614 37 56657 181 56845 18 56869 38 56913 180 57101 18 57125 39 57171 178 57357 18 57381 39 57427 175 57615 16 57637 39 57685 171 57871 15 57893 38 57941 171 58127 10 58138 2 58149 38 58197 6 58212 156 58385 4 58404 38 58469 155 58659 37 58745 135 58913 32 59002 134 59169 30 59259 133 59424 31 59516 132 59679 30 59773 131 59935 12 59948 15 60029 131 60191 11 60206 11 60285 131 60447 11 60463 9 60541 131 60703 10 60792 136 60959 10 61046 138 61216 8 61300 140 61472 8 61555 141 61697 1 61729 4 61811 141 61953 1 62067 144 62323 144 62579 144 62835 144 63091 141 63348 140 63604 140 63802 5 63861 139 64057 8 64117 139 64313 10 64375 137 64569 11 64631 137 64825 11 64887 137 65081 11 65143 137 65337 11 65371 22 65398 138
423050,0 65536
432006,0 24998 24999 51 25056 249 25313 250 25569 198 25768 51 25824 198 26024 53 26080 198 26282 3 26287 33 26324 8 26336 198 26543 33 26581 7 26593 197 26799 34 26837 8 26849 197 27055 34 27093 8 27106 197 27311 34 27349 8 27363 196 27565 31 27597 4 27606 7 27619 196 27820 30 27852 6 27863 6 27875 228 28108 6 28119 6 28132 227 28364 6 28375 6 28389 226 28620 7 28632 5 28645 225 28876 7 28888 5 28901 225 29135 3 29145 2 29157 224 29391 2 29414 198 29614 23 29671 196 29871 22 29927 196 30128 21 30183 196 30385 20 30439 196 30637 1 30641 20 30663 2 30696 221 30918 5 30952 230 31208 231 31464 15 31480 218 31721 12 31736 219 31977 11 31991 175 32168 45 32235 4 32241 1 32245 8 32254 167 32426 43 32491 4 32501 8 32511 166 32679 47 32749 2 32756 8 32765 217 33005 2 33013 226 33275 221 33531 223 33787 224 34021 1 34042 229 34277 1 34299 229 34556 228 34816 225 35072 225 35328 225 35584 232 35834 2 35840 235 36089 4 36095 238 36344 245 36600 249 36854 4869 41726 253 41984 251 42240 251 42496 251 42751 252 43005 12284 55290 254 55547 252 55801 254 56057 4172 60232 253 60489 252 60747 250 61004 248 61265 244 61522 243 61780 240 62036 241 62292 241 62548 243 62796 2 62803 245 63051 3 63059 246 63307 2 63315 250 63570 251 63826 137 63964 113 64083 136 64220 108 64331 2 64339 135 64475 108 64587 1 64595 244 64851 244 65107 244 65362 174
432339,0 65536
433193,0 40391 40392 6 40399 247 40656 738 41395 254 41652 251 41908 251 42164 251 42419 251 42675 250 42928 253 43184 253 43438 17874 61313 254 61569 254 61826 1 61829 250 62081 2 62085 3451
435772,0 167 191 22 256 166 447 22 512 166 703 22 768 165 959 22 1024 165 1215 22 1280 163 1471 22 1536 163 1727 22 1792 162 1984 23 2048 162 2240 23 2304 161 2497 22 2560 161 2753 23 2816 161 3009 23 3072 161 3266 22 3328 160 3523 20 3584 159 3779 20 3840 159 4037 6 4050 3 4096 158 4295 3 4352 157 4551 5 4608 157 4807 6 4864 157 5062 9 5120 157 5317 10 5376 156 5573 11 5632 155 5829 12 5888 154 6084 13 6144 153 6340 13 6400 151 6596 13 6656 150 6852 13 6912 149 7109 11 7168 148 7365 10 7424 142 7623 6 7680 142 7880 3 7936 141 8192 141 8448 140 8704 139 8960 137 9216 133 9472 130 9728 123 9984 121 10240 115 10357 1 10496 105 10602 6 10752 104 10859 4 11008 104 11264 105 11520 107 11776 5 11784 100 12032 4 12045 96 12288 3 12303 96 12544 1 12561 102 12818 103 13075 103 13332 103 13589 102 13845 102 14103 100 14359 100 14616 100 14849 2 14873 99 15104 6 15130 99 15360 7 15387 98 15616 8 15645 96 15872 8 15902 95 16128 8 16159 95 16384 8 16416 95 16640 8 16673 9 16686 82 16896 8 16928 9 16943 81 17152 9 17185 6 17200 81 17408 9 17441 3 17445 2 17457 80 17664 15 17697 2 17713 81 17920 15 17969 81 18176 16 18225 82 18432 17 18481 82 18688 19 18737 83 18944 19 18993 83 19200 23 19249 84 19456 25 19505 85 19712 28 19760 88 19968 29 20016 88 20224 29 20271 89 20480 30 20527 89 20736 31 20783 89 20992 31 21039 89 21248 30 21295 89 21504 30 21551 89 21760 29 21807 88 22016 29 22063 88 22272 27 22321 86 22528 27 22577 86 22784 25 22821 3 22835 82 23040 25 23076 5 23091 82 23296 24 23332 5 23349 78 23552 24 23589 3 23605 77 23808 24 23860 77 24064 24 24115 78 24320 27 24369 79 24576 28 24624 79 24832 32 24878 79 25088 33 25133 80 25344 125 25600 125 25856 125 26112 125 26368 124 26624 124 26880 123 27136 123 27392 123 27648 122 27904 120 28160 117 28416 116 28672 116 28928 116 29184 116 29440 115 29696 115 29952 115 30208 114 30464 113 30720 112 30976 109 31232 109 31488 107 31744 106 32000 104 32256 103 32512 101 32768 101 33024 96 33280 81 33363 9 33536 81 33621 1 33792 81 34048 82 34132 1 34304 86 34560 87 34816 87 35072 88 35328 88 35584 88 35840 88 36096 87 36352 87 36608 87 36864 87 37120 87 37329 6 37376 87 37585 8 37632 87 37840 15 37888 88 38096 15 38144 87 38352 17 38400 87 38608 17 38656 87 38864 18 38912 87 39121 18 39168 87 39377 19 39424 88 39634 18 39680 88 39891 18 39936 88 40147 18 40192 87 40403 19 40448 87 40660 18 40704 87 40916 19 40960 87 41172 19 41216 87 41427 21 41472 87 41683 20 41728 87 41907 6 41939 20 41984 88 42161 8 42196 19 42240 89 42415 12 42451 20 42496 91 42671 14 42707 20 42752 95 42926 16 42962 21 43008 95 43181 26 43217 22 43264 97 43362 1 43437 31 43471 24 43520 103 43693 59 43776 108 43893 2 43949 60 44032 109 44146 7 44205 60 44288 123 44459 64 44544 123 44715 64 44800 123 44970 67 45056 124 45225 71 45312 124 45479 77 45568 123 45735 77 45824 123 45989 80 46080 123 46245 82 46336 124 46501 83 46592 124 46756 85 46848 124 47011 86 47104 125 47267 87 47360 125 47523 88 47616 125 47779 90 47872 125 48035 218 48291 218 48542 223 48797 224 49052 227 49308 227 49563 228 49819 228 50075 229 50330 230 50586 231 50834 6 50841 232 51089 240 51344 242 51599 244 51851 1 51855 145 52003 96 52103 153 52260 95 52359 153 52517 94 52615 153 52773 94 52871 154 53029 94 53127 154 53285 94 53384 154 53541 94 53641 153 53796 95 53897 250 54154 248 54409 250 54665 250 54920 252 55173 409 55583 254 55840 251 56097 250 56355 247 56613 244 56869 244 57124 245 57380 245 57635 246 57891 246 58147 246 58403 246 58659 246 58915 246 59171 246 59427 246 59684 245 59940 244 60197 242 60453 241 60709 240 60966 239 61223 237 61479 236 61736 234 61992 233 62249 232 62505 230 62761 230 63017 228 63273 76 63351 150 63529 76 63607 150 63785 76 63862 151 64041 228 64296 229 64552 228 64808 229 65063 230 65321 215
442157,1 137 167 3 176 2 183 8 204 15 223 7 244 11 256 105 375 12 505 13 519 96 762 102 865 6 1018 2 1024 103 1274 2 1280 104 1405 1 1407 3 1455 3 1530 1 1536 104 1663 3 1711 3 1792 5 1801 96 1953 4 1966 5 2003 6 2048 5 2057 97 2156 1 2209 4 2221 8 2259 6 2293 2 2304 5 2313 100 2464 5 2476 10 2492 2 2495 3 2514 8 2531 2 2554 1 2560 6 2569 100 2720 5 2732 10 2749 5 2770 9 2785 4 2810 1 2816 104 2921 3 2989 8 3008 1 3026 13 3042 2 3065 4 3072 103 3245 8 3283 12 3321 4 3328 83 3412 14 3427 4 3503 3 3527 1 3539 12 3577 4 3584 83 3669 12 3683 4 3759 4 3778 1 3795 12 3834 2 3840 12 3855 68 3925 15 4015 6 4034 1 4040 1 4051 11 4096 12 4111 67 4180 15 4196 2 4255 3 4271 8 4291 1 4295 3 4307 11 4352 13 4368 62 4431 3 4436 15 4509 12 4525 10 4549 5 4563 10 4608 13 4625 60 4687 3 4693 15 4765 13 4782 9 4807 2 4819 10 4864 13 4880 62 4943 4 4948 15 5019 17 5038 9 5075 8 5120 14 5135 84 5275 19 5295 4 5300 2 5332 7 5376 11 5389 86 5529 25 5589 4 5632 11 5646 86 5785 24 5888 10 5903 85 6040 25 6144 10 6159 84 6244 1 6295 26 6400 9 6416 81 6551 24 6656 7 6672 79 6807 24 6912 6 6927 74 7063 24 7168 6 7183 73 7318 24 7372 1 7424 6 7438 61 7500 10 7573 24 7680 5 7694 58 7758 7 7829 24 7936 3 7950 54 8011 1 8015 5 8085 27 8192 3 8207 52 8267 2 8271 4 8276 1 8341 28 8448 2 8463 52 8524 1 8527 4 8597 29 8704 2 8720 51 8783 4 8845 3 8853 29 8960 5 8977 50 9039 4 9101 4 9110 29 9216 9 9232 51 9291 2 9295 4 9357 4 9367 28 9472 9 9491 48 9547 3 9551 3 9626 28 9664 3 9728 9 9747 48 9803 7 9883 27 9919 5 9984 1 9990 1 10003 46 10059 2 10063 1 10110 3 10139 42 10260 27 10291 14 10320 1 10366 4 10394 43 10517 24 10547 12 10625 1 10628 1 10649 48 10773 20 10795 2 10803 12 10883 2 10905 48 11029 19 11061 10 11161 50 11272 2 11285 18 11317 9 11417 50 11542 3 11546 9 11576 6 11673 50 11749 1 11798 7 11832 7 11929 51 12058 3 12086 10 12122 2 12131 1 12134 3 12185 52 12245 2 12314 3 12341 13 12376 6 12388 6 12441 52 12500 7 12571 2 12597 1 12599 11 12632 6 12644 2 12648 1 12695 55 12751 12 12795 2 12827 1 12855 13 12871 1 12889 4 12899 1 12951 68 13051 1 13057 1 13112 19 13143 1 13145 6 13206 53 13263 12 13307 1 13313 1 13368 21 13400 7 13408 2 13461 53 13520 10 13563 1 13569 1 13625 20 13656 7 13664 1 13719 47 13780 3 13825 1 13881 18 13913 6 13975 41 14037 2 14139 14 14171 2 14229 43 14294 1 14347 1 14395 3 14402 7 14428 1 14440 5 14480 1 14484 45 14549 1 14602 1 14659 7 14669 6 14692 13 14715 2 14740 30 14775 10 14857 1 14915 7 14925 7 14947 14 14971 2 14996 29 15032 8 15175 15 15201 18 15253 27 15288 7 15357 2 15425 3 15431 15 15448 1 15455 20 15509 26 15544 7 15613 3 15679 3 15688 43 15768 23 15800 6 15867 4 15945 42 16025 22 16056 7 16123 4 16200 44 16281 22 16313 3 16318 1 16367 3 16379 4 16455 46 16528 1 16539 19 16569 1 16572 1 16621 9 16635 4 16667 1 16711 46 16784 1 16799 15 16825 1 16877 10 16893 2 16947 2 16967 46 17055 14 17133 11 17147 1 17149 2 17201 7 17223 46 17313 12 17389 18 17458 7 17479 46 17571 10 17593 1 17645 18 17717 5 17735 47 17831 4 17848 2 17901 19 17975 2 17990 47 18157 19 18183 2 18246 49 18413 19 18439 2 18501 50 18576 1 18669 19 18689 1 18756 51 18816 1 18832 1 18927 19 19011 52 19067 1 19072 1 19183 22 19266 51 19318 1 19322 2 19327 3 19442 20 19508 1 19521 50 19572 2 19577 4 19583 4 19699 19 19764 1 19769 1 19777 48 19834 3 19839 4 19956 18 20019 2 20033 47 20090 3 20094 5 20213 16 20289 15 20307 24 20346 3 20350 4 20469 16 20545 14 20564 22 20601 5 20607 3 20624 1 20725 1 20728 13 20801 14 20821 20 20857 5 20864 1 20880 1 20984 12 21057 14 21077 19 21114 3 21241 10 21313 14 21333 16 21370 3 21499 8 21569 14 21590 15 21625 4 21755 8 21826 12 21847 5 21853 4 21883 2 22012 7 22083 10 22105 1 22139 2 22269 6 22341 4 22394 3 22526 6 22650 3 22750 1 22781 8 22906 5 23005 4 23036 8 23162 6 23260 5 23291 9 23418 5 23515 6 23546 9 23674 5 23764 3 23771 6 23780 2 23800 11 23931 3 24020 3 24027 7 24035 3 24045 1 24055 12 24187 2 24275 4 24284 12 24311 12 24379 1 24508 3 24513 6 24531 1 24534 2 24540 15 24558 4 24567 2 24571 8 24763 15 24788 2 24791 2 24796 15 24812 7 24827 7 25019 16 25051 16 25068 2 25071 2 25075 2 25078 1 25084 6 25275 16 25307 15 25332 2 25341 3 25345 1 25533 14 25563 14 25588 3 25598 2 25601 1 25789 14 25819 16 25836 1 25840 2 25844 4 25853 3 25857 1 26049 9 26075 16 26095 10 26109 3 26113 1 26307 7 26326 2 26330 17 26351 9 26365 5 26565 4 26581 4 26586 18 26607 9 26621 5 26821 5 26836 6 26843 19 26864 7 26877 5 27024 4 27068 2 27076 9 27088 30 27120 6 27133 5 27279 6 27331 10 27343 31 27378 3 27387 7 27533 10 27586 45 27635 2 27643 7 27788 11 27842 45 27888 5 27899 7 28043 13 28099 26 28127 8 28139 10 28153 2 28157 5 28187 1 28299 13 28355 26 28384 7 28395 6 28402 3 28408 3 28413 5 28554 15 28611 26 28641 6 28651 6 28661 6 28670 5 28784 1 28809 17 28867 27 28897 6 28907 6 28916 8 28925 6 29065 17 29123 28 29156 3 29163 3 29172 15 29321 17 29379 28 29413 3 29419 2 29429 15 29551 2 29577 17 29609 3 29614 1 29635 28 29669 4 29685 9 29695 5 29806 3 29833 17 29863 8 29891 27 29925 6 29940 16 30063 2 30090 16 30115 13 30147 26 30181 5 30196 15 30319 1 30347 15 30370 14 30403 26 30437 3 30452 15 30575 2 30599 2 30603 16 30624 17 30659 24 30691 2 30694 2 30707 16 30832 1 30855 2 30859 16 30879 18 30916 23 30947 1 30951 2 30963 16 31031 6 31088 1 31111 2 31116 37 31172 21 31221 2 31226 8 31285 8 31343 3 31366 4 31373 36 31429 19 31477 2 31482 8 31544 5 31583 1 31597 7 31621 6 31630 37 31684 17 31733 1 31737 9 31801 4 31831 3 31837 4 31852 9 31876 8 31885 1 31887 36 31940 17 31989 1 31993 10 32026 3 32057 5 32087 13 32104 15 32129 50 32192 1 32196 15 32245 1 32248 11 32282 3 32314 3 32343 34 32380 2 32384 52 32450 6 32458 8 32501 14 32539 2 32571 2 32599 94 32699 2 32703 8 32755 16 32796 1 32827 2 32855 95 32955 8 32964 3 33002 2 33011 17 33057 1 33060 1 33083 2 33111 95 33209 10 33220 3 33268 16 33315 1 33338 2 33366 97 33466 13 33509 2 33524 17 33571 1 33593 2 33622 108 33732 4 33780 18 33849 2 33872 1 33878 108 33988 3 34036 18 34105 2 34135 107 34244 3 34277 2 34293 1 34295 14 34361 3 34391 106 34500 3 34534 1 34553 12 34587 1 34617 3 34647 101 34749 4 34756 3 34784 1 34787 3 34810 11 34873 3 34903 99 35004 6 35012 2 35038 8 35065 12 35129 4 35161 97 35260 2 35263 3 35268 2 35294 9 35321 12 35385 4 35417 11 35431 82 35519 1 35525 2 35550 8 35578 11 35641 3 35674 9 35687 81 35806 8 35834 11 35897 3 35931 6 35943 82 36061 10 36090 11 36154 2 36188 1 36199 82 36317 10 36344 13 36410 3 36443 2 36455 81 36574 8 36601 12 36667 2 36712 80 36829 10 36844 1 36849 2 36856 13 36923 2 36968 81 37085 11 37099 11 37112 13 37178 2 37225 84 37312 2 37317 1 37341 1 37343 20 37369 12 37434 1 37481 83 37569 2 37574 1 37598 18 37618 1 37626 11 37689 2 37737 79 37817 3 37823 9 37853 18 37883 11 37945 3 37998 2 38003 72 38080 9 38108 15 38124 2 38139 12 38201 4 38263 68 38339 7 38363 14 38393 14 38458 3 38521 63 38595 6 38619 13 38649 15 38714 1 38777 63 38849 10 38869 2 38876 12 38904 16 39033 62 39105 10 39119 3 39124 3 39132 13 39159 17 39289 61 39361 13 39375 7 39388 19 39412 20 39545 61 39618 11 39630 7 39645 18 39669 19 39738 3 39802 60 39876 7 39889 3 39901 19 39925 20 39993 4 40059 59 40132 6 40145 1 40157 1 40160 15 40180 2 40183 18 40249 4 40315 59 40389 1 40417 13 40440 17 40506 3 40573 57 40675 9 40686 1 40698 20 40762 3 40831 55 40931 8 40954 21 41018 3 41088 54 41187 8 41197 1 41205 1 41209 22 41274 3 41347 51 41408 2 41444 3 41449 1 41459 3 41465 22 41530 3 41604 49 41663 3 41700 3 41714 4 41722 21 41785 4 41861 48 41919 4 41956 7 41970 5 41977 22 42041 4 42117 48 42175 4 42187 3 42212 9 42225 32 42272 2 42297 4 42348 3 42374 46 42433 1 42443 3 42447 2 42468 20 42489 24 42529 2 42553 4 42606 1 42631 44 42699 2 42703 1 42724 20 42745 24 42772 1 42785 1 42809 4 42861 2 42887 44 42982 1 42986 39 43028 2 43040 2 43065 4 43116 3 43143 43 43244 2 43248 25 43275 6 43284 2 43296 2 43321 4 43372 2 43400 41 43504 6 43513 15 43531 5 43577 4 43656 40 43760 6 43769 12 43833 4 43913 36 44003 4 44015 6 44023 14 44089 4 44169 30 44200 4 44259 4 44271 6 44279 14 44346 2 44426 26 44512 7 44527 5 44535 14 44602 1 44683 24 44771 4 44783 5 44792 14 44858 1 44940 23 45039 3 45048 15 45069 1 45075 3 45114 1 45197 22 45289 1 45292 2 45296 1 45305 14 45332 3 45339 2 45370 3 45460 2 45467 3 45472 2 45547 2 45561 15 45587 5 45593 4 45626 3 45816 17 45836 4 45843 10 45883 2 46021 2 46070 20 46092 5 46099 10 46139 2 46276 2 46301 1 46325 21 46348 5 46356 9 46395 1 46532 1 46556 5 46579 23 46604 5 46612 9 46651 1 46812 5 46834 24 46859 6 46868 4 46874 3 46906 2 47068 5 47075 3 47089 33 47123 5 47130 3 47163 1 47324 6 47332 2 47345 32 47380 3 47386 4 47580 5 47588 2 47592 2 47601 32 47637 2 47643 2 47837 4 47847 2 47857 31 47892 3 48091 14 48113 25 48139 6 48148 3 48345 16 48368 25 48396 4 48404 2 48601 16 48621 27 48653 3 48857 15 48877 28 48910 1 48955 1 49113 14 49133 29 49165 2 49369 13 49389 33 49604 1 49627 10 49645 33 49723 1 49860 1 49883 10 49901 35 49957 1 49979 2 49988 1 49990 1 50085 8 50115 3 50122 3 50139 10 50156 37 50203 4 50211 4 50220 1 50235 3 50243 5 50324 2 50337 16 50371 11 50395 10 50411 40 50458 5 50464 15 50483 2 50489 16 50579 6 50588 1 50592 17 50612 7 50620 19 50652 8 50667 40 50714 5 50720 9 50730 5 50739 2 50745 16 50834 6 50848 17 50868 27 50911 4 50923 40 50971 2 50975 2 50980 4 50995 22 51090 3 51109 13 51124 7 51134 16 51179 40 51227 2 51231 2 51236 3 51252 21 51344 2 51348 1 51368 15 51384 2 51391 15 51435 41 51493 2 51508 2 51512 17 51631 6 51648 13 51679 2 51691 41 51750 1 51763 4 51769 15 51889 2 51906 5 51914 3 51934 3 51946 43 52019 21 52163 4 52171 1 52189 5 52201 45 52273 24 52372 2 52419 4 52441 9 52456 46 52507 2 52517 1 52524 29 52624 2 52628 2 52651 2 52675 4 52683 2 52696 10 52712 45 52763 1 52774 1 52780 28 52884 1 52907 2 52931 5 52939 1 52952 9 52968 45 53018 2 53023 2 53026 1 53029 3 53033 31 53141 4 53163 1 53187 6 53207 10 53223 46 53272 47 53396 6 53416 1 53424 2 53443 6 53463 11 53477 98 53652 6 53669 6 53679 3 53685 9 53699 6 53719 10 53732 99 53908 5 53926 5 53935 3 53942 7 53955 5 53975 10 53988 100 54163 6 54182 4 54191 2 54199 6 54211 6 54231 9 54244 101 54419 4 54424 2 54437 5 54445 1 54447 2 54456 9 54467 7 54487 7 54500 51 54553 49 54675 3 54689 1 54691 7 54704 1 54715 15 54743 6 54753 2 54756 51 54811 48 54931 2 54946 7 54971 4 54978 7 54999 5 55009 53 55067 52 55130 2 55187 1 55202 3 55207 4 55235 6 55258 3 55265 53 55323 54 55385 4 55457 4 55463 3 55491 5 55515 4 55523 51 55578 56 55641 4 55719 3 55747 4 55773 1 55779 51 55833 57 55897 4 55910 1 55975 2 56003 4 56035 50 56089 68 56165 2 56183 4 56259 4 56291 50 56345 69 56421 2 56440 3 56452 1 56515 4 56541 1 56545 125 56676 3 56696 6 56704 5 56717 1 56724 1 56751 4 56767 10 56796 3 56800 125 56932 3 56954 11 56974 1 56984 2 57007 6 57021 12 57034 1 57052 129 57184 1 57188 3 57210 14 57227 4 57236 9 57258 37 57307 130 57440 2 57443 4 57465 22 57492 10 57512 41 57561 1 57563 108 57672 21 57696 2 57699 4 57723 20 57748 11 57768 41 57817 110 57930 19 57955 4 57979 17 57998 1 58005 10 58024 20 58046 18 58073 100 58174 7 58183 22 58212 3 58235 18 58261 12 58279 20 58301 19 58327 134 58468 3 58491 19 58516 15 58532 45 58581 136 58725 2 58747 19 58768 2 58772 201 58981 2 59003 18 59029 52 59082 112 59195 34 59237 2 59260 16 59286 14 59303 38 59345 103 59451 15 59468 17 59492 3 59516 15 59536 1 59543 14 59559 38 59601 1 59603 102 59706 15 59725 16 59748 3 59769 1 59775 12 59789 5 59797 54 59860 117 59981 8 59991 6 60004 3 60031 11 60046 4 60053 55 60116 98 60215 17 60235 10 60247 18 60267 4 60287 6 60302 63 60371 98 60470 17 60491 11 60503 26 60536 1 60543 6 60557 21 60579 42 60627 114 60747 46 60800 5 60814 9 60824 7 60833 164 61003 46 61058 1 61070 10 61081 6 61089 166 61258 51 61326 13 61341 2 61345 23 61370 7 61378 133 61514 55 61573 1 61581 13 61597 2 61600 23 61624 132 61757 8 61769 56 61829 2 61836 14 61852 2 61856 22 61879 58 61941 70 62013 8 62025 56 62085 3 62091 18 62114 18 62134 58 62198 168 62369 80 62453 170 62624 1071 63696 2 63699 248 63948 1 63957 248 64212 1323
442220,0 480 488 245 747 244 1005 243 1260 247 1513 251 1767 252 2022 2259 4283 254 4540 7 4550 242 4797 3 4806 243 5052 3 5061 48 5111 195 5307 4 5317 248 5571 250 5825 251 6080 249 6336 248 6589 1 6592 248 6845 2 6848 248 7099 254 7354 521 7876 254 8132 255 8388 769 9163 250 9419 250 9676 243 9920 5 9932 243 10177 6 10185 55351
447372,0 31 76 121 200 29 256 31 333 96 431 22 459 25 512 30 589 95 687 21 715 24 768 30 845 95 943 20 971 23 1024 29 1101 95 1199 20 1227 22 1280 28 1357 94 1455 20 1485 19 1536 27 1613 94 1711 20 1743 17 1792 23 1869 94 1967 19 2002 14 2048 23 2125 94 2223 19 2259 13 2304 23 2381 94 2479 20 2515 13 2560 23 2637 95 2736 19 2771 13 2816 23 2893 95 2992 19 3027 12 3072 24 3149 95 3249 19 3283 12 3328 24 3404 97 3505 20 3539 11 3584 25 3660 98 3762 19 3795 10 3840 25 3915 100 4019 18 4051 10 4096 25 4171 101 4275 18 4307 10 4352 25 4427 101 4533 17 4564 8 4608 25 4683 101 4789 17 4820 7 4864 26 4938 102 5045 18 5078 5 5120 25 5194 101 5300 19 5376 11 5389 12 5450 101 5556 20 5632 9 5647 9 5706 83 5791 16 5813 19 5888 8 5962 84 6049 10 6069 19 6144 7 6218 84 6306 5 6325 19 6400 7 6475 84 6583 16 6656 7 6731 85 6840 14 6912 7 6987 88 7168 6 7243 89 7424 5 7500 89 7680 5 7756 89 7936 5 8013 88 8192 6 8269 88 8448 6 8525 88 8704 7 8781 87 8960 7 8973 2 9037 72 9114 9 9216 7 9227 6 9293 71 9373 4 9472 19 9547 73 9728 19 9801 75 9984 21 10028 2 10055 76 10240 25 10281 7 10311 76 10496 27 10537 9 10565 77 10752 28 10793 10 10821 76 11008 30 11048 11 11077 75 11265 32 11303 12 11333 74 11526 45 11589 71 11782 45 11845 66 12039 45 12101 61 12295 46 12357 60 12551 46 12613 62 12807 46 12869 62 13063 46 13126 61 13319 47 13382 61 13575 48 13638 61 13831 49 13895 60 14085 51 14152 57 14341 51 14408 57 14597 50 14663 56 14853 50 14919 56 15111 48 15173 54 15367 48 15428 9 15438 43 15624 49 15683 10 15697 3 15706 3 15717 20 15880 49 15938 11 15974 18 16128 1 16137 69 16231 16 16384 2 16392 70 16488 15 16640 79 16745 14 16896 79 17002 12 17152 79 17259 10 17408 79 17516 7 17664 81 17920 81 18176 83 18432 83 18688 84 18944 84 19200 84 19399 4 19456 29 19488 52 19653 7 19712 25 19751 46 19908 9 19968 25 20007 46 20164 9 20224 25 20264 45 20419 12 20480 25 20521 44 20675 14 20736 25 20777 44 20929 18 20992 25 21033 44 21185 19 21248 26 21290 43 21440 21 21504 27 21545 44 21696 21 21760 28 21801 43 21952 21 22016 28 22058 42 22207 22 22272 33 22314 41 22463 23 22528 39 22569 28 22719 23 22784 67 22976 23 23040 67 23232 13 23246 9 23296 67 23489 10 23503 8 23523 6 23552 68 23654 1 23746 9 23759 8 23777 11 23808 69 23903 12 24003 9 24016 12 24032 15 24064 69 24158 15 24260 8 24273 12 24287 18 24320 49 24374 15 24411 19 24517 7 24530 34 24576 49 24630 15 24667 20 24773 8 24786 35 24832 48 24887 14 24921 22 25029 8 25044 34 25088 48 25144 13 25176 23 25286 6 25294 1 25301 34 25344 47 25401 12 25430 25 25546 5 25555 36 25600 47 25659 8 25685 25 25801 6 25809 39 25856 49 25940 26 26057 48 26112 49 26195 28 26313 50 26368 51 26450 29 26568 53 26624 51 26705 30 26824 53 26880 51 26960 32 27080 53 27136 52 27210 1 27215 33 27335 54 27392 52 27461 44 27590 56 27648 52 27717 44 27845 58 27904 52 27972 46 28101 110 28228 47 28357 110 28483 52 28613 98 28714 7 28739 53 28862 104 28995 55 29114 99 29214 7 29251 56 29369 71 29441 28 29472 5 29507 56 29621 75 29697 28 29728 5 29764 55 29877 75 29953 30 29985 4 30020 55 30131 77 30209 28 30241 5 30277 54 30387 106 30498 5 30533 53 30643 106 30753 6 30790 51 30850 2 30899 106 31009 6 31047 36 31086 11 31106 2 31155 106 31266 5 31303 34 31343 9 31362 3 31411 104 31560 33 31601 4 31619 1 31667 104 31816 33 31923 102 32073 32 32180 100 32329 32 32437 98 32586 31 32694 97 32843 30 32950 94 33099 29 33205 94 33356 28 33461 92 33613 27 33715 94 33870 26 33971 54 34026 39 34128 24 34227 94 34345 4 34384 24 34483 54 34539 38 34594 1 34597 9 34641 24 34739 54 34795 1 34797 36 34849 14 34899 22 34995 54 35051 38 35093 7 35104 16 35156 21 35250 95 35348 10 35359 17 35413 20 35459 2 35506 95 35603 29 35670 19 35711 11 35763 94 35859 30 35927 18 35966 13 36020 57 36080 32 36113 32 36184 17 36211 26 36277 57 36340 28 36369 32 36440 17 36467 26 36532 58 36596 61 36696 16 36721 30 36786 61 36853 60 36952 15 36976 31 37041 62 37109 60 37209 12 37231 31 37295 64 37365 60 37466 10 37487 31 37550 65 37621 62 37724 3 37728 4 37741 33 37805 48 37854 16 37877 62 37980 3 37984 5 37996 33 38060 67 38133 63 38239 46 38315 51 38368 16 38389 64 38495 46 38571 50 38624 17 38645 65 38752 45 38827 48 38880 17 38902 64 39007 46 39083 70 39159 64 39263 46 39339 45 39386 23 39416 63 39519 46 39595 44 39643 22 39673 62 39776 44 39851 44 39899 22 39930 61 40032 44 40107 44 40155 22 40188 3 40192 55 40288 44 40363 44 40411 22 40448 55 40545 43 40619 44 40667 22 40704 55 40801 42 40875 70 40960 55 41058 41 41131 70 41216 55 41315 40 41389 68 41472 55 41573 38 41646 67 41728 55 41830 37 41906 64 41984 55 42089 35 42165 61 42240 54 42348 33 42421 61 42496 53 42605 34 42677 61 42752 52 42861 38 42935 59 43008 51 43118 37 43192 58 43264 49 43375 37 43450 18 43475 30 43520 48 43632 37 43707 2 43710 12 43732 29 43776 45 43889 36 43989 28 44032 44 44147 35 44245 28 44288 43 44405 34 44502 27 44544 31 44576 9 44661 34 44759 26 44800 29 44919 34 45015 25 45056 29 45176 33 45271 25 45312 28 45437 2 45443 5 45453 13 45527 24 45568 28 45709 14 45784 23 45824 27 45965 14 46040 21 46080 27 46222 13 46296 21 46336 26 46477 16 46554 18 46592 25 46733 16 46811 16 46848 25 46983 24 47068 14 47104 24 47239 24 47325 12 47360 23 47493 26 47533 6 47583 8 47616 21 47749 26 47789 6 47841 5 47872 20 48003 28 48043 10 48128 20 48259 28 48299 10 48384 19 48515 26 48554 11 48640 19 48771 25 48810 11 48896 19 49027 24 49066 10 49152 18 49283 23 49322 10 49408 17 49539 24 49578 9 49664 17 49773 3 49795 24 49835 8 49920 17 50027 12 50051 24 50091 7 50176 17 50282 13 50307 25 50347 6 50432 16 50537 16 50563 26 50647 12 50688 16 50793 16 50819 28 50902 15 50944 16 51048 19 51074 29 51157 17 51200 15 51304 21 51330 30 51413 17 51456 13 51560 23 51585 32 51668 19 51712 11 51816 24 51841 32 51924 20 51968 9 52072 58 52180 21 52224 8 52328 59 52437 20 52480 7 52585 58 52693 21 52736 7 52841 58 52949 21 52992 7 53096 59 53207 20 53248 7 53350 62 53464 18 53504 7 53591 2 53603 65 53722 16 53760 7 53846 5 53858 66 53979 14 54016 6 54100 80 54237 12 54272 5 54355 81 54494 11 54528 3 54611 80 54752 7 54784 3 54866 81 55010 5 55121 82 55377 82 55632 83 55887 84 56143 83 56398 84 56653 83 56909 83 57165 68 57236 8 57421 67 57656 8 57676 69 57911 10 57931 70 58165 94 58421 95 58675 98 58931 98 59187 98 59443 98 59699 98 59955 98 60213 96 60358 1 60365 5 60388 9 60407 8 60469 96 60612 15 60641 13 60661 11 60725 96 60861 25 60893 35 60980 97 61117 26 61147 37 61235 98 61372 68 61491 97 61628 75 61747 96 61884 75 62003 95 62140 77 62255 97 62397 76 62509 98 62653 77 62761 100 62899 5 62907 79 63017 100 63153 89 63271 102 63407 90 63525 104 63663 90 63780 105 63918 30 63950 58 64016 4 64035 106 64173 31 64207 57 64269 12 64290 108 64429 31 64462 57 64524 13 64545 109 64685 31 64717 56 64780 15 64801 109 64941 30 64973 56 65036 15 65056 110 65197 30 65230 50 65281 4 65293 14 65312 109 65454 27 65486 50
451709,0 209 237 4 252 3 256 208 512 208 768 208 1024 207 1280 207 1536 207 1792 206 2048 206 2304 206 2560 206 2811 1 2816 206 3062 216 3317 217 3571 13 3585 3 3589 201 3827 13 3841 2 3845 201 4081 15 4097 1 4101 202 4337 222 4592 223 4848 222 5103 223 5359 223 5613 225 5869 225 6126 224 6382 223 6639 223 6885 2 6896 223 7138 10 7153 222 7393 12 7409 223 7648 241 7903 242 8159 242 8415 242 8671 242 8927 242 9183 242 9438 242 9694 242 9950 242 10206 174 10387 61 10463 172 10644 60 10719 172 10900 60 10975 172 11155 61 11232 171 11411 61 11489 239 11745 239 12002 194 12200 40 12259 192 12457 40 12517 190 12712 42 12778 185 12967 44 13035 233 13293 232 13551 230 13809 228 14065 229 14322 228 14579 228 14841 222 15098 222 15355 222 15611 222 15869 220 16126 220 16383 219 16639 219 16895 219 17152 219 17407 220 17663 221 17919 222 18175 222 18431 228 18686 231 18942 232 19198 233 19455 232 19712 232 19968 232 20224 232 20480 232 20736 232 20992 233 21248 235 21504 236 21760 238 22016 239 22272 240 22528 241 22784 241 23040 241 23296 241 23552 241 23808 48 23857 89 23948 42 23992 58 24064 47 24115 86 24204 40 24249 58 24320 47 24373 83 24460 38 24505 59 24576 46 24629 82 24717 35 24761 8 24773 47 24832 46 24888 79 24973 34 25019 2 25032 45 25088 46 25145 78 25229 32 25289 46 25344 46 25401 76 25485 31 25545 47 25600 46 25657 75 25741 31 25801 48 25856 47 25913 72 25998 30 26057 50 26112 46 26168 72 26254 30 26313 50 26368 46 26424 72 26510 29 26569 50 26624 46 26681 1 26683 68 26755 6 26766 29 26824 52 26880 45 26939 6 26947 60 27010 5 27022 29 27073 58 27136 45 27195 6 27203 59 27266 5 27279 28 27327 58 27392 46 27451 65 27523 1 27536 27 27581 59 27648 46 27707 1 27712 60 27792 28 27837 58 27904 47 27967 52 28026 2 28048 31 28093 58 28160 47 28223 52 28283 1 28304 32 28348 59 28416 47 28477 54 28537 14 28561 38 28603 60 28672 47 28733 47 28783 5 28792 15 28817 39 28858 61 28928 47 28989 44 29042 21 29073 40 29114 61 29184 46 29245 44 29301 18 29329 40 29371 60 29440 46 29501 46 29554 21 29585 40 29627 60 29696 45 29757 47 29809 22 29841 39 29885 58 29952 45 30013 68 30083 3 30099 38 30141 58 30208 45 30269 68 30355 40 30397 58 30464 45 30526 61 30588 5 30596 3 30611 100 30718 1 30720 45 30782 74 30867 101 30971 50 31039 74 31125 152 31295 74 31381 152 31553 7 31566 41 31609 15 31637 58 31701 88 31809 6 31822 40 31865 14 31893 58 31958 87 32078 39 32122 11 32147 57 32205 2 32213 88 32334 39 32378 7 32403 56 32460 3 32469 87 32589 39 32634 5 32645 2 32656 64 32723 45 32769 43 32845 39 32889 6 32900 124 33029 38 33100 40 33145 6 33155 125 33286 37 33355 40 33397 2 33402 6 33411 125 33545 34 33603 48 33653 3 33658 134 33801 34 33857 191 34058 34 34110 194 34314 34 34365 195 34570 37 34619 197 34826 39 34874 198 35081 247 35337 247 35593 247 35848 248 36104 248 36360 248 36615 250 36871 253 37126 1021 38149 253 38405 253 38661 253 38916 510 39427 1416 40847 252 41103 252 41359 252 41615 252 41870 254 42125 664 42791 235 43030 13 43048 233 43288 10 43305 232 43545 8 43561 231 43800 7 43816 232 44054 9 44069 235 44309 10 44324 205 44533 27 44564 11 44579 206 44789 27 44819 223 45047 26 45074 224 45303 251 45567 244 45824 243 46068 2 46080 246 46336 246 46592 247 46848 248 47098 3 47102 6635 53749 242 54007 224 54235 8 54263 224 54495 2 54519 224 54775 224 55032 223 55288 223 55544 223 55801 222 56057 221 56314 220 56571 218 56828 217 57086 214 57343 213 57599 212 57841 4 57849 219 58096 7 58104 181 58293 31 58351 189 58550 30 58606 189 58808 28 58862 189 59065 27 59119 188 59322 25 59376 5 59384 179 59579 24 59632 5 59640 180 59835 22 59897 179 60092 8 60101 11 60153 180 60401 188 60657 190 60913 191 61169 193 61425 194 61681 194 61936 194 62190 195 62447 194 62704 193 62960 193 63217 192 63473 193 63729 192 63985 192 64241 192 64438 2 64497 192 64695 2 64753 193 65009 194 65265 195 65521 15
455136,0 255 256 65280
460549,1 34 174 6 183 34 220 4 229 62 453 3 459 13 487 60 715 13 743 60 971 13 999 60 1227 13 1255 25 1281 33 1481 16 1511 25 1537 1 1539 30 1718 1 1722 1 1737 16 1767 25 1795 22 1973 6 1993 18 2024 24 2049 1 2051 22 2228 8 2249 18 2280 49 2459 1 2483 10 2507 16 2537 48 2714 2 2739 9 2763 16 2794 47 2894 2 2971 1 2995 5 3019 17 3051 6 3060 37 3149 2 3251 4 3275 18 3307 4 3316 37 3533 16 3563 2 3573 36 3790 16 3819 1 3829 35 4046 17 4087 33 4303 14 4344 31 4561 10 4601 30 4709 3 4817 10 4858 28 4965 4 5076 4 5117 26 5220 7 5376 11 5389 7 5476 8 5632 11 5645 6 5732 8 5888 12 5903 2 5988 9 6023 6 6144 12 6159 2 6244 8 6278 7 6400 11 6501 6 6533 9 6656 10 6757 5 6789 9 6912 11 7045 9 7134 1 7168 11 7301 9 7385 6 7424 11 7557 9 7641 7 7680 11 7813 8 7897 6 7936 9 8069 8 8147 12 8192 6 8326 6 8409 6 8432 5 8448 5 8688 4 8704 5 8945 2 8960 6 9216 7 9472 8 9728 9 9984 9 10240 8 10496 7 10752 7 11008 5 11264 4 11520 3 11776 3 12032 3 12288 5 12544 4 12800 4 13056 4 13312 4 13568 5 13824 5 14080 5 14336 5 14592 7 14848 6 14855 2 15104 3 15110 5 15360 3 15367 6 15616 3 15625 5 15694 3 15702 9 15872 3 15882 5 15949 19 16129 1 16139 4 16203 22 16385 1 16396 3 16459 22 16653 2 16713 24 16964 28 17218 29 17474 28 17729 28 17985 27 18241 26 18319 1 18323 2 18497 26 18567 4 18573 9 18752 27 18821 18 19008 27 19077 19 19265 26 19332 22 19473 2 19521 26 19587 24 19712 2 19729 2 19778 25 19844 23 19964 5 20034 25 20100 23 20220 4 20291 24 20334 1 20356 24 20475 5 20547 24 20588 4 20612 24 20645 3 20695 1 20731 10 20803 25 20846 2 20867 24 20900 7 20949 6 20987 10 21059 25 21123 24 21156 9 21205 6 21220 3 21243 10 21315 26 21378 25 21411 13 21449 7 21459 8 21470 1 21474 7 21499 10 21571 26 21633 26 21668 13 21704 20 21725 2 21730 7 21755 14 21827 24 21888 27 21924 19 21960 20 21982 2 21985 10 22010 16 22084 23 22143 28 22180 20 22215 21 22239 16 22266 22 22340 22 22398 31 22436 21 22471 21 22494 19 22522 23 22595 22 22651 34 22691 22 22727 44 22777 25 22821 3 22851 21 22907 36 22946 23 22983 45 23034 25 23076 4 23107 20 23162 63 23240 45 23290 27 23365 15 23418 64 23496 45 23545 30 23623 6 23630 6 23674 64 23752 45 23801 31 23883 1 23930 64 24008 46 24058 31 24185 65 24265 45 24314 33 24439 66 24519 47 24570 33 24696 65 24774 48 24826 33 24952 65 25030 47 25082 33 25209 64 25289 46 25338 3 25342 29 25433 3 25465 63 25545 46 25595 2 25598 1 25600 27 25689 4 25721 63 25801 47 25851 4 25856 27 25947 4 25979 61 26057 48 26106 33 26203 4 26235 61 26313 48 26362 33 26459 4 26491 62 26570 83 26656 1 26713 6 26723 5 26742 3 26746 63 26817 2 26823 94 26969 6 26979 5 26997 4 27002 1 27005 62 27072 101 27225 7 27235 5 27253 4 27261 62 27329 102 27481 8 27493 3 27507 6 27522 1 27525 43 27569 1 27571 8 27584 4 27595 92 27739 6 27749 3 27763 6 27781 42 27827 8 27840 1 27851 92 28020 6 28027 2 28036 43 28085 4 28109 91 28277 4 28283 1 28291 44 28342 2 28365 91 28533 4 28547 46 28621 13 28639 73 28789 4 28803 47 28869 1 28879 8 28895 72 29043 8 29061 45 29149 75 29297 9 29318 44 29406 75 29552 11 29577 42 29657 3 29661 76 29809 11 29833 42 29912 79 30065 10 30090 42 30167 74 30242 5 30299 2 30322 9 30347 42 30423 72 30498 5 30551 6 30578 7 30604 46 30679 72 30754 6 30806 8 30833 8 30861 48 30935 70 31006 1 31009 8 31061 10 31089 6 31118 51 31192 63 31257 6 31265 8 31274 1 31317 10 31346 4 31375 51 31448 55 31505 2 31515 19 31571 12 31602 5 31631 52 31704 53 31771 20 31827 12 31857 8 31888 52 31960 52 32026 23 32083 13 32113 6 32120 1 32145 51 32216 51 32283 22 32339 13 32370 5 32401 51 32473 49 32539 26 32580 5 32593 15 32625 5 32657 52 32731 46 32795 27 32835 6 32848 16 32879 7 32914 52 32989 42 33050 30 33091 29 33132 17 33172 50 33249 4 33256 30 33306 31 33345 30 33387 18 33429 49 33505 3 33513 31 33561 34 33599 32 33643 17 33686 48 33769 34 33814 73 33899 6 33908 3 33913 3 33929 2 33943 46 34024 35 34067 76 34170 2 34178 1 34185 2 34201 44 34281 19 34304 11 34323 75 34426 2 34441 2 34457 44 34537 19 34560 12 34580 75 34683 2 34697 2 34713 42 34794 17 34816 12 34836 75 34953 2 34970 40 35050 17 35072 13 35092 75 35209 1 35226 37 35307 17 35328 13 35349 74 35449 3 35482 37 35563 17 35584 15 35605 70 35705 3 35738 35 35797 2 35821 9 35833 5 35840 15 35861 68 35961 3 35994 35 36051 1 36077 8 36089 82 36251 34 36335 4 36345 80 36482 1 36507 34 36602 73 36737 2 36763 36 36831 5 36861 68 36966 1 36992 2 37020 35 37085 8 37117 67 37223 6 37248 1 37277 35 37341 9 37373 66 37479 7 37533 36 37597 9 37630 1 37632 62 37733 10 37789 36 37853 10 37888 61 37989 11 38002 1 38012 1 38045 37 38108 11 38144 60 38243 20 38265 5 38289 1 38303 36 38364 11 38400 60 38499 26 38559 36 38620 11 38656 64 38755 28 38817 34 38875 13 38912 69 39011 28 39075 1 39085 22 39124 20 39168 72 39267 28 39342 20 39378 21 39424 73 39522 31 39554 2 39599 19 39633 22 39680 73 39775 38 39857 16 39889 21 39936 73 40030 39 40114 15 40144 21 40192 72 40286 40 40373 11 40400 20 40448 72 40543 40 40629 10 40656 19 40704 72 40799 41 40889 6 40912 18 40960 71 41055 41 41147 2 41168 18 41216 70 41312 41 41383 3 41423 18 41472 69 41569 39 41637 6 41679 18 41728 69 41825 39 41889 12 41935 18 41984 69 42080 39 42144 14 42191 18 42240 69 42335 10 42354 21 42397 19 42445 21 42496 69 42592 7 42611 20 42652 20 42701 22 42752 69 42867 19 42890 2 42899 5 42907 22 42957 23 43008 69 43123 19 43146 2 43155 30 43213 24 43245 2 43264 69 43379 19 43401 2 43409 32 43469 26 43501 4 43520 69 43635 18 43658 1 43665 32 43727 25 43757 4 43776 70 43890 19 43919 35 43983 36 44032 71 44122 5 44147 18 44175 36 44240 35 44288 72 44370 2 44373 12 44403 18 44431 36 44496 36 44544 73 44625 16 44660 17 44687 36 44753 34 44800 75 44880 18 44916 17 44943 37 45010 33 45056 76 45135 20 45172 17 45198 39 45266 33 45312 99 45428 17 45453 41 45521 35 45568 99 45685 16 45709 41 45778 34 45824 99 45941 16 45965 43 46034 34 46080 100 46198 15 46221 44 46290 34 46336 100 46456 13 46477 46 46546 33 46592 100 46713 11 46733 46 46803 32 46848 100 46971 6 46989 46 47059 32 47104 100 47245 46 47315 31 47360 99 47467 2 47501 46 47571 29 47616 99 47723 2 47757 46 47827 10 47841 14 47872 28 47902 69 48012 47 48084 7 48101 10 48128 27 48159 68 48267 48 48341 2 48357 10 48384 27 48416 67 48519 51 48613 10 48640 27 48673 66 48774 51 48869 9 48896 21 48929 65 49028 53 49126 3 49152 21 49185 65 49283 53 49408 21 49441 66 49539 52 49664 21 49698 65 49794 53 49920 22 49955 66 50022 5 50049 52 50176 23 50211 73 50305 52 50432 5 50441 15 50467 74 50562 49 50643 2 50688 2 50698 14 50723 75 50818 47 50897 4 50944 1 50955 8 50965 3 50981 75 51073 46 51150 10 51211 8 51221 3 51237 75 51329 33 51364 11 51405 12 51468 12 51497 71 51586 27 51621 8 51659 15 51724 9 51754 69 51842 27 51877 8 51899 1 51914 17 51981 7 52012 67 52098 29 52138 1 52143 2 52152 7 52169 18 52239 4 52269 65 52355 30 52399 4 52405 10 52424 20 52532 56 52611 30 52646 29 52679 22 52764 3 52790 54 52866 32 52902 29 52935 23 53019 4 53048 53 53121 67 53189 26 53276 1 53279 2 53304 54 53377 94 53519 2 53536 1 53560 56 53633 94 53775 4 53816 57 53889 94 54029 10 54072 36 54110 21 54134 7 54146 93 54285 10 54328 35 54367 20 54389 10 54402 93 54542 9 54585 22 54613 6 54623 34 54658 4 54663 95 54798 6 54841 22 54869 6 54879 34 54914 3 54919 96 55097 22 55125 8 55135 138 55353 22 55380 9 55392 137 55609 22 55636 3 55641 4 55648 137 55865 23 55891 4 55897 4 55904 37 55943 98 56121 24 56147 4 56154 3 56161 35 56202 97 56377 23 56403 4 56409 2 56417 36 56458 97 56556 1 56633 18 56659 4 56666 1 56674 38 56714 99 56890 17 56915 2 56931 138 57105 6 57147 15 57167 8 57187 137 57360 7 57403 14 57422 11 57445 28 57475 104 57612 11 57659 13 57677 14 57703 25 57732 102 57867 13 57915 13 57933 14 57961 22 57989 100 58121 16 58171 13 58189 14 58219 18 58245 2 58249 95 58367 1 58376 19 58402 4 58427 14 58444 15 58476 16 58501 2 58505 94 58622 31 58655 9 58683 8 58701 14 58736 1 58762 91 58870 3 58875 45 58939 6 58957 14 59018 90 59126 51 59197 3 59213 14 59274 88 59382 51 59467 15 59531 86 59637 14 59653 38 59716 23 59787 88 59894 12 59909 39 59971 26 60043 88 60150 12 60168 38 60209 6 60225 35 60298 89 60405 13 60425 47 60481 36 60554 88 60661 12 60681 50 60737 39 60810 88 60909 3 60918 10 60937 50 60993 39 61066 89 61163 5 61174 10 61195 48 61248 41 61322 91 61418 5 61430 12 61451 49 61504 42 61578 101 61687 15 61707 48 61760 43 61832 104 61945 14 61963 48 62017 42 62089 103 62201 15 62217 17 62237 31 62270 46 62342 106 62456 34 62493 80 62597 108 62711 34 62747 82 62853 108 62965 120 63108 109 63219 1 63221 18 63242 6 63253 89 63363 110 63475 20 63498 5 63509 90 63618 54 63674 55 63732 19 63753 8 63765 90 63864 1 63873 54 63930 53 63989 30 64022 89 64130 53 64185 36 64222 17 64245 31 64281 6 64289 79 64386 109 64501 31 64537 4 64546 78 64643 108 64757 14 64774 13 64793 3 64805 76 64900 108 65015 12 65030 13 65048 4 65061 76 65156 108 65271 9 65281 3 65286 13 65303 6 65313 3 65317 76 65413 96 65511 9 65528 8
461675,0 65536
468422,0 65536
470274,0 46 49 6 64 3 81 63 193 94 291 3 338 61 462 37 504 38 547 2 594 61 719 35 761 36 802 2 850 61 976 34 1017 36 1057 3 1106 61 1232 35 1272 37 1311 9 1326 8 1363 60 1489 36 1529 35 1567 9 1582 9 1621 58 1746 36 1785 34 1822 13 1838 10 1877 59 2003 70 2078 13 2093 12 2133 60 2259 70 2331 32 2387 62 2515 70 2586 35 2643 62 2772 37 2811 67 2896 65 3029 34 3068 67 3151 66 3285 34 3325 66 3402 2 3407 66 3541 28 3571 3 3583 64 3658 72 3797 28 3827 3 3839 65 3914 74 4051 30 4082 2 4095 65 4170 75 4253 4 4305 32 4338 2 4352 64 4426 89 4561 31 4608 64 4682 2 4687 84 4817 31 4864 63 4945 83 5072 31 5120 63 5201 84 5328 31 5376 63 5459 82 5583 32 5631 64 5715 82 5839 28 5887 14 5903 58 5972 81 6095 28 6139 18 6159 62 6228 80 6350 28 6395 19 6416 64 6485 78 6605 30 6651 19 6673 63 6742 77 6861 30 6907 20 6930 62 6998 77 7117 31 7163 20 7187 61 7253 78 7373 32 7419 1 7421 18 7445 60 7509 77 7628 35 7677 18 7702 59 7765 77 7884 35 7933 18 7959 58 8021 76 8139 38 8189 18 8215 58 8277 76 8395 38 8445 18 8471 58 8532 77 8651 38 8701 18 8727 58 8789 75 8907 38 8960 14 8984 58 9045 74 9163 38 9216 14 9240 59 9301 74 9418 39 9472 15 9496 60 9557 74 9673 39 9728 16 9752 60 9814 73 9929 38 9984 17 10009 60 10070 72 10184 39 10240 17 10265 12 10278 119 10440 38 10496 19 10521 10 10534 119 10695 38 10752 19 10777 132 10951 38 11008 20 11034 131 11207 37 11264 21 11291 130 11463 36 11520 21 11549 127 11718 36 11776 21 11805 127 11974 36 12032 20 12061 127 12230 35 12288 20 12317 127 12485 36 12544 19 12573 127 12723 2 12728 1 12742 35 12800 19 12829 127 12978 8 12999 35 13056 19 13086 126 13232 11 13255 36 13312 18 13341 83 13425 43 13487 12 13511 36 13568 17 13596 69 13666 11 13683 41 13742 14 13768 35 13821 19 13852 69 13923 8 13940 40 13998 14 14024 36 14075 19 14107 72 14183 1 14197 38 14253 15 14281 35 14330 19 14362 73 14453 38 14509 16 14537 36 14585 19 14617 74 14711 35 14766 13 14794 35 14840 20 14872 75 14967 34 15023 12 15051 34 15095 18 15127 77 15226 3 15231 26 15279 10 15307 35 15349 19 15383 78 15490 23 15535 10 15563 35 15604 19 15639 82 15745 24 15792 7 15821 57 15895 83 16001 24 16049 4 16077 56 16151 83 16257 23 16334 55 16407 84 16512 24 16591 54 16664 83 16768 23 16847 54 16920 83 17024 23 17103 54 17177 58 17237 22 17280 23 17360 53 17434 57 17494 21 17536 23 17616 53 17691 56 17751 20 17791 23 17872 53 17947 55 18007 20 18047 23 18129 47 18177 3 18202 57 18261 22 18295 2 18303 22 18386 46 18433 3 18443 2 18457 84 18550 6 18557 24 18642 46 18689 15 18713 85 18805 31 18867 4 18883 3 18897 49 18947 14 18968 87 19061 31 19123 8 19139 4 19153 49 19205 106 19317 30 19377 12 19394 6 19410 48 19460 108 19573 30 19633 14 19649 2 19652 3 19667 158 19829 28 19888 17 19924 157 20085 28 20144 17 20181 156 20341 28 20399 18 20441 152 20597 27 20655 18 20699 150 20851 28 20910 20 20962 173 21166 19 21220 153 21377 2 21381 8 21421 21 21477 151 21677 21 21733 150 21933 21 21990 149 22189 22 22247 150 22445 22 22503 150 22701 22 22760 69 22833 78 22957 22 22993 5 23017 68 23090 78 23213 23 23248 7 23274 67 23347 78 23469 23 23503 11 23530 69 23603 78 23725 22 23759 12 23786 69 23861 17 23879 60 23981 22 24015 12 24042 70 24117 16 24136 59 24237 22 24271 12 24298 73 24375 14 24393 62 24493 22 24526 17 24553 75 24633 78 24748 23 24781 18 24809 159 25004 23 25036 21 25065 159 25260 23 25291 22 25321 160 25517 21 25547 23 25576 161 25773 21 25801 26 25832 161 26029 20 26053 30 26087 162 26285 20 26309 30 26344 161 26541 19 26563 34 26599 162 26797 19 26819 197 27054 17 27073 199 27311 16 27329 115 27445 83 27568 15 27585 53 27642 50 27693 2 27696 4 27701 83 27824 14 27841 52 27898 49 27954 1 27959 80 28082 11 28097 49 28154 49 28216 79 28339 10 28353 48 28409 51 28470 63 28545 4 28595 10 28608 49 28665 52 28725 62 28853 7 28863 51 28920 53 28981 61 29120 51 29176 53 29237 60 29378 50 29432 52 29494 57 29633 107 29750 55 29889 106 30007 53 30143 108 30263 52 30399 107 30520 51 30655 107 30777 48 30911 106 31034 47 31166 107 31290 47 31422 93 31518 4 31525 4 31538 54 31678 59 31739 32 31774 3 31781 4 31793 54 31934 59 31995 1 31998 29 32030 3 32049 53 32191 61 32254 30 32286 2 32304 53 32447 61 32510 30 32559 54 32704 92 32815 54 32960 93 33056 1 33071 54 33217 94 33312 1 33326 55 33473 102 33581 54 33643 2 33730 161 33898 3 33987 156 34153 5 34244 150 34409 5 34501 148 34666 3 34757 148 34922 3 35013 148 35178 3 35232 3 35268 151 35485 7 35524 152 35736 2 35739 10 35779 153 35992 13 36035 154 36248 15 36291 154 36504 15 36546 155 36760 15 36800 157 37017 14 37055 158 37273 14 37310 159 37529 14 37566 103 37673 52 37786 13 37822 102 37933 47 38041 14 38077 104 38191 45 38279 4 38297 14 38325 2 38330 70 38401 35 38451 41 38535 5 38553 15 38581 3 38585 71 38659 33 38711 1 38717 30 38789 12 38808 16 38835 77 38915 32 38973 30 39045 14 39063 16 39091 77 39171 32 39230 19 39253 3 39301 34 39347 77 39427 32 39487 16 39557 34 39603 77 39684 1 39687 29 39744 12 39812 35 39858 21 39881 4 39887 49 39944 28 40000 10 40068 35 40114 21 40143 49 40201 27 40258 7 40324 36 40371 16 40400 48 40457 27 40515 5 40580 36 40627 15 40657 47 40714 25 40836 37 40884 15 40913 47 40971 24 41092 37 41140 16 41171 45 41227 22 41348 37 41397 16 41429 43 41484 21 41605 36 41653 16 41686 42 41742 17 41861 35 41909 17 41947 2 41950 34 41999 14 42117 35 42164 19 42207 33 42259 5 42372 36 42420 20 42463 33 42628 37 42676 21 42720 32 42885 36 42933 20 42976 32 43141 36 43189 21 43233 31 43397 36 43445 22 43489 31 43653 36 43701 22 43746 30 43910 35 43957 22 44005 27 44166 34 44213 22 44266 5 44272 16 44422 33 44470 21 44523 1 44529 15 44678 33 44726 21 44787 13 44934 33 44982 21 45041 15 45189 34 45238 21 45296 16 45422 11 45445 34 45493 22 45551 17 45677 12 45701 34 45749 22 45807 17 45931 15 45957 34 46005 21 46061 19 46185 17 46213 34 46261 21 46317 19 46439 19 46469 34 46516 21 46572 20 46695 19 46726 33 46771 22 46827 21 46949 21 46972 5 46982 33 47026 23 47083 21 47203 23 47227 8 47238 33 47281 23 47339 21 47457 24 47483 9 47494 33 47533 27 47595 21 47713 24 47740 8 47751 32 47789 27 47851 28 47968 24 47996 9 48007 31 48045 26 48107 28 48224 23 48252 9 48263 30 48301 26 48363 30 48407 11 48480 23 48508 9 48519 30 48557 26 48619 33 48662 13 48710 6 48735 24 48765 8 48775 27 48813 26 48875 34 48916 16 48963 10 48992 23 49033 18 49069 27 49131 36 49171 20 49217 13 49248 23 49289 18 49324 28 49387 64 49472 15 49504 24 49548 13 49579 30 49640 68 49728 15 49760 24 49805 11 49835 31 49896 71 49984 16 50017 23 50064 5 50091 32 50151 72 50240 16 50273 23 50347 33 50405 78 50495 18 50531 21 50603 34 50660 79 50751 18 50787 21 50859 35 50916 78 51007 19 51043 20 51115 36 51172 79 51263 20 51299 20 51371 36 51427 80 51519 20 51555 21 51628 36 51683 81 51775 20 51811 21 51885 35 51939 80 52023 2 52030 21 52066 22 52142 33 52199 50 52250 25 52279 5 52285 23 52321 23 52399 32 52455 49 52509 19 52533 31 52573 26 52656 31 52703 2 52710 49 52765 18 52789 9 52799 21 52828 27 52913 29 52959 3 52965 47 53014 1 53024 13 53047 4 53056 21 53083 1 53085 26 53170 27 53203 4 53209 58 53270 1 53279 13 53303 3 53311 22 53342 25 53427 26 53456 50 53507 16 53535 12 53559 1 53568 21 53592 1 53598 27 53683 25 53711 50 53764 15 53791 11 53814 1 53824 20 53854 27 53939 25 53965 51 54023 10 54047 8 54069 2 54081 16 54111 28 54196 23 54220 52 54279 10 54301 7 54326 1 54337 16 54367 28 54452 76 54537 6 54557 8 54593 14 54623 6 54630 22 54709 75 54795 2 54813 8 54849 13 54879 4 54890 18 54965 52 55019 21 55068 8 55105 12 55147 5 55155 9 55221 52 55275 21 55323 8 55362 5 55369 3 55403 5 55411 8 55477 52 55531 23 55583 2 55605 2 55627 2 55659 5 55668 7 55734 52 55787 24 55861 3 55914 6 55924 7 55991 51 56043 25 56091 1 56116 4 56168 8 56180 7 56247 78 56347 2 56372 3 56423 9 56436 7 56504 78 56628 2 56679 9 56693 4 56762 76 56884 2 56935 9 56950 3 57019 60 57080 15 57140 1 57192 7 57274 61 57336 15 57449 6 57530 61 57592 15 57784 61 57849 14 58040 61 58105 14 58294 64 58361 14 58549 81 58804 81 59059 81 59315 73 59389 7 59571 73 59645 6 59825 82 60081 82 60335 84 60591 83 60845 85 61101 85 61356 86 61611 87 61867 82 61952 2 62123 82 62208 1 62289 2 62379 82 62464 1 62545 3 62635 82 62720 1 62801 3 62891 81 63058 1 63147 81 63405 78 63661 79 63897 6 63918 82 64152 8 64174 82 64407 11 64431 81 64663 12 64687 83 64918 13 64944 82 65174 13 65201 79 65281 2 65431 12 65457 78
474754,14 13 41 7 65 52 227 7 271 12 297 7 327 16 345 24 484 5 527 12 553 7 583 16 601 24 740 5 783 12 808 9 839 41 996 4 1039 13 1064 9 1094 42 1253 3 1295 14 1319 10 1345 2 1349 42 1552 13 1575 11 1605 17 1623 24 1808 15 1831 12 1862 14 1880 23 1915 1 2065 15 2087 12 2119 13 2136 23 2171 1 2321 16 2343 12 2375 10 2393 22 2577 16 2599 12 2632 9 2649 22 2834 16 2857 8 2891 5 2906 21 3090 16 3114 6 3149 2 3162 21 3347 13 3419 20 3604 11 3676 19 3841 1 3861 7 3934 16 4096 2 4118 4 4193 2 4198 7 4339 2 4352 2 4356 4 4593 8 4607 1 4612 5 4849 11 4862 12 4979 4 5103 28 5234 7 5359 28 5488 9 5615 28 5692 3 5744 10 5871 29 5905 6 5946 7 5999 11 6127 29 6160 8 6201 8 6255 11 6383 29 6415 11 6439 2 6456 11 6511 10 6639 28 6671 12 6694 4 6712 11 6766 11 6895 29 6927 13 6949 6 6967 13 7022 10 7067 5 7104 2 7152 28 7182 15 7205 6 7223 14 7278 9 7323 6 7359 4 7408 28 7438 15 7460 8 7477 17 7535 6 7577 10 7613 8 7649 3 7665 26 7694 15 7715 9 7733 17 7774 4 7791 5 7831 12 7846 3 7869 8 7905 4 7922 25 7951 15 7971 10 7989 18 8029 7 8085 22 8125 8 8160 6 8181 22 8207 15 8227 10 8245 18 8285 7 8340 24 8381 8 8399 4 8415 8 8439 11 8451 8 8464 14 8483 10 8501 18 8540 9 8595 26 8637 8 8653 7 8671 9 8696 8 8708 7 8720 14 8739 10 8757 18 8796 9 8851 26 8893 8 8908 9 8927 9 8952 8 8966 5 8977 12 8996 9 9013 18 9052 9 9107 25 9149 8 9163 10 9183 10 9209 7 9223 4 9235 10 9252 9 9269 18 9308 9 9363 25 9405 7 9419 10 9439 10 9465 7 9493 8 9512 4 9529 14 9564 10 9618 22 9663 4 9675 10 9695 10 9723 5 9751 4 9769 2 9786 13 9820 10 9874 21 9920 3 9931 10 9951 11 9979 5 10043 12 10077 9 10130 21 10189 8 10209 9 10236 4 10299 12 10333 8 10386 21 10445 8 10471 2 10493 3 10557 9 10592 5 10642 21 10703 5 10750 2 10814 7 10849 3 10898 21 10962 1 11006 2 11074 1 11155 21 11411 21 11669 19 11927 16 12187 12 12445 8 12669 1 12925 2 14355 4 14609 8 14625 2 14864 9 14881 2 15119 11 15307 6 15339 2 15375 10 15410 3 15435 2 15562 8 15593 5 15630 11 15665 6 15689 6 15818 9 15849 5 15886 11 15920 8 15945 6 16074 9 16104 6 16142 9 16176 9 16200 8 16330 10 16360 6 16399 8 16432 9 16456 8 16586 10 16616 6 16656 5 16688 9 16712 8 16842 10 16873 6 16945 8 16968 9 17098 10 17129 6 17202 6 17224 9 17355 8 17385 5 17459 4 17481 7 17611 8 17641 4 17717 1 17738 5 17869 4 17995 4 18126 2 19923 4 20178 5 20433 7 20481 1 20664 3 20689 7 20771 3 20917 8 20944 8 21026 5 21043 2 21173 8 21200 8 21281 7 21297 7 21427 10 21457 7 21537 7 21552 9 21683 10 21713 7 21793 8 21808 11 21899 4 21939 10 21971 2 22048 9 22064 11 22155 5 22195 9 22305 8 22320 12 22390 6 22410 6 22451 8 22501 4 22561 8 22577 11 22645 8 22667 5 22707 6 22756 6 22817 7 22833 12 22900 10 22923 5 22964 4 23012 7 23074 6 23089 11 23155 11 23180 3 23222 1 23268 7 23347 9 23395 4 23410 13 23436 3 23525 6 23604 7 23650 6 23666 13 23684 1 23692 3 23781 6 23905 8 23921 24 23947 2 24161 8 24177 25 24417 8 24433 25 24673 7 24689 24 24930 5 24945 24 25187 2 25201 24 25458 23 25714 12 25727 10 25971 10 25985 8 26110 2 26227 10 26241 8 26365 3 26485 6 26499 4 26619 5 26741 5 26875 5 27131 5 27387 5 27643 5 27899 5 28155 5 28411 5 28667 5 28884 3 28923 5 29139 6 29179 5 29394 7 29435 5 29650 9 29690 6 29905 10 29945 7 30161 10 30200 8 30417 11 30456 8 30674 10 30711 9 30931 9 30967 9 31188 9 31223 9 31445 7 31478 10 31702 5 31734 10 31958 3 31989 11 32245 11 32502 10 32753 15 33008 16 33179 6 33264 16 33435 6 33521 15 33690 9 33775 17 33945 10 34028 20 34201 10 34277 1 34281 1 34284 20 34458 8 34542 18 34715 5 34801 15 35057 15 35293 1 35296 3 35300 2 35313 1 35315 13 35546 13 35570 14 35795 25 35826 14 36051 26 36080 16 36305 47 36559 49 36803 1 36805 59 37053 67 37307 69 37561 71 37814 74 38069 75 38325 75 38581 75 38837 75 39093 75 39348 76 39603 77 39738 5 39799 5 39858 78 39993 7 40055 7 40113 79 40249 8 40309 16 40369 79 40504 8 40565 18 40625 79 40758 8 40791 6 40820 21 40880 80 41013 9 41044 9 41074 24 41135 81 41269 11 41299 10 41328 27 41391 81 41526 9 41555 9 41583 28 41647 81 41770 9 41782 8 41813 7 41837 31 41903 81 42025 10 42038 8 42071 5 42092 32 42159 81 42281 22 42347 33 42416 80 42537 22 42562 1 42603 33 42672 80 42793 32 42859 32 42928 80 43048 33 43115 32 43184 80 43287 6 43304 35 43354 5 43365 1 43371 32 43439 81 43541 8 43560 35 43610 6 43621 2 43627 31 43694 82 43797 8 43815 36 43866 11 43878 3 43883 28 43949 83 44053 8 44069 38 44121 12 44134 33 44204 84 44308 9 44323 41 44377 12 44390 31 44459 85 44564 9 44579 42 44632 15 44649 28 44715 85 44819 11 44832 45 44887 15 44906 25 44959 1 44962 95 45073 60 45143 16 45163 22 45213 100 45327 62 45398 17 45420 18 45467 102 45583 62 45654 17 45676 17 45721 105 45838 64 45910 17 45933 15 45969 4 45976 106 46084 1 46093 65 46166 17 46189 14 46224 6 46231 108 46340 1 46348 66 46423 20 46478 116 46604 66 46680 22 46734 116 46859 67 46937 21 46989 117 47115 67 47195 20 47244 118 47371 66 47452 19 47499 119 47627 66 47711 16 47755 118 47882 65 47968 15 48011 117 48137 64 48224 16 48267 117 48393 61 48480 17 48525 115 48649 60 48736 17 48781 115 48905 60 48992 18 49038 114 49161 5 49167 53 49249 18 49295 113 49419 1 49423 52 49505 18 49552 112 49675 1 49679 52 49761 18 49809 111 49929 1 49931 55 50017 18 50065 111 50185 57 50273 18 50321 111 50441 57 50530 16 50576 112 50697 56 50787 14 50832 112 50953 56 51043 13 51087 113 51209 57 51299 12 51343 113 51463 59 51559 1 51600 112 51719 59 51856 112 51976 59 52113 111 52232 59 52369 111 52488 59 52627 109 52744 59 52883 109 53000 33 53035 26 53140 108 53256 31 53291 27 53396 108 53513 29 53548 26 53653 107 53771 26 53806 24 53909 108 54027 25 54065 21 54165 108 54280 28 54321 21 54421 109 54534 29 54577 20 54677 109 54789 30 54833 20 54933 108 55044 31 55088 21 55132 5 55189 109 55299 34 55342 22 55388 6 55444 147 55593 26 55643 8 55700 175 55899 9 55955 175 56154 10 56211 175 56410 10 56468 174 56667 9 56724 13 56739 157 56923 8 56979 10 56995 124 57121 31 57179 8 57234 13 57251 124 57377 31 57435 9 57488 15 57506 158 57691 10 57741 18 57761 159 57947 10 57995 183 58203 10 58249 186 58460 8 58503 192 58719 3 58757 147 58906 2 58909 43 59013 147 59162 1 59165 44 59269 149 59420 45 59525 197 59781 198 60037 146 60186 50 60292 146 60441 1 60443 49 60548 145 60699 50 60803 136 60940 9 60955 50 61059 134 61197 8 61211 52 61314 135 61453 8 61468 51 61569 136 61709 8 61724 55 61824 138 61965 7 61981 56 62079 150 62237 60 62319 12 62333 153 62493 62 62571 149 62721 1 62723 20 62744 2 62748 65 62821 1 62824 152 62977 1 62979 90 63078 250 63331 1949 65281 255
478603,0 65536
487585,0 78 125 37 201 2 205 50 256 75 383 34 465 32 500 88 639 34 721 31 758 87 893 36 977 31 1014 87 1149 36 1233 31 1269 90 1405 36 1490 126 1663 6 1671 26 1747 126 1931 21 2003 126 2189 19 2257 128 2447 16 2511 130 2704 15 2765 132 2961 13 3019 134 3218 11 3273 135 3475 10 3527 137 3731 9 3783 137 3989 6 4038 138 4245 5 4293 138 4549 138 4805 137 5061 137 5317 136 5574 135 5830 135 6087 134 6343 133 6600 132 6856 132 7114 130 7371 129 7627 129 7884 129 8141 130 8397 132 8653 133 8909 135 9165 142 9421 152 9671 158 9927 160 10182 162 10438 163 10694 164 10950 165 11206 9 11218 153 11462 8 11475 153 11719 6 11733 151 11975 6 11991 150 12232 4 12250 147 12506 147 12763 146 13019 146 13276 145 13533 144 13789 144 14047 142 14304 142 14561 141 14818 140 15075 139 15276 5 15333 137 15531 8 15590 137 15784 12 15848 135 16039 14 16104 136 16293 16 16361 135 16548 17 16617 135 16801 20 16873 135 17054 23 17129 135 17308 26 17386 134 17563 27 17642 133 17817 29 17893 2 17899 132 18073 29 18155 131 18328 29 18411 130 18584 29 18668 129 18840 29 18925 128 19096 29 19181 128 19352 29 19437 128 19608 29 19693 128 19864 29 19949 47 19998 57 20059 18 20120 29 20206 45 20255 53 20315 18 20376 29 20461 45 20512 53 20566 1 20570 19 20632 29 20717 44 20769 75 20889 27 20965 3 20969 47 21025 75 21145 27 21221 50 21282 39 21327 28 21402 25 21476 49 21539 36 21582 29 21659 23 21732 48 21795 33 21835 32 21915 22 21957 6 21987 49 22052 27 22091 32 22171 21 22213 8 22243 48 22309 8 22319 14 22348 31 22428 17 22467 12 22497 50 22565 8 22576 12 22603 32 22685 13 22722 15 22753 50 22821 6 22833 8 22859 32 22943 6 22977 18 22999 5 23007 52 23079 1 23089 3 23093 3 23114 33 23201 3 23231 21 23255 6 23263 52 23370 33 23485 86 23627 32 23740 87 23883 32 23993 90 24139 32 24249 90 24395 32 24503 92 24651 32 24757 92 24908 31 25009 96 25165 30 25264 97 25421 31 25519 97 25678 31 25775 97 25935 32 26031 96 26191 33 26287 96 26449 33 26543 95 26707 38 26800 93 26963 40 27043 6 27056 93 27175 2 27219 40 27298 9 27313 92 27427 9 27477 39 27539 5 27549 16 27569 92 27680 13 27733 40 27793 30 27824 93 27933 18 27991 43 28035 6 28042 131 28188 19 28247 182 28442 21 28485 6 28503 184 28697 22 28723 2 28740 8 28759 185 28952 23 28994 12 29014 187 29207 24 29250 13 29270 217 29501 243 29757 244 30012 245 30267 245 30523 245 30779 244 31035 244 31290 82 31374 159 31545 82 31632 157 31801 82 31891 154 32057 82 32148 153 32312 83 32397 1 32405 154 32567 87 32664 247 32928 240 33186 238 33442 238 33699 237 33955 74 34033 160 34211 74 34295 154 34466 75 34552 153 34712 85 34809 152 34967 86 35067 150 35223 86 35327 146 35479 86 35584 145 35734 87 35840 145 35990 87 36096 145 36246 89 36352 145 36502 89 36608 145 36758 89 36864 147 37013 91 37120 84 37207 153 37376 2 37381 80 37463 154 37639 234 37895 235 38153 234 38409 234 38667 232 38923 233 39181 231 39437 231 39693 231 39949 231 40205 231 40461 231 40717 230 40973 230 41229 230 41485 230 41741 32 41776 197 41997 31 42033 196 42253 31 42289 196 42509 30 42546 196 42766 27 42803 195 43021 28 43059 195 43277 28 43315 195 43533 27 43571 195 43788 28 43827 194 44044 29 44082 195 44299 29 44337 197 44555 29 44593 197 44811 29 44848 199 45067 29 45103 200 45323 29 45359 200 45579 28 45615 200 45835 28 45869 201 46091 28 46124 202 46347 27 46379 202 46603 26 46635 202 46858 27 46890 203 47104 2 47114 26 47145 204 47360 5 47369 27 47400 205 47616 5 47625 88 47717 144 47872 96 47975 142 48128 96 48232 141 48384 96 48488 141 48640 96 48744 142 48896 96 48999 145 49152 97 49255 146 49408 96 49510 149 49664 95 49765 150 49920 94 50019 152 50176 93 50275 152 50432 93 50531 152 50688 93 50787 152 50944 249 51200 31 51234 1 51237 212 51456 28 51493 212 51712 28 51750 211 51968 28 52009 208 52224 28 52265 208 52480 35 52523 206 52736 36 52779 206 52992 39 53037 204 53248 40 53295 201 53504 41 53553 55 53611 137 53760 41 53810 53 53872 129 54016 43 54066 53 54130 124 54272 43 54322 52 54387 122 54528 43 54576 53 54643 122 54784 44 54831 54 54899 122 55040 101 55153 124 55296 101 55408 125 55552 101 55663 125 55808 102 55919 124 56064 103 56173 125 56320 104 56429 124 56576 193 56772 37 56832 193 57031 33 57088 184 57273 7 57289 31 57344 183 57531 4 57547 29 57600 183 57806 26 57856 184 58067 21 58112 185 58331 13 58368 185 58589 11 58624 187 58849 6 58880 187 59136 189 59392 189 59648 190 59904 191 60160 191 60416 191 60672 191 60928 191 61184 191 61440 191 61696 192 61952 192 62208 193 62464 194 62720 195 62976 196 63232 197 63488 197 63744 198 64000 199 64256 199 64512 199 64768 201 65024 201 65280 201
487629,0 19 27 18 63 210 284 17 319 64 385 144 539 18 575 64 642 143 795 18 832 61 899 142 1050 19 1088 61 1157 2 1161 136 1305 20 1344 59 1415 138 1561 20 1600 59 1670 167 1857 58 1926 5 1935 158 2113 58 2182 5 2191 158 2369 57 2439 4 2447 158 2626 55 2695 4 2703 157 2883 42 2931 4 2959 157 3139 42 3215 154 3396 40 3472 153 3652 40 3728 151 3909 39 3984 150 4165 38 4240 112 4353 35 4422 37 4496 112 4615 2 4618 24 4678 37 4752 112 4877 19 4934 36 5008 112 5133 18 5191 35 5264 112 5389 17 5447 34 5520 112 5645 16 5703 34 5776 112 5900 17 5959 8 5975 17 6031 113 6156 17 6216 7 6232 15 6287 113 6411 18 6475 2 6489 13 6541 115 6667 19 6745 12 6797 115 6923 20 7051 117 7179 21 7307 117 7435 21 7487 9 7562 118 7691 21 7742 11 7818 118 7947 21 7997 13 8073 119 8204 20 8253 14 8329 119 8462 17 8508 16 8584 120 8720 14 8764 16 8840 120 8983 5 9020 17 9071 6 9096 120 9276 17 9326 9 9351 121 9533 18 9581 11 9607 121 9789 18 9835 14 9862 122 10046 17 10091 14 10115 125 10303 15 10346 17 10367 129 10560 13 10602 150 10816 11 10858 150 11072 11 11115 149 11328 10 11371 149 11585 8 11628 148 11841 8 11885 147 12097 7 12141 147 12354 5 12397 147 12553 3 12653 147 12809 4 12909 147 13065 4 13165 147 13321 4 13421 147 13676 148 13931 149 14187 149 14443 149 14699 149 14955 149 15212 148 15468 148 15725 147 15982 146 16240 144 16497 143 16701 3 16755 141 16956 5 17010 142 17211 6 17264 144 17467 6 17519 145 17723 6 17775 145 17980 4 18030 146 18285 147 18541 147 18797 147 19052 148 19307 149 19563 149 19818 150 20074 150 20329 151 20585 151 20830 2 20842 150 21085 4 21098 150 21339 8 21354 150 21594 9 21610 150 21849 12 21863 153 22104 168 22359 169 22615 169 22871 169 23127 169 23383 169 23639 169 23895 169 24151 169 24408 168 24665 167 24921 167 25178 166 25435 165 25691 165 25948 164 26204 164 26461 163 26717 163 26973 163 27229 163 27483 1 27491 157 27747 157 28003 157 28259 157 28511 1 28514 158 28767 161 29024 160 29281 159 29539 157 29795 157 30051 157 30308 156 30564 156 30820 156 31077 155 31332 156 31582 162 31838 162 32073 183 32328 184 32583 185 32839 185 33095 185 33351 185 33607 185 33864 184 34121 183 34379 181 34639 177 34897 175 35106 6 35153 175 35360 9 35410 174 35589 8 35613 14 35668 172 35843 13 35868 15 35925 194 36123 16 36184 193 36379 16 36442 210 36705 203 36962 203 37219 202 37475 204 37731 204 37987 205 38245 203 38501 203 38757 203 39013 204 39270 5 39278 195 39527 2 39534 195 39790 195 40046 195 40302 195 40558 196 40814 197 41071 196 41328 195 41584 196 41841 195 42098 196 42357 194 42616 193 42873 192 43129 194 43386 67 43457 122 43642 65 43713 123 43899 56 43971 121 44155 54 44228 121 44415 48 44486 119 44670 49 44743 119 44925 3 44931 45 45001 118 45181 3 45187 45 45259 116 45445 46 45517 115 45701 46 45773 116 45959 45 46030 115 46216 45 46286 117 46473 44 46542 117 46729 44 46799 117 46987 42 47055 117 47243 42 47312 116 47495 1 47499 43 47579 105 47749 49 47836 105 47991 8 48003 52 48095 102 48247 64 48353 100 48503 64 48613 96 48759 64 48869 96 49015 63 49126 96 49271 63 49383 95 49526 63 49639 20 49664 70 49782 63 49895 20 49920 71 50037 63 50151 18 50176 71 50291 65 50407 18 50432 72 50546 65 50664 16 50688 72 50801 66 50920 15 50944 74 51057 66 51177 11 51200 75 51313 66 51435 7 51456 75 51568 67 51712 75 51824 67 51968 75 52080 67 52224 76 52335 68 52480 76 52591 68 52736 77 52847 69 52992 77 53103 69 53248 77 53359 70 53504 78 53614 71 53760 79 53869 73 54016 33 54050 44 54124 75 54272 33 54307 43 54379 76 54493 2 54528 77 54633 78 54747 8 54784 77 54888 79 55002 9 55040 76 55143 80 55259 7 55296 40 55337 35 55398 81 55515 7 55552 41 55594 33 55653 81 55771 7 55808 75 55909 81 56027 6 56064 43 56111 27 56164 82 56283 6 56320 43 56368 25 56420 82 56539 6 56576 42 56626 21 56675 82 56795 4 56832 41 56883 20 56931 82 57088 37 57140 17 57187 82 57344 33 57397 8 57443 82 57600 29 57699 82 57856 10 57878 6 57955 81 58112 5 58211 81 58353 6 58467 81 58609 6 58723 80 58864 9 58979 79 59119 10 59235 78 59375 10 59491 78 59632 9 59748 78 59889 7 60005 78 60145 7 60268 71 60405 3 60525 72 60661 2 60782 72 61038 73 61295 72 61551 72 61807 73 62063 73 62318 74 62574 74 62831 73 63087 73 63344 71 63601 70 63857 70 64114 69 64371 68 64628 67 64885 66 65141 66 65397 66
489967,0 65536
490941,0 59 97 7 121 2 133 180 392 177 651 174 907 175 1163 176 1378 2 1418 177 1605 2 1633 6 1674 179 1861 2 1871 13 1885 9 1929 1 1931 179 2127 24 2186 181 2373 1 2383 25 2442 182 2627 3 2639 26 2699 182 2882 2 2895 28 2926 6 2955 184 3147 42 3210 238 3465 239 3720 241 3975 242 4229 246 4485 246 4741 246 4994 249 5249 251 5504 252 5758 64 5824 253 6079 668 6749 251 7007 247 7263 85 7349 158 7519 85 7605 158 7777 2 7783 76 7860 157 8043 229 8299 229 8555 229 8812 228 9070 226 9322 2 9326 227 9571 1 9578 1 9581 228 9827 1 9837 228 10094 229 10350 229 10606 230 10861 234 11117 234 11372 237 11629 239 11885 243 12141 244 12397 246 12653 95 12751 148 12909 93 13008 147 13165 92 13259 153 13421 91 13515 154 13677 92 13770 5 13778 147 13933 98 14035 147 14191 89 14282 5 14290 149 14447 89 14538 157 14705 248 14961 250 15217 251 15473 89 15564 160 15729 89 15820 161 15985 276 16263 254 16518 240 16759 13 16773 242 17016 11 17029 30 17060 223 17285 28 17315 225 17541 28 17571 47965
491029,0 49623 49625 240 49868 11 49881 240 50125 10 50137 240 50381 1520 51907 4075 55983 250 56240 6 56247 242 56495 6 56503 1263 57769 252 58027 250 58284 249 58535 2 58539 571 59111 2294 61406 4130
494025,1 46 61 1 128 127 257 1 260 1 269 34 384 119 507 5 525 34 641 118 763 5 781 34 896 119 1019 5 1036 35 1152 119 1275 5 1288 39 1407 118 1531 5 1543 40 1663 118 1787 5 1796 44 1919 118 2043 5 2051 45 2175 118 2299 5 2307 46 2430 118 2555 5 2563 47 2685 119 2811 5 2819 48 2919 4 2941 119 3067 5 3075 48 3174 7 3197 118 3324 4 3330 49 3429 10 3453 118 3582 2 3586 49 3685 10 3709 118 3838 2 3841 50 3941 12 3964 119 4095 1 4097 50 4196 15 4220 119 4351 52 4451 17 4475 119 4608 51 4707 18 4731 118 4865 50 4959 25 4987 118 5121 50 5215 25 5243 118 5378 49 5470 27 5498 119 5634 49 5725 148 5890 49 5982 146 6145 51 6238 127 6368 15 6400 52 6495 126 6625 14 6656 52 6752 124 6882 11 6912 51 7010 121 7140 7 7168 51 7266 121 7397 6 7424 51 7521 120 7680 51 7777 120 7936 51 8032 119 8192 51 8283 123 8448 51 8537 122 8704 50 8793 40 8835 79 8960 49 9047 42 9092 77 9216 47 9303 42 9349 75 9472 45 9543 3 9556 45 9606 74 9728 44 9797 6 9809 48 9862 22 9886 49 9984 43 10051 10 10063 51 10117 21 10145 45 10240 23 10264 3 10270 11 10307 86 10401 2 10405 39 10496 23 10527 8 10562 87 10661 35 10752 23 10783 2 10818 86 10917 34 11003 1 11008 22 11062 98 11170 38 11259 1 11264 22 11318 98 11425 39 11515 1 11520 23 11573 99 11681 39 11776 23 11829 99 11938 38 12032 23 12085 100 12187 1 12193 39 12288 23 12341 147 12544 24 12597 147 12800 25 12854 146 13056 25 13111 144 13312 25 13368 143 13568 26 13625 40 13669 98 13806 3 13824 27 13881 40 13925 97 14062 4 14080 27 14137 40 14179 99 14317 5 14333 32 14393 40 14437 96 14573 6 14587 36 14649 41 14693 96 14828 7 14843 36 14905 41 14949 95 15085 5 15098 45 15161 41 15203 96 15352 49 15417 108 15528 27 15608 52 15673 102 15786 25 15863 54 15929 102 16042 24 16119 60 16184 95 16299 23 16374 61 16440 94 16557 20 16630 63 16696 93 16814 9 16826 5 16885 64 16953 91 17071 7 17141 66 17209 88 17329 3 17397 155 17651 154 17905 155 18161 152 18416 152 18671 149 18927 148 19183 147 19439 146 19695 146 19949 148 20204 148 20459 148 20715 147 20970 147 21225 148 21481 147 21737 142 21992 143 22247 142 22500 145 22755 36 22797 1 22800 93 23008 39 23057 92 23258 45 23314 91 23513 46 23569 93 23768 48 23825 41 23883 1 23885 33 24024 48 24081 39 24142 31 24280 48 24337 37 24400 30 24536 49 24592 37 24656 31 24784 3 24792 49 24847 37 24913 31 25036 9 25048 92 25169 31 25291 10 25305 90 25427 29 25545 14 25561 91 25683 30 25801 15 25817 93 25940 12 25954 14 26056 19 26077 92 26197 11 26211 13 26312 18 26333 94 26454 9 26469 10 26567 20 26591 93 26711 8 26725 9 26823 20 26847 95 26968 7 26983 5 27072 1 27079 20 27103 96 27225 5 27327 2 27335 20 27359 97 27581 7 27591 21 27616 97 27837 8 27846 22 27873 99 28093 31 28130 99 28349 31 28387 101 28606 34 28643 102 28862 35 28899 104 29119 140 29375 37 29413 104 29535 10 29632 37 29671 102 29789 14 29888 37 29927 103 30045 15 30144 39 30186 100 30301 16 30400 40 30443 16 30461 82 30557 16 30656 41 30701 12 30717 82 30813 16 30913 40 30959 9 30972 82 31069 16 31169 41 31217 6 31227 83 31325 15 31426 40 31474 3 31483 83 31583 12 31683 39 31739 82 31840 10 31917 3 31939 39 31995 82 32171 8 32194 40 32252 81 32427 8 32450 40 32508 80 32681 12 32705 41 32763 80 32875 4 32937 12 32961 41 33019 79 33129 8 33192 15 33216 41 33275 78 33385 9 33447 16 33472 41 33532 63 33596 13 33640 11 33700 20 33728 41 33788 62 33852 12 33896 12 33955 22 33984 41 34043 61 34109 11 34152 13 34209 24 34240 40 34299 60 34365 10 34408 13 34465 24 34496 40 34555 58 34621 10 34664 14 34720 26 34751 42 34810 59 34877 10 34920 15 34976 27 35007 42 35066 59 35135 7 35176 16 35231 28 35264 41 35321 60 35392 5 35432 19 35467 4 35487 28 35521 40 35577 7 35585 53 35687 24 35722 6 35731 11 35743 28 35778 39 35834 6 35841 54 35943 25 35978 49 36034 40 36090 6 36098 18 36119 32 36197 28 36233 50 36291 39 36347 5 36354 18 36375 32 36452 29 36489 50 36547 39 36603 5 36611 16 36631 33 36705 32 36745 50 36803 39 36862 2 36867 16 36885 36 36961 32 37001 50 37059 39 37124 12 37139 38 37215 34 37258 49 37315 39 37381 54 37471 34 37515 47 37571 39 37636 57 37727 34 37771 47 37827 39 37892 59 37983 34 38027 47 38082 40 38147 62 38239 32 38283 47 38338 41 38402 63 38495 30 38540 45 38594 42 38656 66 38751 22 38775 3 38797 44 38850 43 38912 66 39008 20 39053 45 39107 43 39168 65 39265 18 39310 44 39363 44 39424 65 39521 18 39566 44 39619 44 39680 65 39758 14 39777 16 39822 43 39875 45 39936 65 40013 16 40033 16 40077 42 40131 46 40192 64 40269 36 40333 42 40387 46 40447 65 40524 36 40590 41 40642 47 40702 65 40779 37 40846 42 40898 49 40957 66 41035 36 41102 42 41155 48 41213 65 41290 36 41358 43 41411 48 41468 66 41546 36 41614 43 41667 48 41724 65 41802 35 41869 44 41923 48 41979 65 42058 35 42125 44 42179 48 42235 42 42279 12 42314 35 42376 49 42435 47 42489 44 42536 10 42570 35 42631 50 42691 46 42745 44 42794 3 42826 34 42885 52 42947 45 43001 44 43082 34 43141 52 43202 45 43257 46 43331 41 43396 53 43458 41 43512 47 43583 44 43652 53 43714 40 43767 52 43837 46 43907 54 43970 39 44023 53 44093 46 44163 54 44226 38 44279 54 44346 49 44419 53 44482 38 44535 55 44601 50 44675 53 44738 37 44791 56 44856 53 44930 54 44993 38 45046 58 45111 54 45171 5 45185 55 45249 37 45302 59 45366 68 45441 54 45506 35 45557 60 45622 69 45697 54 45763 34 45813 61 45877 72 45951 56 46026 25 46063 68 46133 129 46284 23 46318 198 46543 20 46573 198 46801 16 46828 198 47059 12 47082 200 47300 4 47308 3 47315 11 47338 199 47553 14 47593 107 47703 90 47808 15 47849 105 47961 88 48063 16 48105 104 48218 87 48318 17 48360 106 48476 86 48573 22 48617 104 48733 85 48829 22 48873 104 48991 83 49085 23 49126 108 49247 83 49341 23 49379 112 49503 83 49597 24 49632 115 49759 83 49853 24 49887 116 50015 82 50109 24 50141 119 50271 82 50365 25 50397 119 50527 81 50621 26 50651 120 50783 81 50877 26 50906 121 51037 80 51133 150 51293 78 51390 148 51547 58 51611 10 51647 146 51803 58 51867 10 51903 100 52007 42 52058 58 52125 5 52161 98 52271 34 52313 59 52417 97 52528 33 52569 65 52673 97 52785 32 52825 66 52929 98 53040 36 53078 71 53185 220 53441 221 53696 179 53881 38 53952 90 54044 85 54142 33 54208 89 54300 79 54393 39 54464 89 54557 78 54645 43 54720 88 54813 78 54901 43 54976 86 55069 78 55155 45 55232 85 55325 79 55411 46 55488 85 55581 80 55664 51 55744 85 55838 78 55920 52 56000 69 56077 6 56095 77 56175 54 56256 68 56337 1 56351 76 56431 55 56512 68 56607 76 56687 51 56767 68 56863 76 56942 51 57023 70 57119 74 57197 52 57279 70 57375 74 57452 53 57535 72 57631 71 57707 53 57791 72 57887 70 57963 52 58047 73 58144 69 58219 52 58303 74 58399 70 58475 53 58558 77 58655 69 58731 54 58813 78 58911 68 58987 54 59069 80 59156 1 59166 66 59244 56 59324 82 59411 8 59422 65 59501 59 59562 5 59579 162 59757 72 59833 164 60013 238 60269 238 60524 239 60779 240 61034 241 61289 242 61545 238 61785 2 61800 237 62042 1 62056 238 62311 240 62566 241 62823 240 63079 240 63335 240 63590 242 63848 240 64105 240 64371 230 64627 229 64884 227 65139 228 65395 141
500314,0 16 67 42 140 37 256 15 323 12 339 25 397 35 512 14 579 12 595 25 653 35 768 15 835 12 850 26 909 36 1024 15 1091 12 1106 26 1165 38 1280 17 1349 6 1362 26 1421 40 1536 17 1618 26 1678 39 1792 17 1875 24 1934 41 2009 6 2048 18 2131 24 2191 40 2264 9 2304 19 2387 24 2447 41 2517 15 2560 19 2644 22 2703 42 2771 18 2816 20 2902 19 2959 42 3023 23 3072 20 3159 18 3216 41 3278 25 3328 21 3416 17 3473 40 3533 26 3584 21 3673 15 3729 40 3789 26 3840 21 3934 8 3985 40 4044 27 4096 21 4242 40 4299 29 4352 22 4499 39 4555 29 4608 22 4755 39 4811 29 4864 23 5012 39 5066 30 5120 23 5268 39 5321 31 5376 23 5525 37 5576 31 5632 23 5781 37 5832 31 5888 23 6037 36 6087 32 6144 23 6293 36 6343 31 6400 23 6549 32 6599 27 6656 23 6806 31 6854 27 6912 1 6915 20 7062 31 7110 25 7173 17 7318 31 7366 24 7431 12 7574 31 7621 23 7687 8 7799 3 7830 30 7877 22 8053 8 8086 29 8120 32 8309 9 8341 30 8375 30 8564 11 8597 30 8629 31 8819 12 8853 28 8882 34 9075 12 9109 27 9139 32 9331 13 9365 27 9395 32 9587 14 9621 24 9650 34 9843 14 9878 22 9906 34 10074 5 10099 16 10135 20 10161 35 10329 7 10355 18 10393 18 10417 35 10583 10 10612 21 10651 14 10673 35 10839 10 10868 21 10907 13 10929 35 11094 12 11125 22 11166 8 11185 35 11349 14 11381 23 11424 5 11441 35 11605 14 11637 24 11697 34 11861 14 11893 24 11953 34 12117 15 12149 25 12209 33 12371 18 12406 24 12465 33 12627 18 12663 23 12721 32 12882 19 12919 23 12977 32 13136 22 13178 20 13234 31 13391 23 13435 19 13490 30 13641 29 13695 16 13749 27 13896 30 13951 15 14014 17 14150 32 14209 13 14271 14 14405 33 14465 13 14529 10 14661 32 14722 11 14916 33 14978 11 15089 8 15172 32 15235 8 15336 24 15427 32 15491 8 15591 25 15684 31 15747 7 15844 28 15940 31 16003 7 16099 29 16197 30 16259 8 16355 29 16453 28 16515 8 16609 31 16711 24 16773 2 16864 32 16968 22 17120 32 17225 19 17376 32 17483 15 17632 32 17741 11 17809 2 17888 32 17951 4 17998 10 18063 6 18144 32 18206 7 18255 10 18318 8 18399 33 18461 10 18511 10 18574 9 18641 7 18650 1 18655 33 18717 10 18766 13 18829 10 18893 51 18973 11 19022 13 19085 10 19148 52 19229 12 19277 14 19341 10 19403 53 19485 12 19533 14 19597 10 19658 54 19720 6 19741 13 19789 14 19854 9 19913 55 19976 6 19998 13 20045 14 20111 8 20169 55 20232 6 20255 12 20301 14 20367 8 20424 56 20488 7 20511 12 20557 13 20623 8 20680 56 20744 7 20768 12 20813 12 20880 6 20935 57 21000 7 21024 12 21070 11 21137 4 21191 57 21255 9 21281 11 21327 9 21447 28 21479 6 21487 17 21510 10 21539 9 21585 6 21703 28 21738 2 21744 16 21765 14 21796 7 21960 27 22003 13 22020 16 22053 6 22216 27 22261 11 22273 20 22311 2 22473 26 22523 26 22729 27 22779 26 22986 29 23034 2 23037 24 23242 29 23290 1 23294 23 23496 33 23552 22 23749 38 23808 24 24003 45 24064 25 24259 45 24320 25 24425 4 24515 46 24576 25 24679 8 24770 48 24832 25 24934 11 25026 49 25088 25 25189 14 25282 49 25344 25 25445 16 25539 48 25600 25 25701 16 25795 49 25856 25 25957 18 26051 50 26112 25 26213 18 26308 49 26368 24 26469 19 26565 82 26725 19 26821 19 26841 50 26893 10 26981 19 27079 17 27097 50 27150 8 27238 18 27335 68 27495 17 27563 10 27592 67 27752 17 27818 11 27849 68 28008 18 28072 14 28105 68 28265 18 28327 16 28363 69 28521 20 28583 16 28620 69 28776 23 28838 17 28877 70 29033 25 29093 18 29133 15 29150 54 29289 26 29349 18 29389 15 29407 56 29545 26 29605 18 29646 14 29670 49 29801 27 29860 18 29902 14 29927 52 30045 4 30057 27 30116 17 30159 12 30184 51 30299 7 30313 28 30372 17 30416 11 30440 52 30555 7 30569 28 30629 14 30675 5 30697 52 30811 8 30825 28 30885 12 30953 52 31066 9 31081 28 31144 3 31209 53 31322 9 31337 28 31466 53 31531 9 31579 8 31593 28 31722 53 31785 12 31835 8 31849 28 31978 53 32039 17 32091 8 32106 27 32235 52 32294 19 32348 7 32363 26 32491 52 32549 23 32605 5 32619 26 32747 52 32804 25 32861 6 32875 26 33003 52 33059 27 33117 6 33132 25 33259 52 33314 29 33374 5 33389 24 33515 53 33569 30 33645 25 33771 84 33902 24 33974 4 34028 83 34144 3 34159 23 34228 8 34287 12 34304 63 34399 4 34416 22 34483 10 34546 7 34560 61 34653 12 34674 18 34739 11 34816 61 34909 14 34931 16 34995 12 35072 61 35165 21 35187 10 35199 4 35251 13 35328 60 35421 32 35455 5 35507 13 35584 60 35677 42 35763 14 35840 59 35933 44 35978 3 36019 14 36096 59 36189 50 36263 10 36275 14 36352 59 36444 52 36518 27 36608 58 36699 60 36772 28 36864 58 36955 62 37027 28 37120 58 37210 65 37281 28 37376 59 37466 65 37536 27 37632 59 37721 67 37791 26 37888 60 37977 67 38048 26 38144 69 38235 66 38304 27 38400 19 38421 50 38492 65 38560 27 38656 15 38678 53 38749 64 38816 31 38912 13 38934 54 39005 64 39073 30 39168 11 39191 55 39261 64 39329 32 39424 11 39447 56 39517 64 39585 32 39631 4 39680 7 39703 56 39772 68 39845 30 39885 9 39936 7 39959 57 40027 70 40101 30 40139 12 40192 9 40215 57 40283 70 40359 28 40395 13 40448 9 40471 57 40538 71 40616 28 40651 13 40704 10 40727 58 40794 71 40873 26 40906 14 40960 10 40983 58 41050 71 41130 25 41162 14 41216 10 41239 58 41306 71 41387 24 41418 14 41472 8 41495 58 41562 71 41643 24 41674 13 41728 8 41751 58 41818 71 41901 22 41930 13 41984 9 42007 57 42075 70 42159 20 42186 11 42240 9 42264 56 42331 56 42388 13 42415 18 42441 11 42496 9 42520 56 42587 54 42645 12 42672 17 42697 11 42752 9 42777 54 42843 54 42902 10 42930 14 42953 11 43008 8 43034 53 43099 50 43151 3 43158 9 43189 10 43209 12 43264 2 43267 2 43291 51 43356 48 43407 3 43416 7 43431 7 43448 2 43451 1 43466 11 43520 1 43549 48 43612 48 43663 3 43673 5 43685 10 43722 11 43776 1 43807 45 43869 47 43918 5 43939 14 43976 12 44063 44 44125 47 44173 6 44193 16 44231 13 44320 43 44382 53 44446 21 44485 14 44575 44 44639 52 44701 22 44741 14 44831 44 44897 50 44956 25 44996 15 45087 44 45154 49 45211 26 45251 16 45343 44 45414 11 45429 31 45466 29 45507 16 45598 45 45671 8 45686 30 45721 30 45763 16 45853 47 45943 30 45975 32 46019 16 46109 47 46199 65 46275 15 46363 49 46455 66 46531 14 46619 49 46711 67 46787 14 46875 48 46967 71 47042 14 47131 48 47223 73 47297 14 47387 34 47423 11 47479 74 47556 11 47643 34 47680 9 47735 74 47813 9 47901 31 47992 75 48071 4 48158 31 48248 25 48275 48 48416 29 48505 24 48531 49 48674 27 48763 21 48787 49 48932 27 49019 20 49044 48 49189 26 49276 19 49300 49 49447 24 49533 17 49557 50 49705 22 49789 14 49805 1 49813 51 49939 5 49963 20 50002 5 50047 12 50069 53 50181 1 50193 11 50219 19 50256 9 50303 12 50325 54 50432 1 50436 2 50447 22 50477 16 50509 15 50561 9 50581 56 50688 1 50691 2 50702 26 50733 16 50765 17 50817 8 50837 56 50947 1 50957 27 50991 13 51011 29 51074 7 51093 58 51200 2 51203 1 51213 28 51247 12 51265 32 51331 4 51349 59 51456 4 51468 26 51496 1 51504 9 51519 34 51605 60 51703 14 51724 26 51761 7 51774 37 51861 60 51958 15 51980 26 52027 40 52115 64 52212 17 52235 28 52282 42 52371 64 52467 19 52491 28 52535 46 52627 64 52723 19 52747 28 52791 46 52883 64 52979 20 53002 29 53045 48 53138 66 53236 19 53257 30 53300 50 53394 66 53493 13 53513 31 53556 51 53650 67 53749 13 53768 32 53813 50 53907 66 54005 12 54023 32 54068 51 54163 66 54262 10 54279 32 54324 52 54419 66 54519 9 54535 30 54579 53 54675 66 54778 6 54790 31 54834 55 54931 66 55035 5 55045 30 55086 59 55187 65 55296 1 55301 30 55341 60 55444 64 55552 1 55557 29 55595 62 55700 64 55765 1 55808 2 55813 28 55851 62 55956 67 56064 2 56069 28 56106 63 56213 66 56320 2 56325 28 56362 63 56469 66 56576 2 56579 30 56618 63 56727 64 56832 1 56835 29 56874 63 56985 7 56994 53 57088 2 57091 29 57131 61 57224 4 57253 51 57344 2 57347 29 57387 61 57479 6 57509 51 57600 32 57644 62 57733 9 57766 50 57856 32 57901 64 57989 10 58022 49 58112 32 58160 63 58244 11 58279 48 58368 33 58418 63 58499 12 58535 48 58624 33 58675 64 58753 15 58791 49 58880 33 58931 64 59008 16 59047 49 59136 33 59189 69 59263 17 59282 6 59304 49 59392 33 59445 70 59517 27 59561 48 59648 33 59703 89 59794 6 59818 49 59873 4 59904 33 59961 87 60051 5 60075 58 60160 32 60219 85 60308 3 60333 59 60416 31 60476 84 60591 5 60601 48 60672 31 60735 81 60858 49 60927 32 60992 80 61114 50 61184 33 61249 79 61369 54 61439 36 61505 79 61625 55 61695 46 61762 78 61880 57 61951 47 62018 79 62135 60 62206 51 62275 78 62390 64 62461 54 62531 78 62645 67 62717 55 62788 77 62900 129 63045 76 63155 130 63301 76 63411 130 63558 76 63666 132 63815 76 63922 133 64072 75 64178 133 64329 76 64433 134 64585 77 64689 134 64841 78 64947 132 65098 76 65203 132 65355 72 65458 78
504868,0 65536
513583,1 57 145 1 148 1 162 94 273 38 418 95 531 36 674 94 787 36 930 94 1043 36 1186 94 1283 4 1297 38 1441 95 1539 5 1553 38 1697 95 1797 3 1809 38 1953 95 2053 5 2065 37 2209 95 2311 7 2320 38 2465 95 2568 1 2577 36 2655 1 2721 95 2833 34 2907 6 2977 95 3089 34 3162 7 3233 95 3348 30 3416 11 3489 95 3607 27 3671 12 3745 95 3869 3 3873 17 3915 6 3925 14 4001 100 4133 12 4170 25 4257 102 4392 9 4425 26 4471 4 4513 102 4648 8 4681 26 4725 8 4769 16 4786 87 4905 6 4921 6 4936 27 4979 11 5025 14 5045 86 5162 3 5174 10 5192 26 5235 12 5281 13 5301 88 5428 13 5446 28 5490 13 5538 10 5557 88 5685 14 5701 29 5745 15 5795 8 5813 94 5940 47 6001 16 6053 3 6069 95 6195 48 6257 18 6325 96 6451 48 6512 19 6581 96 6707 48 6768 19 6837 98 6963 49 7023 21 7093 98 7218 50 7278 23 7349 98 7473 50 7534 25 7606 97 7729 50 7789 27 7862 98 7983 51 8044 29 8119 96 8238 53 8295 36 8375 96 8493 54 8551 37 8631 96 8747 56 8807 40 8887 21 8909 75 9002 57 9062 45 9144 19 9169 71 9257 58 9317 46 9400 18 9425 71 9513 58 9573 47 9658 15 9682 70 9769 58 9829 48 9915 13 9938 71 10025 108 10172 11 10195 70 10281 108 10429 8 10451 70 10537 108 10688 1 10708 69 10793 108 10903 4 10965 67 11049 115 11223 65 11306 115 11480 63 11563 115 11737 63 11819 115 11994 62 12074 117 12251 61 12313 2 12331 116 12507 64 12590 113 12738 2 12763 64 12847 112 12991 8 13019 65 13090 5 13104 106 13244 12 13277 63 13345 6 13361 105 13471 1 13499 14 13533 62 13599 9 13619 112 13755 16 13791 60 13856 7 13875 96 13975 12 14011 17 14048 60 14113 7 14132 95 14234 11 14266 19 14306 7 14322 42 14369 7 14389 95 14488 13 14521 20 14563 4 14579 41 14625 6 14645 113 14776 22 14837 38 14882 3 14901 113 15032 23 15093 38 15138 6 15145 7 15158 22 15181 90 15285 27 15349 38 15391 18 15415 20 15438 37 15479 48 15540 29 15606 27 15638 6 15645 22 15671 18 15695 36 15737 47 15794 31 15862 27 15897 26 15927 18 15953 35 15995 46 16049 32 16118 26 16154 26 16185 16 16213 2 16230 15 16253 46 16303 34 16373 26 16410 26 16441 16 16487 14 16509 84 16629 20 16666 27 16698 14 16745 14 16766 83 16884 20 16923 26 16955 13 17001 14 17022 83 17139 21 17179 27 17212 11 17257 16 17278 83 17395 21 17435 28 17469 10 17514 17 17533 84 17650 21 17692 27 17729 2 17770 103 17906 17 17948 27 18026 103 18162 17 18204 28 18283 101 18418 17 18460 28 18539 100 18674 16 18717 27 18795 99 18931 15 18973 27 19051 99 19188 13 19230 25 19307 98 19446 10 19486 25 19563 98 19702 10 19743 24 19819 98 19959 9 19999 24 20075 98 20215 9 20255 23 20332 97 20473 7 20511 23 20589 96 20729 7 20765 25 20845 96 20986 6 21019 26 21101 97 21243 5 21275 26 21361 39 21401 53 21530 27 21618 37 21658 53 21769 6 21785 28 21876 32 21915 51 22025 6 22041 28 22133 31 22171 51 22281 6 22297 28 22390 29 22429 50 22485 6 22537 6 22552 29 22646 28 22685 50 22741 6 22787 2 22795 3 22807 30 22902 27 22941 50 22997 6 23043 2 23051 3 23063 31 23158 27 23198 49 23253 7 23296 5 23309 2 23313 38 23413 27 23454 48 23509 8 23539 5 23552 5 23565 2 23569 39 23669 27 23710 47 23765 8 23793 7 23808 8 23825 40 23922 30 23967 46 24019 17 24037 3 24046 13 24064 8 24081 40 24175 33 24223 45 24274 23 24300 15 24320 9 24335 43 24427 38 24479 45 24529 43 24576 10 24591 44 24681 40 24735 45 24785 44 24832 13 24847 45 24935 43 24993 42 25041 20 25062 25 25088 61 25190 45 25249 42 25297 20 25319 86 25445 47 25507 40 25553 21 25575 86 25700 49 25764 39 25808 110 25954 53 26022 38 26063 112 26209 54 26279 10 26290 1 26293 138 26464 56 26550 138 26719 57 26806 141 26975 57 27063 141 27231 57 27319 144 27487 57 27576 144 27742 58 27831 146 27996 60 28086 148 28252 61 28341 150 28508 61 28596 151 28764 61 28852 151 29019 62 29107 152 29275 62 29364 151 29531 62 29619 153 29787 62 29875 154 30045 60 30124 163 30303 58 30379 165 30561 55 30635 166 30819 52 30890 171 31077 50 31146 171 31334 49 31402 173 31591 48 31657 174 31847 48 31913 173 32105 41 32169 78 32249 93 32361 40 32425 78 32505 94 32618 41 32682 174 32874 41 32938 174 33131 40 33195 173 33387 40 33451 18 33476 149 33644 38 33709 15 33733 148 33901 36 33965 15 33991 61 34053 16 34071 66 34147 5 34157 36 34223 12 34253 53 34310 15 34327 67 34403 6 34415 34 34481 9 34509 51 34567 14 34583 67 34657 10 34673 35 34742 2 34765 51 34824 13 34840 66 34912 12 34929 36 34969 2 34981 3 35022 50 35081 12 35097 64 35167 14 35186 42 35235 8 35279 49 35337 11 35353 64 35423 14 35442 43 35490 12 35535 49 35595 7 35610 63 35680 15 35699 44 35745 15 35792 48 35851 4 35866 63 35936 15 35955 62 36049 47 36123 62 36192 15 36211 63 36307 45 36380 60 36448 15 36467 2 36470 61 36563 45 36636 57 36703 18 36723 2 36727 60 36821 43 36893 56 36959 18 36978 3 36984 60 37077 43 37149 55 37215 18 37234 3 37240 63 37334 42 37405 55 37471 18 37495 64 37586 1 37591 41 37662 53 37725 21 37751 67 37841 4 37846 42 37919 51 37981 22 38010 66 38096 48 38176 35 38215 10 38237 23 38267 67 38351 49 38433 34 38473 7 38493 24 38524 67 38606 50 38690 33 38749 25 38782 67 38861 51 38947 32 39005 26 39039 66 39117 51 39205 29 39260 27 39299 64 39373 51 39462 27 39515 28 39557 62 39629 51 39719 25 39771 28 39814 62 39885 51 39976 21 40027 28 40071 61 40141 51 40233 12 40282 30 40328 61 40397 51 40491 8 40539 30 40584 21 40606 39 40653 51 40795 32 40841 20 40863 39 40909 51 41050 33 41097 20 41119 40 41166 50 41305 34 41353 19 41376 39 41424 48 41561 34 41610 17 41633 39 41681 47 41816 33 41867 16 41890 39 41940 44 42071 34 42124 13 42147 38 42197 43 42281 2 42285 18 42327 34 42381 12 42403 40 42454 12 42467 29 42536 25 42567 5 42583 34 42638 10 42659 41 42711 9 42725 27 42789 41 42839 33 42898 2 42916 41 42987 21 43043 44 43095 33 43173 39 43244 20 43297 46 43351 32 43429 39 43502 18 43553 46 43607 32 43685 39 43759 17 43807 49 43863 32 43941 40 44019 5 44025 3 44029 3 44063 50 44119 32 44197 40 44286 1 44318 51 44375 30 44453 40 44504 7 44574 51 44631 30 44708 41 44758 9 44830 53 44887 29 44964 40 45007 4 45012 12 45086 53 45144 28 45220 40 45263 18 45342 54 45401 28 45476 40 45518 19 45598 54 45656 29 45732 40 45774 20 45854 87 45945 8 45988 40 46031 20 46111 101 46244 40 46287 20 46367 72 46440 2 46445 24 46501 39 46542 1 46544 20 46623 70 46701 24 46757 39 46801 20 46855 8 46879 65 46956 1 46958 24 47013 36 47057 20 47110 10 47136 64 47213 25 47268 37 47313 20 47361 16 47392 64 47467 27 47501 2 47521 28 47551 8 47570 19 47616 18 47648 64 47721 29 47756 3 47775 26 47803 1 47807 8 47826 19 47872 20 47905 62 47977 29 48010 7 48026 29 48084 16 48128 21 48162 61 48233 30 48266 9 48281 30 48340 16 48384 22 48419 60 48489 30 48522 44 48597 14 48640 23 48676 58 48745 30 48777 44 48853 14 48896 23 48933 57 49001 76 49109 14 49152 23 49191 54 49257 75 49365 14 49408 23 49449 52 49513 74 49622 12 49664 24 49706 51 49769 74 49878 11 49920 25 49963 50 50025 74 50134 11 50176 27 50219 50 50281 74 50366 7 50389 12 50432 29 50481 3 50485 39 50537 74 50619 11 50642 14 50688 29 50743 36 50793 74 50875 12 50897 15 50944 29 51001 33 51050 74 51129 18 51152 16 51200 30 51258 31 51306 76 51385 20 51407 17 51456 31 51515 30 51563 117 51712 31 51773 27 51820 116 51968 32 52045 10 52078 113 52224 33 52301 10 52335 112 52480 35 52560 5 52592 111 52736 35 52848 111 52992 37 53105 110 53248 39 53362 109 53501 2 53504 40 53619 107 53755 46 53875 107 54011 46 54134 104 54266 48 54390 105 54522 49 54647 104 54753 16 54778 49 54903 104 55009 17 55034 51 55159 125 55289 52 55415 52 55469 72 55545 55 55672 39 55713 4 55725 132 55928 39 55972 1 55981 1 55983 133 56185 36 56239 133 56441 36 56495 134 56699 34 56751 134 56955 34 57005 136 57212 17 57232 13 57257 140 57469 16 57489 12 57512 141 57727 14 57747 9 57767 142 57984 12 58005 6 58023 140 58240 11 58263 2 58279 140 58496 10 58519 2 58535 138 58753 6 58790 139 59046 141 59301 143 59557 143 59811 145 60066 147 60321 95 60417 54 60576 96 60674 56 60831 97 60931 56 61086 54 61142 42 61187 56 61341 53 61401 39 61443 56 61596 53 61657 39 61699 57 61766 7 61851 50 61913 39 61955 58 62021 9 62107 48 62169 39 62211 58 62275 14 62362 49 62425 39 62467 60 62531 16 62617 50 62679 41 62723 60 62786 21 62872 53 62935 41 62979 59 63042 21 63127 53 63191 41 63235 56 63298 23 63383 53 63447 41 63491 53 63553 24 63639 54 63703 41 63747 52 63809 27 63895 54 63959 43 64003 50 64064 29 64152 53 64215 91 64318 31 64408 53 64471 90 64574 31 64664 52 64729 86 64831 31 64921 50 64989 82 65089 29 65177 49 65245 82 65345 29 65433 49 65501 35
516869,0 65536
521139,0 65536
524214,0 65536
529350,67 48 116 3 120 5 127 63 191 40 235 3 239 17 334 2 353 15 385 37 451 19 472 10 501 11 609 7 617 7 642 2 646 30 709 16 730 2 762 6 845 4 865 6 876 5 897 4 908 23 938 1 964 21 1016 8 1101 5 1120 5 1133 4 1152 6 1163 24 1194 1 1221 19 1272 8 1356 6 1375 5 1389 6 1399 6 1406 3 1411 34 1449 4 1459 6 1466 8 1477 17 1504 2 1525 11 1611 7 1631 4 1645 6 1655 9 1668 33 1705 4 1715 14 1733 12 1758 6 1781 11 1866 7 1886 3 1899 8 1910 9 1923 34 1960 17 1981 4 1988 17 2008 14 2027 5 2035 13 2119 10 2141 3 2154 6 2161 14 2179 35 2217 16 2237 4 2243 36 2283 21 2368 19 2388 4 2397 3 2408 7 2425 6 2433 37 2477 6 2485 3 2491 20 2512 24 2538 22 2623 20 2644 4 2653 3 2664 7 2681 6 2689 36 2733 6 2741 3 2745 6 2753 13 2769 47 2879 9 2895 3 2909 2 2919 5 2938 1 2947 34 2991 15 3009 12 3025 24 3051 11 3065 6 3135 5 3151 2 3165 2 3175 4 3203 34 3240 1 3248 5 3257 4 3264 13 3283 20 3308 9 3322 3 3392 3 3459 34 3495 2 3504 3 3515 2 3521 9 3548 1 3551 7 3564 5 3579 2 3703 2 3715 20 3737 16 3760 2 3778 6 3808 3 3812 2 3820 3 3835 2 3959 2 3971 19 3995 14 4010 3 4015 2 4084 11 4215 7 4227 19 4250 9 4260 4 4266 7 4341 10 4470 8 4482 21 4506 9 4517 1 4597 10 4726 8 4739 1 4741 19 4765 6 4853 10 4981 8 4997 20 5018 1 5023 4 5109 10 5236 9 5253 22 5281 2 5365 10 5491 8 5512 19 5621 10 5749 6 5769 18 5878 8 6005 4 6026 17 6137 4 6261 4 6283 16 6387 2 6393 4 6519 2 6539 16 6643 2 6651 2 6775 2 6795 15 6907 2 7031 2 7052 13 7163 2 7286 3 7308 13 7419 1 7541 3 7564 11 7796 5 7821 10 8051 6 8071 4 8310 3 8325 6 8581 5 8838 3 9719 2 9974 3 10229 8 10485 8 10693 1 10741 10 10949 1 10997 10 11253 10 11509 7 11517 2 11766 5 12023 4 12228 1 12283 1 12539 1 12648 5 12744 2 12789 4 12794 3 12903 8 12996 6 13045 8 13159 10 13252 3 13257 1 13301 8 13414 12 13507 3 13513 2 13556 9 13669 14 13763 4 13812 9 13925 14 14020 3 14069 8 14181 16 14277 1 14327 6 14437 16 14583 6 14695 15 14839 6 14951 11 14964 2 15095 6 15209 8 15301 1 15304 1 15349 8 15465 7 15556 5 15605 8 15812 6 15861 8 16069 5 16112 1 16117 8 16326 3 16372 9 16582 1 16628 9 16731 4 16884 9 16986 6 17139 10 17241 10 17348 1 17394 13 17497 10 17603 3 17613 2 17639 2 17649 14 17753 10 17859 4 17867 4 17873 1 17894 3 17901 18 18009 9 18115 4 18121 6 18129 1 18149 4 18157 18 18265 6 18371 10 18414 17 18522 5 18629 2 18633 5 18670 17 18779 3 18892 2 18922 1 18925 4 18931 12 19148 2 19164 1 19179 6 19188 11 19419 3 19435 7 19444 11 19675 2 19689 10 19700 11 19945 23 20201 23 20461 19 20719 17 20930 5 20984 8 21179 12 21241 7 21434 14 21449 1 21499 5 21689 21 21754 6 21945 21 22009 7 22201 20 22261 1 22263 9 22456 21 22511 3 22516 12 22712 20 22765 19 22968 19 23019 7 23027 4 23033 7 23224 19 23252 3 23275 12 23289 7 23462 3 23466 1 23480 19 23508 3 23532 4 23538 14 23715 6 23736 21 23763 5 23788 20 23970 7 23980 2 23992 23 24019 6 24043 21 24226 7 24236 2 24248 23 24274 7 24299 21 24482 13 24505 22 24529 8 24555 21 24738 13 24761 21 24785 8 24811 21 24994 13 25017 20 25041 4 25063 4 25068 20 25251 4 25257 6 25273 4 25279 14 25297 4 25319 3 25328 16 25507 4 25513 4 25531 2 25535 14 25553 4 25574 4 25584 16 25763 2 25768 5 25787 2 25791 14 25809 4 25830 5 25840 16 26020 1 26023 4 26041 20 26065 7 26087 3 26093 19 26279 4 26297 7 26305 12 26322 9 26332 1 26344 1 26349 19 26535 3 26543 6 26553 5 26562 7 26570 3 26579 11 26603 11 26616 8 26791 4 26799 6 26811 2 26818 6 26833 14 26859 10 26873 7 27047 5 27055 7 27064 5 27073 7 27087 12 27101 6 27115 9 27128 8 27304 4 27311 7 27319 6 27329 7 27341 14 27356 8 27371 11 27383 9 27561 2 27567 26 27599 28 27628 20 27817 2 27825 24 27855 49 28083 1 28085 20 28112 33 28147 13 28339 1 28341 20 28369 32 28404 12 28595 22 28621 1 28625 32 28661 11 28853 20 28876 2 28881 34 28916 12 29113 16 29131 3 29139 45 29369 16 29387 3 29395 45 29626 21 29652 29 29683 13 29883 23 29907 30 29939 13 30138 15 30155 53 30394 13 30411 53 30649 8 30660 1 30669 44 30715 5 30904 6 30927 2 30932 37 30971 5 31161 1 31191 33 31227 5 31429 2 31447 33 31483 5 31683 5 31703 33 31739 5 31939 5 31959 34 31995 5 32195 5 32204 3 32215 3 32219 37 32451 5 32460 3 32471 2 32475 24 32500 12 32707 5 32727 12 32740 7 32749 4 32757 11 32965 3 32984 19 33006 3 33013 11 33240 11 33255 2 33261 4 33268 11 33493 1 33495 10 33517 4 33524 11 33748 6 33771 20 34004 5 34023 24 34260 1 34279 25 34535 25 34790 26 35007 2 35038 1 35046 26 35292 3 35304 24 35548 3 35562 22 35819 21 36075 21 36331 4 36336 16 36538 3 36588 1 36593 15 36782 1 36795 2 36802 2 36837 1 36850 14 37051 2 37058 4 37092 1 37106 14 37298 3 37315 4 37361 15 37553 4 37571 3 37610 4 37617 15 37829 2 37859 2 37865 23 38115 2 38120 24 38360 3 38371 2 38375 16 38394 6 38616 3 38627 9 38638 9 38651 5 38873 2 38883 6 38894 7 38906 6 39129 2 39139 5 39149 8 39161 7 39396 1 39404 5 39417 7 39660 4 39675 5 39915 2 39931 5 40172 1 40187 5 40437 1 40443 5 40693 1 40699 5 40949 2 40954 5 41192 2 41205 10 41447 4 41460 11 41703 4 41716 9 41726 1 41959 3 41972 11 42215 3 42227 12 42425 1 42472 1 42483 5 42491 5 42680 3 42739 4 42747 5 42936 3 42995 2 43001 7 43192 3 43257 7 43448 3 43452 1 43467 2 43511 9 43704 5 43723 2 43767 9 43961 2 43979 2 44009 2 44015 1 44022 10 44217 1 44236 1 44265 2 44271 1 44277 11 44495 2 44537 7 44749 4 44793 7 45006 3 45048 8 45304 8 45559 9 45797 4 45814 10 46052 5 46065 1 46069 2 46073 7 46308 4 46319 2 46324 3 46329 7 46563 5 46575 2 46580 2 46589 3 46819 5 46830 2 46844 4 47075 5 47085 2 47098 6 47331 5 47341 1 47353 7 47587 4 47608 8 47843 4 47863 9 48098 5 48117 11 48354 4 48373 11 48610 3 48627 13 48866 3 48883 13 49123 2 49138 14 49379 2 49393 15 49635 2 49649 15 49890 3 49905 15 50028 2 50147 4 50160 16 50404 4 50415 17 50661 3 50671 17 50917 3 50926 18 51181 19 51437 3 51441 15 51692 3 51697 6 51706 5 51948 3 51952 6 51962 5 52204 2 52207 3 52219 1 52222 1 52477 2 52727 1 52731 4 52980 4 52987 4 53224 1 53235 4 53241 4 53490 4 53497 4 53754 3 54011 1 54267 1 54516 1 54771 2 55027 2 58348 1 58604 1 58857 6 59111 7 59127 2 59365 6 59381 4 59390 1 59621 6 59638 4 59879 3 59884 1 59897 3 60136 2 60153 3 60405 6 60661 5 60911 1 60917 5 61173 4 61423 2 61429 3 61680 1 61685 3 61941 3 62197 3 62453 3 62708 5 62949 20 62973 2 63205 20 63229 2 63461 14 63478 3 63486 1 63717 6 63724 6 63735 2 63742 1 63974 3 64511 1 64767 1 65022 2 65278 2 65517 4 65534 1
534313,1 58 139 10 168 19 220 18 251 4 256 59 396 9 425 18 478 13 510 61 651 9 681 18 735 12 768 59 907 10 937 18 990 13 1024 59 1163 10 1194 17 1245 15 1280 59 1417 12 1451 16 1499 18 1536 59 1673 13 1707 16 1755 18 1792 59 1929 14 1963 14 2010 20 2048 59 2185 14 2219 14 2265 21 2304 59 2441 15 2476 12 2521 22 2560 58 2697 16 2733 11 2777 22 2816 57 2953 16 2989 10 3011 6 3033 23 3072 57 3210 15 3246 8 3265 8 3289 23 3328 57 3467 16 3504 4 3521 11 3547 21 3584 56 3723 17 3776 12 3803 21 3840 55 3979 20 4031 14 4061 19 4096 54 4235 22 4287 16 4318 18 4352 52 4491 22 4542 23 4570 2 4577 14 4608 51 4747 22 4798 49 4864 49 5003 23 5054 38 5097 4 5120 49 5259 23 5310 38 5376 48 5516 22 5566 38 5632 48 5772 22 5822 38 5888 47 6028 22 6077 39 6144 47 6242 6 6285 20 6332 40 6400 33 6435 5 6441 5 6496 13 6541 20 6587 40 6656 33 6691 5 6697 4 6751 15 6798 19 6835 5 6843 38 6912 33 6947 10 6999 25 7057 16 7088 47 7168 33 7203 10 7227 2 7254 27 7289 4 7315 13 7344 45 7424 33 7459 10 7481 7 7509 29 7545 6 7572 12 7599 14 7617 26 7680 33 7715 10 7736 9 7764 31 7801 7 7829 11 7855 14 7873 26 7936 33 7971 10 7982 1 7991 14 8019 32 8057 8 8085 11 8111 13 8130 25 8192 32 8227 9 8238 1 8247 16 8275 33 8313 8 8341 10 8367 12 8386 26 8448 30 8484 3 8502 17 8531 34 8569 8 8597 10 8623 12 8642 26 8704 29 8758 17 8787 34 8825 8 8854 7 8879 11 8898 26 8960 18 9013 18 9043 34 9082 6 9113 2 9136 9 9155 25 9217 18 9269 18 9300 33 9339 4 9393 8 9411 24 9475 16 9524 19 9556 32 9669 22 9732 15 9780 19 9812 32 9927 18 9989 15 10037 20 10068 32 10187 12 10245 15 10293 22 10324 31 10445 8 10501 15 10551 22 10580 31 10757 15 10788 4 10807 24 10835 32 11014 14 11043 6 11063 59 11270 14 11299 6 11319 58 11527 12 11555 6 11575 58 11783 12 11811 6 11831 57 12039 12 12069 3 12087 56 12296 10 12342 57 12553 8 12598 56 12810 5 12853 56 13109 56 13365 56 13621 56 13877 57 14133 57 14390 56 14646 57 14903 55 15142 4 15161 54 15396 11 15417 54 15650 19 15675 30 15709 17 15905 21 15931 30 15966 16 16160 23 16189 26 16223 14 16416 23 16447 5 16458 13 16480 13 16671 24 16717 8 16739 6 16926 25 16975 5 17181 26 17436 27 17659 5 17691 28 17913 7 17947 28 18169 7 18177 5 18203 28 18424 15 18451 2 18459 28 18680 15 18705 7 18715 28 18936 16 18960 38 19192 63 19449 62 19705 62 19961 63 20217 64 20474 63 20715 4 20732 62 20970 15 20992 58 21225 17 21248 59 21481 18 21504 59 21737 18 21760 59 21993 19 22016 59 22250 19 22272 59 22507 80 22763 80 23021 79 23277 66 23345 13 23534 64 23605 10 23790 63 23859 12 24046 63 24115 12 24303 20 24325 38 24371 12 24560 18 24586 31 24627 12 24817 15 24848 23 24883 12 25027 7 25059 8 25076 12 25105 20 25139 12 25220 3 25282 9 25315 9 25333 11 25363 18 25396 10 25475 5 25537 11 25567 14 25591 9 25619 17 25652 10 25731 5 25792 13 25823 14 25847 10 25877 14 25909 8 25987 6 26048 13 26078 15 26104 8 26133 14 26165 8 26243 5 26303 14 26334 15 26360 8 26391 10 26423 5 26499 4 26559 14 26590 17 26617 7 26648 7 26679 5 26815 14 26846 19 26873 9 27072 13 27102 23 27135 3 27329 11 27357 24 27392 1 27587 6 27613 26 27869 26 28125 28 28382 27 28588 1 28639 27 28843 4 28896 26 29099 4 29153 26 29355 4 29410 25 29612 2 29668 22 29697 1 29925 21 29953 1 29976 7 30181 20 30231 8 30438 19 30485 12 30696 17 30741 12 30953 16 30996 15 31211 12 31251 16 31468 10 31507 24 31763 25 32019 27 32275 28 32531 28 32787 29 33044 28 33300 28 33555 30 33793 1 33805 36 34059 38 34315 38 34570 39 34826 39 35082 39 35338 39 35593 40 35728 7 35849 40 35983 9 36105 40 36239 10 36267 6 36337 7 36361 40 36495 11 36522 7 36592 9 36618 38 36750 13 36777 9 36847 13 36874 37 37006 15 37031 12 37101 16 37131 36 37262 18 37286 13 37356 20 37387 35 37518 19 37542 13 37612 20 37645 32 37775 19 37797 14 37867 21 37901 31 38015 10 38031 21 38053 15 38123 21 38159 27 38269 56 38379 21 38416 25 38524 57 38635 21 38674 22 38778 60 38891 21 38931 20 39033 61 39147 21 39289 61 39402 22 39544 62 39657 23 39800 62 39913 23 40055 62 40168 24 40311 62 40424 16 40442 6 40567 48 40617 12 40680 15 40698 6 40821 50 40875 9 40936 15 40957 3 41077 50 41132 7 41192 15 41214 2 41245 6 41333 49 41448 15 41470 2 41500 7 41589 48 41704 15 41756 8 41845 48 41960 15 41982 2 42011 9 42100 49 42216 16 42237 3 42267 10 42356 49 42472 16 42491 5 42523 10 42611 50 42728 16 42749 3 42780 9 42867 50 42983 17 43007 1 43036 8 43122 51 43239 17 43263 1 43377 52 43495 20 43518 2 43633 51 43751 25 43851 1 43861 16 43888 52 44007 25 44105 6 44113 21 44144 52 44263 25 44359 32 44399 53 44519 25 44615 33 44654 24 44679 29 44775 25 44871 62 44937 27 44972 7 45019 3 45032 24 45127 62 45193 27 45227 8 45275 4 45288 24 45383 62 45450 25 45480 12 45531 4 45545 23 45639 62 45707 24 45735 14 45787 4 45802 22 45889 4 45895 5 45902 55 45965 8 45977 9 45990 17 46043 4 46061 3 46067 13 46143 12 46159 54 46223 5 46233 8 46245 19 46299 4 46325 11 46397 14 46415 54 46492 4 46501 21 46581 11 46653 14 46671 54 46757 22 46837 11 46893 4 46908 10 46922 1 46927 58 47013 23 47093 11 47148 7 47157 16 47184 57 47269 24 47349 11 47404 25 47441 58 47525 26 47603 13 47660 25 47697 58 47781 26 47858 14 47916 7 47925 15 47954 57 48037 28 48114 14 48172 7 48181 16 48211 56 48294 31 48327 2 48347 1 48370 14 48427 26 48467 56 48551 36 48601 4 48627 13 48681 28 48723 56 48807 36 48857 5 48883 13 48935 30 48979 56 49062 38 49112 7 49141 11 49189 32 49234 56 49317 26 49349 7 49368 7 49397 11 49445 32 49489 56 49573 26 49605 8 49624 7 49656 8 49700 25 49727 5 49745 56 49829 27 49862 7 49881 6 49912 8 49955 26 49986 2 50001 56 50083 28 50121 10 50137 6 50169 7 50205 32 50241 4 50256 57 50338 29 50377 10 50394 6 50425 7 50459 34 50495 8 50508 61 50593 32 50632 11 50652 5 50680 8 50713 46 50763 62 50848 35 50887 13 50909 5 50936 8 50969 52 51023 56 51103 54 51164 7 51191 9 51224 110 51359 54 51419 7 51447 9 51479 103 51615 54 51675 6 51701 11 51735 102 51871 54 51930 7 51957 11 51969 3 51989 103 52127 54 52186 7 52213 16 52245 102 52383 54 52443 6 52469 18 52501 89 52593 2 52599 2 52639 56 52699 13 52725 18 52757 88 52895 56 52955 14 52981 19 53012 89 53152 55 53211 16 53237 19 53268 90 53409 55 53467 17 53492 19 53524 89 53666 54 53723 19 53748 12 53761 6 53780 87 53922 54 53979 20 54003 13 54037 50 54094 27 54179 53 54234 38 54293 49 54351 25 54435 93 54549 48 54609 22 54692 92 54805 48 54865 22 54949 91 55061 48 55120 23 55205 91 55313 52 55370 29 55461 91 55568 53 55626 30 55717 91 55823 54 55883 29 55974 90 56067 4 56076 92 56230 90 56323 4 56330 94 56486 35 56526 50 56577 7 56585 95 56740 35 56785 47 56833 103 56995 33 57041 47 57089 6 57098 95 57251 34 57298 46 57346 5 57355 94 57507 35 57557 43 57603 4 57611 68 57681 24 57763 34 57815 38 57860 3 57867 64 57937 24 58019 34 58071 38 58123 63 58194 24 58237 3 58275 35 58327 37 58375 66 58450 25 58493 4 58531 35 58583 36 58629 67 58703 28 58748 5 58787 34 58830 7 58839 22 58866 7 58884 68 58961 26 59003 6 59044 33 59085 8 59094 21 59123 4 59138 69 59218 25 59260 5 59301 31 59341 29 59393 70 59474 25 59517 3 59557 31 59596 29 59648 72 59731 24 59814 30 59852 28 59882 4 59904 72 59987 24 60070 30 60108 27 60137 4 60160 73 60243 24 60327 30 60364 11 60376 14 60392 5 60416 73 60499 24 60583 30 60620 9 60633 13 60648 5 60672 75 60757 22 60839 30 60877 8 60890 10 60906 3 60928 75 61013 22 61095 30 61133 7 61151 2 61184 75 61269 22 61351 30 61391 4 61440 75 61525 22 61608 29 61696 75 61782 22 61816 4 61864 29 61952 75 62038 22 62071 6 62121 28 62208 76 62293 22 62326 8 62377 28 62464 76 62549 22 62582 9 62632 29 62720 76 62805 22 62837 10 62888 29 62976 76 63061 22 63091 12 63144 28 63232 75 63317 22 63347 13 63400 27 63488 75 63573 22 63603 13 63656 27 63744 73 63828 23 63858 21 63911 26 64000 73 64084 23 64113 22 64166 19 64189 3 64256 74 64339 24 64369 23 64421 18 64512 75 64595 24 64624 24 64677 18 64763 72 64839 4 64851 24 64880 24 64933 18 65018 73 65096 2 65108 23 65137 23 65189 17 65274 72 65353 1 65365 22 65393 23 65445 17 65530 5
534649,0 2003 2005 254 2261 1776 4039 254 4295 263 4560 253 4815 29 4845 254 5101 254 5356 12 5369 240 5612 246 5861 4 5868 245 6118 251 6373 252 6629 252 6885 248 7134 3 7141 246 7390 4 7398 243 7645 6 7655 242 7901 6 7911 243 8157 6 8167 242 8413 6 8424 241 8669 5 8681 113 8795 126 8925 5 8937 243 9181 5 9195 246 9445 1 9451 112 9567 123 9692 3 9700 3 9707 111 9823 122 9949 2 9956 3 9963 111 10078 123 10211 6 10220 110 10333 124 10467 6 10476 9 10487 99 10589 124 10722 8 10733 4 10742 100 10845 124 10973 2 10978 8 10989 3 10998 100 11101 124 11229 10 11240 3 11253 101 11357 125 11485 9 11497 1 11509 100 11612 127 11741 2 11745 5 11753 2 11762 103 11868 127 12002 3 12009 2 12015 106 12124 128 12258 3 12265 11 12277 100 12380 122 12503 5 12513 4 12521 112 12635 123 12759 6 12769 3 12775 114 12891 130 13025 4 13031 114 13147 132 13281 15 13297 104 13403 148 13553 104 13658 147 13809 104 13914 147 14065 252 14319 1 14321 524 14848 253 15104 252 15360 88 15449 163 15616 87 15705 158 15865 2 15872 87 15961 150 16113 6 16122 2 16128 86 16217 150 16369 2 16372 3 16378 3 16384 86 16472 151 16624 3 16629 2 16633 3 16640 86 16728 155 16884 8 16896 86 16983 155 17140 8 17152 86 17239 154 17396 8 17408 86 17495 154 17651 9 17664 85 17751 154 17907 10 17920 85 18007 121 18129 32 18163 10 18176 85 18263 120 18385 32 18420 11 18432 85 18519 120 18641 32 18676 97 18775 154 18931 98 19030 154 19187 97 19286 154 19442 98 19542 155 19698 98 19797 255 20053 255 20309 255 20565 2048 22614 255 22871 254 23127 254 23382 255 23638 2308 25948 254 26205 256 26463 6416 32881 252 33137 252 33393 252 33649 253 33905 13801 47707 768 48476 255 48732 255 48988 255 49244 4356 53601 255 53857 11 53869 255 54125 2038 56165 254 56421 256 56679 254 56935 255 57191 39 57233 254 57489 8047
535798,0 23 67 28 136 26 169 36 236 42 323 27 393 14 415 1 427 32 495 39 579 27 649 14 683 31 752 38 834 27 906 11 938 33 1007 39 1090 27 1162 11 1194 33 1263 38 1345 28 1419 8 1449 38 1517 38 1601 27 1677 4 1705 38 1773 32 1806 2 1856 25 1961 41 2029 32 2112 25 2217 43 2286 33 2368 24 2474 43 2541 34 2623 25 2730 44 2795 36 2880 23 2987 44 3048 39 3136 23 3243 44 3303 41 3392 22 3484 7 3499 44 3557 42 3648 21 3739 8 3755 44 3813 41 3904 20 3994 10 4013 42 4069 42 4160 19 4231 4 4249 12 4269 42 4324 41 4366 1 4416 19 4486 5 4505 60 4580 43 4672 19 4741 7 4761 60 4836 43 4927 20 4953 9 4996 9 5016 59 5092 33 5127 9 5183 20 5207 12 5252 9 5271 60 5348 28 5385 7 5439 46 5488 7 5507 77 5604 28 5641 7 5695 46 5743 9 5763 77 5860 28 5897 6 5951 58 6019 76 6117 27 6153 6 6207 58 6266 2 6274 77 6373 27 6410 5 6463 62 6528 78 6630 26 6667 4 6719 61 6784 77 6886 26 6924 7 6976 61 7040 70 7142 26 7180 10 7232 61 7296 69 7398 26 7436 13 7487 60 7552 69 7656 17 7692 15 7743 60 7809 68 7913 14 7947 18 7999 58 8067 76 8171 8 8203 19 8253 63 8323 76 8459 20 8508 64 8581 74 8715 21 8763 64 8837 74 8971 21 9018 67 9098 69 9226 23 9273 68 9349 74 9443 2 9483 21 9529 70 9605 73 9691 4 9696 8 9739 21 9785 70 9863 71 9947 13 9994 21 10042 69 10119 70 10201 16 10249 22 10298 69 10374 70 10457 16 10503 23 10555 67 10635 64 10713 16 10757 25 10811 66 10891 64 10969 17 11012 26 11067 65 11147 62 11225 17 11268 26 11323 25 11353 34 11402 63 11481 16 11523 28 11579 22 11611 30 11658 61 11737 15 11779 28 11835 18 11867 29 11914 61 11993 14 12032 1 12035 29 12091 16 12123 29 12171 58 12250 13 12288 1 12291 30 12346 17 12379 29 12428 55 12506 13 12544 1 12547 32 12601 18 12631 34 12685 51 12763 12 12800 1 12803 32 12857 18 12887 34 12942 49 13019 12 13056 1 13059 34 13111 19 13142 35 13201 3 13207 34 13275 12 13312 1 13315 35 13367 19 13397 36 13463 33 13532 11 13571 14 13586 21 13623 20 13653 36 13719 32 13789 8 13828 12 13844 19 13879 20 13909 36 13975 32 14045 8 14084 8 14101 18 14135 20 14165 36 14231 31 14305 3 14336 1 14339 4 14357 18 14391 21 14421 36 14487 32 14592 8 14615 16 14646 22 14677 35 14743 32 14848 8 14871 16 14901 23 14933 35 14999 32 15104 7 15129 14 15156 25 15189 24 15217 3 15255 31 15360 2 15363 4 15385 14 15412 25 15446 22 15511 28 15616 1 15644 11 15667 26 15703 21 15768 23 15872 1 15902 9 15923 26 15959 21 16024 21 16128 1 16161 4 16179 26 16215 21 16281 20 16384 2 16435 26 16471 21 16538 19 16640 2 16691 26 16726 21 16795 18 16896 2 16947 26 16982 21 17051 18 17153 6 17203 26 17237 20 17307 17 17409 9 17459 25 17493 18 17563 16 17664 14 17715 23 17749 15 17821 10 17920 15 17971 22 18005 14 18082 4 18133 4 18176 15 18227 20 18261 17 18387 8 18432 16 18483 20 18517 18 18643 10 18688 17 18738 20 18772 21 18897 14 18944 17 18993 21 19024 1 19027 22 19153 16 19200 17 19249 20 19280 27 19315 4 19408 19 19456 17 19505 20 19536 28 19570 6 19663 20 19712 15 19763 18 19791 30 19825 8 19911 29 19968 7 20019 17 20047 31 20080 10 20166 31 20224 5 20278 13 20303 44 20420 35 20480 5 20535 11 20559 45 20675 37 20736 6 20793 6 20816 44 20931 39 20992 7 21012 4 21072 44 21187 40 21248 8 21267 7 21329 43 21443 41 21504 10 21522 9 21585 43 21699 42 21760 13 21777 12 21843 40 21954 44 22016 29 22101 38 22210 45 22272 31 22358 9 22368 27 22467 45 22528 31 22620 2 22625 26 22723 46 22784 32 22881 24 22979 48 23040 33 23137 24 23235 49 23296 35 23393 24 23492 50 23552 35 23650 23 23748 51 23808 35 23907 21 24005 50 24064 35 24163 21 24261 50 24320 35 24419 21 24473 1 24475 2 24517 50 24576 35 24678 17 24704 5 24727 6 24773 50 24832 35 24936 13 24957 14 24980 17 25030 49 25088 35 25192 13 25212 15 25235 18 25286 50 25344 36 25448 11 25465 20 25489 22 25542 54 25600 37 25659 1 25704 11 25720 21 25745 23 25797 96 25914 3 25961 9 25975 22 26000 25 26049 100 26170 3 26219 6 26231 21 26256 26 26305 100 26427 1 26478 1 26487 20 26513 26 26559 103 26743 20 26769 26 26815 104 26999 20 27025 27 27071 104 27255 20 27281 27 27327 104 27512 20 27535 30 27584 6 27592 95 27769 52 27841 3 27848 96 27983 6 28025 51 28105 95 28239 8 28281 50 28362 95 28481 7 28493 11 28537 50 28602 1 28621 94 28735 10 28748 13 28792 50 28858 1 28878 94 28989 30 29042 55 29135 94 29243 33 29297 56 29392 95 29495 40 29543 4 29551 58 29651 94 29749 42 29797 67 29907 140 30051 67 30165 203 30421 203 30677 203 30933 203 31189 202 31445 202 31701 202 31956 204 32213 203 32469 204 32725 204 32981 206 33199 4 33239 205 33453 6 33495 206 33707 10 33737 4 33753 204 33962 13 33992 5 34009 39 34051 183 34241 6 34248 5 34266 38 34307 184 34497 11 34525 35 34563 185 34752 11 34783 33 34819 185 35007 10 35040 32 35073 30 35104 1 35107 168 35298 30 35329 30 35362 170 35555 29 35585 29 35619 170 35813 27 35842 27 35875 170 36069 27 36100 22 36131 172 36325 27 36357 19 36387 175 36581 27 36615 14 36642 91 36735 89 36825 2 36835 29 36871 13 36896 93 36991 93 37086 34 37129 10 37152 224 37386 9 37407 225 37655 233 37909 235 38160 101 38262 138 38415 102 38518 138 38670 103 38774 138 38925 243 39181 102 39285 1 39287 137 39437 103 39542 138 39692 101 39794 2 39799 137 39948 101 40056 136 40203 101 40313 135 40459 101 40569 135 40714 101 40825 135 40969 101 41081 135 41224 101 41337 135 41480 101 41593 135 41735 93 41848 87 41937 47 41989 54 42046 37 42104 41 42146 44 42193 47 42245 50 42303 36 42360 41 42403 43 42449 47 42501 49 42560 35 42616 40 42661 40 42705 47 42757 46 42816 33 42872 39 42916 37 42962 46 43013 46 43072 33 43127 38 43171 37 43219 45 43268 48 43325 37 43375 42 43427 35 43475 45 43523 50 43580 39 43631 42 43683 35 43731 45 43779 96 43886 42 43939 35 43987 45 44035 97 44141 43 44195 35 44243 45 44291 98 44397 42 44452 34 44500 44 44547 99 44653 42 44708 33 44756 44 44803 99 44909 40 44964 33 45012 44 45059 99 45165 40 45220 34 45267 45 45315 98 45422 37 45477 33 45523 45 45571 98 45678 37 45733 32 45779 45 45827 98 45935 36 45990 31 46035 45 46083 97 46192 35 46246 31 46291 45 46339 97 46449 34 46503 29 46545 47 46595 97 46705 34 46759 29 46801 47 46852 100 46960 34 47015 29 47056 48 47108 101 47215 35 47270 30 47312 48 47364 103 47471 33 47527 28 47568 48 47621 102 47727 26 47757 3 47783 27 47824 48 47879 102 47982 27 48039 22 48081 47 48136 128 48295 22 48337 47 48395 124 48550 23 48593 47 48652 123 48806 22 48849 47 48910 101 49013 17 49062 22 49105 47 49166 101 49269 17 49318 22 49360 48 49421 102 49527 14 49575 21 49615 49 49677 102 49784 11 49832 20 49871 49 49933 103 50043 4 50088 19 50115 4 50128 1 50133 43 50189 103 50344 19 50371 4 50380 1 50384 1 50389 43 50445 102 50599 20 50627 6 50635 53 50701 102 50856 19 50883 5 50891 53 50951 5 50957 104 51113 23 51138 6 51146 54 51203 2 51207 111 51371 28 51401 55 51459 117 51629 25 51657 55 51714 119 51886 22 51914 175 52126 3 52144 17 52171 174 52379 9 52400 17 52421 1 52427 176 52633 14 52657 15 52683 176 52889 15 52914 13 52939 176 53143 18 53171 13 53194 16 53212 160 53399 19 53428 12 53449 16 53469 159 53651 23 53684 11 53705 14 53727 157 53906 24 53941 10 53962 13 53983 157 54161 26 54201 4 54219 10 54240 156 54416 27 54458 3 54474 11 54497 156 54673 28 54729 10 54758 151 54929 27 54985 10 55015 149 55174 5 55185 28 55241 10 55271 70 55342 78 55429 8 55441 28 55497 11 55527 25 55554 42 55599 76 55685 10 55697 28 55736 6 55754 10 55782 26 55811 41 55855 76 55941 10 55953 28 55991 9 56011 8 56038 26 56067 41 56111 76 56196 11 56209 28 56247 9 56267 7 56293 27 56321 122 56452 41 56503 9 56524 5 56549 149 56708 42 56760 7 56781 4 56805 29 56835 119 56964 43 57016 7 57061 28 57091 118 57220 44 57273 4 57318 27 57347 119 57477 44 57529 3 57575 26 57603 121 57733 44 57831 26 57859 121 57990 43 58088 26 58115 122 58248 3 58253 36 58345 149 58509 36 58601 149 58765 38 58843 2 58855 152 59021 38 59099 1 59111 153 59277 38 59365 156 59532 39 59621 80 59706 72 59787 40 59878 79 59962 73 60043 40 60135 76 60221 1 60225 67 60299 41 60391 76 60481 67 60554 42 60647 47 60699 24 60739 66 60809 44 60903 48 60956 22 60995 66 61065 45 61160 47 61211 23 61252 67 61321 46 61417 39 61461 2 61467 11 61482 6 61508 116 61673 38 61721 7 61775 108 61930 37 61976 8 62031 109 62187 30 62220 3 62232 9 62289 108 62411 9 62443 30 62477 2 62487 10 62513 1 62532 1 62546 107 62667 11 62699 30 62732 2 62742 11 62755 4 62766 3 62775 3 62787 3 62803 106 62922 12 62954 30 62987 3 62998 11 63011 4 63021 4 63030 3 63043 2 63060 105 63177 13 63209 43 63254 12 63267 4 63275 5 63286 3 63317 104 63433 13 63465 44 63511 11 63523 5 63531 5 63541 4 63556 2 63573 107 63688 14 63721 45 63768 9 63793 1 63797 3 63825 112 63943 14 63976 46 64025 8 64048 3 64053 2 64081 112 64199 16 64219 1 64232 47 64281 8 64303 3 64307 2 64337 112 64455 24 64488 56 64560 1 64562 6 64593 112 64711 24 64743 54 64817 7 64850 110 64967 24 64999 53 65073 7 65097 3 65106 110 65223 24 65256 51 65329 7 65352 5 65361 111 65481 22 65511 25
544420,0 65536
548413,0 65536
562305,34 4 292 1 1061 1 1317 2 17402 2 17658 2 17662 2 17915 1 17917 3 18171 1 18174 2 18430 2 18686 2 37253 1 37510 1
563581,0 7008 7009 28012 35023 1 35026 251 35285 248 35542 2 35545 243 35805 226 36032 11 36061 225 36293 2 36317 225 36573 225 36829 225 37085 226 37340 227 37595 228 37851 228 38108 228 38365 227 38622 228 38879 229 39134 235 39381 2 39387 239 39637 2 39643 240 39900 240 40157 234 40395 1 40413 234 40669 235 40916 252 41170 5558 46729 218 46949 32 46987 216 47205 32 47243 214 47460 33 47499 5 47506 243 47762 245 48017 246 48273 245 48528 246 48783 3263 52049 252 52305 252 52560 254 52815 1006 53823 253 54082 6 54089 241 54339 4 54345 237 54595 4 54601 237 54852 245 55108 247 55363 247 55617 248 55866 2711 58578 222 58803 28 58838 217 59062 25 59095 214 59319 24 59351 214 59576 22 59607 214 59833 20 59863 214 60087 22 60118 215 60342 10 60353 11 60374 215 60598 10 60610 9 60623 3 60630 216 60854 11 60867 8 60879 2 60887 216 61109 15 61125 6 61135 2 61143 6 61151 208 61365 14 61383 2 61390 2 61398 218 61621 14 61646 2 61653 215 61869 6 61876 14 61906 217 62126 3 62133 4 62138 8 62161 224 62386 3 62390 2 62394 10 62417 247 62671 250 62924 241 63166 11 63180 241 63423 9 63435 253 63691 250 63942 1 63947 250 64203 250 64458 251 64714 251 64967 569
563999,0 13 80 21 105 1 107 86 195 2 205 38 245 22 336 18 369 8 381 46 435 12 462 36 503 18 593 16 625 6 637 44 691 12 718 35 760 17 849 17 881 6 893 43 948 9 975 36 1017 16 1105 18 1135 8 1149 43 1203 9 1231 36 1273 18 1363 16 1387 61 1459 5 1487 38 1529 18 1619 17 1643 61 1715 3 1743 38 1787 16 1875 20 1897 64 2000 37 2047 12 2131 86 2256 37 2304 7 2386 87 2478 1 2513 36 2560 7 2579 1 2642 87 2760 5 2769 36 2816 7 2833 6 2897 88 3014 9 3025 36 3072 7 3087 8 3153 87 3269 47 3328 11 3343 9 3375 1 3409 87 3523 50 3584 11 3598 10 3629 4 3665 86 3779 50 3840 25 3884 7 3921 86 4034 51 4096 25 4139 9 4177 86 4289 52 4352 25 4393 12 4432 88 4543 54 4608 24 4648 14 4687 90 4799 54 4864 23 4900 18 4943 94 5044 1 5051 59 5120 23 5155 20 5199 167 5376 23 5409 22 5455 167 5632 22 5664 23 5711 167 5888 21 5919 23 5967 167 6144 21 6175 22 6224 166 6400 21 6431 21 6480 166 6656 21 6687 20 6737 165 6912 21 6943 20 6993 165 7168 22 7199 20 7249 165 7424 24 7453 23 7505 165 7680 25 7708 24 7762 164 7936 53 8019 164 8192 53 8275 164 8448 53 8533 162 8704 53 8790 162 8960 54 9048 160 9216 55 9304 160 9472 55 9560 161 9728 56 9816 161 9984 56 10073 160 10240 56 10329 160 10496 56 10585 159 10752 55 10841 158 11008 55 11082 3 11096 159 11264 55 11337 4 11352 158 11520 55 11592 173 11776 55 11849 1 11855 166 12032 54 12105 1 12111 165 12288 54 12360 3 12368 164 12544 54 12614 3 12625 6 12634 153 12800 54 12870 3 12881 6 12890 153 13056 55 13136 9 13151 147 13312 55 13383 1 13392 9 13408 145 13568 56 13638 2 13649 3 13653 2 13665 142 13824 57 13887 4 13892 3 13921 139 14080 60 14142 10 14176 133 14336 73 14432 133 14592 73 14687 133 14848 73 14943 133 15104 75 15197 134 15360 75 15451 135 15616 77 15703 136 15872 77 15959 134 16128 77 16215 130 16384 77 16471 130 16640 77 16727 130 16896 76 16982 131 17152 19 17178 49 17237 132 17408 20 17434 50 17493 132 17664 23 17689 50 17742 1 17748 133 17920 23 17945 48 17998 1 18004 133 18176 23 18202 45 18254 3 18259 135 18430 1 18432 23 18459 44 18510 141 18683 28 18716 43 18766 6 18773 134 18939 28 18973 42 19023 4 19029 134 19195 28 19230 42 19279 140 19451 28 19486 43 19535 141 19707 29 19741 48 19793 139 19965 27 19996 51 20048 140 20222 222 20480 220 20736 85 20822 133 20992 22 21016 60 21079 26 21107 104 21248 17 21268 64 21333 28 21365 102 21504 16 21525 92 21621 102 21760 20 21781 87 21877 102 22004 19 22025 99 22133 101 22259 14 22274 2 22283 3 22288 91 22382 1 22389 100 22514 16 22540 1 22543 92 22636 3 22645 100 22770 14 22785 1 22795 1 22799 97 22902 98 23025 15 23047 1 23051 101 23157 99 23281 15 23307 100 23413 99 23537 15 23563 98 23662 1 23669 99 23793 15 23819 96 23921 1 23923 101 24049 15 24075 95 24175 2 24178 103 24305 15 24331 94 24431 108 24561 15 24577 1 24587 96 24687 109 24817 18 24842 97 24940 113 25072 20 25097 98 25197 114 25328 240 25583 242 25839 244 26094 245 26349 246 26604 247 26859 248 27115 248 27371 247 27628 233 27865 8 27885 232 28143 230 28400 231 28657 191 28849 38 28913 191 29105 39 29170 230 29427 230 29683 230 29939 241 30195 242 30451 243 30708 242 30965 242 31221 243 31479 141 31624 97 31737 138 31881 96 31994 137 32139 95 32253 133 32397 93 32510 132 32646 1 32654 93 32768 130 32911 34 32948 55 33024 117 33143 4 33148 4 33162 1 33167 29 33204 55 33280 113 33394 1 33399 2 33405 2 33415 4 33424 27 33460 56 33536 110 33653 4 33671 6 33678 1 33680 1 33685 20 33717 56 33792 111 33908 4 33926 11 33942 19 33973 56 34048 110 34166 1 34182 1 34190 3 34198 18 34229 12 34246 39 34304 109 34434 1 34447 2 34455 16 34485 12 34503 39 34560 109 34711 14 34743 9 34759 40 34816 109 34927 3 34967 13 34999 8 35015 41 35072 115 35202 2 35226 8 35257 5 35271 44 35328 103 35432 11 35459 1 35483 5 35514 3 35527 45 35584 103 35689 11 35701 3 35783 161 35946 2 35949 7 35957 3 36039 158 36199 2 36205 15 36295 158 36461 16 36487 2 36497 2 36551 159 36713 1 36718 22 36742 5 36749 9 36807 159 36975 21 36999 20 37063 158 37232 4 37238 2 37241 10 37259 20 37319 158 37499 1 37501 2 37515 22 37575 157 37771 24 37831 157 38027 25 38087 158 38283 26 38344 157 38539 26 38585 4 38600 158 38795 34 38839 8 38857 158 39051 34 39093 11 39113 158 39285 7 39306 37 39348 12 39369 158 39541 8 39562 38 39602 15 39624 160 39795 11 39817 56 39880 160 40051 12 40072 57 40136 160 40305 15 40327 58 40392 160 40561 16 40581 61 40649 159 40816 82 40905 159 41071 83 41161 249 41418 248 41675 246 41931 246 42187 246 42444 244 42700 244 42957 38 42999 200 43213 36 43256 199 43469 35 43515 196 43725 34 43773 194 43982 32 44030 193 44239 30 44287 192 44495 30 44544 191 44751 29 44800 190 45007 29 45045 201 45263 29 45299 202 45517 31 45553 204 45773 32 45808 205 46027 242 46283 242 46539 245 46795 245 47050 246 47306 247 47562 247 47818 247 48074 247 48331 246 48586 247 48841 248 49096 249 49352 249 49607 251 49862 253 50116 101 50219 253 50475 253 50730 854 51585 254 51842 250 52100 247 52357 246 52616 243 52873 242 53130 242 53387 242 53643 242 53899 243 54157 6 54164 234 54414 3 54421 234 54677 96 54775 136 54933 96 55031 136 55189 97 55287 136 55445 233 55701 233 55957 232 56213 232 56469 232 56726 106 56834 123 56982 106 57092 121 57235 109 57349 119 57489 111 57605 119 57742 114 57861 119 57995 117 58115 121 58249 29 58279 89 58369 124 58504 31 58537 212 58758 31 58793 213 59011 33 59049 251 59305 251 59562 250 59819 249 60075 249 60332 248 60588 248 60844 248 61100 247 61357 246 61613 245 61869 245 62126 243 62382 243 62637 244 62893 244 63149 243 63403 245 63659 244 63914 245 64170 245 64426 245 64682 248 64938 251 65194 252 65451 85
565798,0 145 148 70 234 15 251 4 256 125 382 5 413 38 452 1 494 7 510 104 631 1 633 3 671 33 751 6 768 100 869 1 889 3 926 36 1007 6 1024 103 1136 2 1143 6 1181 41 1263 6 1280 106 1389 14 1411 1 1433 55 1519 6 1526 1 1536 123 1667 2 1688 56 1775 9 1792 124 1922 4 1942 59 2030 10 2048 124 2175 8 2196 61 2286 10 2304 125 2433 12 2449 66 2536 2 2540 11 2560 125 2690 11 2709 62 2797 10 2816 121 2947 4 2966 61 3054 9 3072 109 3183 9 3204 3 3222 60 3311 7 3328 108 3439 4 3445 1 3480 58 3584 108 3695 3 3737 57 3840 108 3952 2 3997 46 4046 3 4096 108 4208 2 4254 45 4303 3 4352 106 4464 2 4511 42 4608 105 4766 42 4864 104 5023 37 5120 103 5279 3 5283 32 5376 99 5543 26 5632 98 5800 22 5888 49 5938 47 6057 18 6144 95 6313 18 6400 48 6450 12 6463 14 6481 13 6513 2 6570 15 6656 48 6706 12 6719 10 6731 1 6738 9 6827 13 6912 73 6996 5 7168 73 7253 3 7424 73 7500 1 7680 73 7755 3 7936 80 8020 3 8192 82 8275 5 8448 88 8704 87 8960 84 9053 2 9216 84 9309 2 9472 74 9548 7 9728 73 9805 6 9984 73 10240 74 10496 77 10752 73 10826 3 11008 73 11264 73 11520 26 11547 33 11586 7 11776 21 11800 36 11843 6 12032 22 12056 35 12097 8 12288 59 12353 8 12544 59 12607 10 12800 59 12862 11 13056 1 13059 68 13315 68 13572 54 13628 10 13828 53 13884 7 14080 1 14083 52 14141 3 14336 2 14339 36 14376 11 14389 2 14397 3 14592 50 14646 3 14848 51 14901 4 15104 57 15360 57 15616 57 15872 57 16128 57 16384 56 16640 53 16896 52 17152 50 17408 49 17664 48 17743 2 17920 48 17999 3 18176 47 18255 4 18432 47 18511 4 18688 45 18767 6 18944 44 19024 5 19200 43 19279 6 19456 43 19535 6 19712 37 19750 2 19792 7 19968 39 20048 9 20224 39 20303 10 20480 38 20559 10 20736 37 20815 10 20992 36 21071 10 21248 35 21326 8 21504 35 21581 9 21760 33 21835 12 22016 32 22091 12 22272 31 22345 14 22528 29 22597 1 22599 15 22648 2 22784 25 22852 17 22903 6 23040 24 23108 16 23158 8 23296 22 23364 15 23414 9 23552 21 23620 15 23645 2 23670 10 23808 8 23817 10 23875 16 23901 3 23926 11 24064 8 24074 7 24131 16 24157 3 24182 11 24320 5 24328 3 24332 1 24387 15 24413 4 24439 10 24576 5 24585 2 24643 15 24669 4 24695 10 24833 2 24897 16 24926 5 24952 9 24972 1 25153 16 25183 4 25208 9 25227 2 25344 1 25347 2 25408 17 25440 4 25465 10 25601 4 25663 18 25697 4 25721 13 25857 4 25918 18 25953 6 25977 16 26114 3 26174 18 26210 6 26233 17 26429 19 26466 7 26478 3 26489 18 26684 19 26723 6 26733 5 26745 20 26939 15 26979 6 26989 6 27001 21 27194 15 27235 7 27245 6 27258 20 27448 17 27491 8 27502 4 27514 20 27703 18 27747 8 27758 4 27770 20 27958 19 28003 8 28015 3 28025 20 28213 19 28259 8 28271 3 28281 20 28467 21 28516 7 28528 2 28537 18 28723 20 28751 1 28772 7 28785 2 28793 18 28977 22 29028 7 29041 24 29179 2 29233 23 29284 7 29299 22 29433 4 29471 5 29487 25 29525 2 29540 7 29557 20 29687 7 29727 5 29743 25 29781 2 29796 7 29813 20 29943 7 29983 3 29998 26 30037 4 30052 8 30071 18 30197 9 30238 3 30253 26 30294 4 30309 6 30327 17 30453 9 30494 3 30509 26 30551 4 30567 4 30585 14 30709 9 30751 2 30764 27 30806 6 30823 4 30842 13 30965 9 31019 27 31062 7 31081 2 31099 10 31220 10 31275 26 31317 8 31355 10 31476 10 31530 27 31573 9 31612 9 31731 11 31785 28 31829 9 31868 8 31987 11 32040 29 32085 8 32125 4 32243 11 32294 31 32341 8 32361 1 32499 11 32547 34 32597 8 32617 3 32753 13 32802 35 32853 8 32873 4 33009 12 33056 37 33110 6 33129 4 33265 11 33311 38 33366 6 33385 4 33521 8 33565 41 33607 4 33622 7 33641 4 33820 49 33879 8 33897 5 34074 53 34135 11 34154 5 34329 55 34391 12 34409 6 34583 58 34646 14 34665 6 34838 61 34902 14 34922 1 35093 62 35159 14 35347 62 35415 14 35601 58 35661 4 35666 1 35671 14 35855 60 35921 3 35927 14 36109 40 36150 21 36177 4 36183 20 36364 40 36407 20 36433 4 36439 20 36619 40 36665 18 36690 5 36696 21 36873 41 36922 18 36946 5 36952 21 37129 40 37182 15 37203 26 37383 41 37440 13 37459 4 37464 21 37637 42 37699 10 37714 1 37720 21 37893 33 37927 8 37956 8 37969 3 37976 20 37999 1 38148 33 38186 3 38213 7 38225 2 38232 18 38404 33 38444 1 38470 6 38488 18 38652 1 38660 32 38728 5 38743 18 38905 5 38915 32 38984 5 38999 17 39161 6 39171 32 39241 3 39255 14 39415 8 39428 30 39511 8 39670 9 39685 28 39901 1 39927 6 39943 26 40157 2 40183 6 40199 24 40413 4 40439 1 40455 24 40502 1 40670 2 40695 1 40711 23 40853 4 40967 23 41109 3 41201 2 41223 18 41242 2 41363 2 41455 5 41479 18 41546 3 41618 3 41699 2 41710 7 41736 13 41751 2 41769 4 41796 1 41800 7 41872 4 41941 2 41955 6 41966 9 41992 13 42008 1 42020 2 42025 4 42056 7 42128 3 42197 3 42212 5 42222 9 42249 11 42264 1 42274 9 42294 4 42312 8 42383 4 42453 5 42469 4 42477 6 42506 10 42520 1 42529 6 42550 5 42568 7 42638 5 42709 6 42726 4 42733 6 42763 6 42770 2 42776 2 42784 3 42806 5 42824 7 42894 3 42967 4 42984 10 43020 6 43027 2 43032 2 43039 2 43062 5 43080 7 43150 3 43223 5 43240 5 43246 3 43280 3 43289 1 43319 3 43335 6 43479 5 43493 8 43504 1 43537 2 43591 6 43736 4 43749 8 43815 1 43845 8 43993 4 44005 8 44101 8 44249 3 44261 8 44344 2 44353 1 44355 11 44410 1 44495 2 44517 7 44599 3 44609 14 44665 6 44750 4 44773 7 44853 6 44861 21 44884 4 44917 11 45005 6 45108 38 45172 13 45261 5 45307 4 45363 44 45427 14 45620 44 45683 6 45691 6 45850 2 45877 44 45938 5 46062 5 46106 3 46133 44 46193 6 46211 2 46318 5 46363 1 46390 44 46439 2 46449 6 46551 4 46572 7 46586 1 46632 2 46646 45 46695 2 46705 6 46800 5 46806 6 46817 1 46827 8 46842 1 46882 3 46887 4 46901 46 46950 3 46961 5 46969 4 47054 15 47073 1 47084 7 47134 12 47157 46 47205 4 47217 6 47224 8 47309 16 47329 1 47341 5 47389 13 47412 52 47470 19 47493 2 47565 16 47601 2 47645 12 47668 51 47726 21 47749 2 47817 1 47821 16 47857 1 47903 2 47912 1 47924 49 47982 21 48070 24 48115 2 48180 48 48238 20 48325 25 48371 1 48436 48 48489 3 48494 19 48579 33 48693 47 48745 4 48750 19 48835 34 48949 46 49001 4 49007 1 49011 15 49071 6 49090 35 49205 45 49257 4 49267 16 49327 7 49346 37 49399 2 49461 43 49513 3 49520 21 49579 12 49601 38 49654 9 49717 42 49769 3 49776 22 49830 19 49858 37 49910 10 49946 1 49972 43 50024 4 50031 24 50084 21 50114 37 50167 9 50202 2 50228 42 50277 6 50287 24 50339 23 50370 38 50424 7 50458 1 50483 10 50501 24 50532 7 50541 26 50594 26 50625 40 50679 5 50739 10 50757 24 50785 10 50797 26 50849 27 50881 40 50935 4 50995 8 51015 21 51041 39 51085 4 51101 32 51137 36 51250 6 51272 20 51297 39 51340 7 51349 2 51355 34 51393 36 51455 1 51505 6 51529 19 51553 5 51560 28 51596 51 51648 39 51710 2 51760 7 51786 18 51810 3 51816 27 51852 92 51966 2 51971 2 52016 7 52043 17 52072 8 52081 18 52108 93 52203 2 52221 2 52225 5 52272 6 52299 17 52328 26 52365 97 52475 12 52528 5 52555 19 52583 27 52621 98 52731 13 52784 4 52812 19 52839 27 52877 98 52986 14 53021 2 53040 3 53068 21 53091 1 53096 20 53117 4 53132 99 53241 15 53277 2 53296 3 53324 27 53353 17 53372 5 53388 101 53497 16 53533 2 53552 2 53562 1 53579 29 53609 12 53627 6 53643 106 53754 17 53789 1 53817 2 53835 29 53865 12 53883 6 53899 94 53995 12 54010 17 54065 1 54072 5 54089 44 54139 6 54154 94 54251 13 54265 3 54272 11 54303 4 54321 1 54328 6 54345 44 54394 7 54410 93 54507 17 54528 13 54559 6 54578 1 54584 6 54599 45 54646 10 54667 66 54738 16 54756 2 54765 15 54784 13 54816 2 54819 1 54839 6 54855 44 54903 8 54923 66 54995 6 55002 4 55007 1 55021 15 55040 14 55072 2 55090 2 55093 3 55111 44 55159 6 55179 60 55241 4 55254 2 55269 2 55275 18 55296 15 55326 1 55328 2 55345 7 55355 2 55367 44 55415 6 55435 61 55497 3 55510 1 55525 1 55531 18 55552 14 55601 67 55669 8 55691 64 55788 17 55808 14 55857 74 55947 64 56045 1 56049 12 56064 15 56112 75 56204 1 56206 61 56303 10 56314 3 56320 15 56346 1 56367 76 56463 60 56559 14 56576 16 56593 2 56601 2 56622 77 56720 58 56815 14 56832 19 56857 3 56877 78 56977 58 57072 13 57088 19 57113 3 57123 5 57133 78 57214 1 57228 1 57233 58 57318 2 57328 13 57344 19 57370 3 57377 7 57389 78 57470 1 57477 2 57484 2 57490 57 57573 4 57583 14 57600 23 57626 3 57630 3 57637 2 57645 79 57729 6 57740 2 57747 57 57831 3 57837 16 57856 33 57892 4 57897 83 57985 6 57996 2 58004 56 58087 2 58093 16 58112 127 58242 5 58261 57 58349 6 58358 6 58368 127 58499 5 58506 1 58508 3 58517 58 58605 6 58616 4 58624 125 58755 12 58774 55 58860 7 58873 2 58880 127 59011 10 59030 55 59117 6 59136 67 59211 51 59265 12 59278 1 59286 57 59347 3 59373 6 59392 53 59447 12 59467 49 59520 15 59541 59 59603 4 59629 6 59648 44 59697 16 59724 46 59775 2 59781 6 59789 1 59796 62 59859 3 59874 4 59884 8 59904 43 59952 16 59980 46 60029 2 60035 8 60052 60 60129 4 60141 2 60145 3 60160 41 60207 6 60215 9 60238 43 60289 2 60295 5 60311 58 60416 41 60463 2 60466 2 60473 8 60494 43 60543 2 60551 5 60567 62 60638 1 60644 3 60651 1 60672 40 60717 3 60731 6 60750 44 60803 2 60807 5 60813 2 60825 55 60882 3 60893 2 60897 8 60928 41 60973 1 60986 9 61004 46 61057 4 61063 4 61069 2 61083 60 61149 2 61153 8 61184 41 61241 10 61257 11 61269 39 61310 6 61319 4 61324 2 61340 61 61405 15 61440 41 61497 10 61512 11 61525 53 61580 2 61597 61 61659 18 61696 41 61757 6 61767 53 61821 12 61834 3 61855 53 61910 2 61913 1 61915 18 61952 40 62011 8 62020 68 62089 3 62111 53 62169 20 62208 32 62241 3 62267 76 62344 4 62368 54 62423 24 62464 38 62523 75 62600 3 62624 80 62720 39 62773 4 62779 80 62866 1 62879 82 62963 2 62976 39 63029 85 63116 1 63121 1 63135 82 63219 2 63232 39 63285 90 63383 2 63393 76 63471 2 63488 39 63542 89 63638 3 63649 76 63727 1 63744 38 63800 31 63833 44 63882 2 63893 1 63895 2 63906 75 64000 19 64020 17 64057 28 64089 43 64151 1 64163 73 64256 19 64277 2 64280 13 64314 18 64336 3 64345 43 64396 3 64407 1 64419 47 64467 25 64512 19 64537 12 64570 15 64602 43 64651 4 64675 72 64768 19 64793 1 64795 10 64828 11 64863 38 64904 6 64931 70 65024 19 65048 10 65085 8 65119 46 65187 70 65280 33 65341 8 65375 48 65443 68
566885,139 66 213 43 392 68 469 35 505 7 647 69 725 34 761 7 899 74 979 34 1018 6 1154 76 1233 34 1274 6 1406 117 1526 1 1530 6 1661 118 1782 2 1786 6 1914 34 1952 89 2047 1 2169 35 2211 88 2303 1 2427 34 2471 89 2682 35 2727 89 2938 38 2984 88 3194 45 3241 87 3452 132 3709 70 3781 59 3958 75 4037 1 4041 55 4213 76 4301 51 4468 75 4560 48 4723 76 4818 46 4955 4 4980 75 5075 45 5200 2 5211 4 5236 79 5327 2 5333 43 5450 7 5468 3 5473 6 5489 84 5579 2 5584 1 5589 43 5704 8 5724 11 5745 84 5834 2 5845 43 5957 11 5979 14 5999 96 6098 2 6101 43 6211 13 6230 2 6233 18 6255 96 6353 47 6463 17 6483 23 6509 99 6612 44 6715 6 6723 14 6739 24 6764 100 6869 43 6968 6 6977 145 7125 43 7222 202 7475 1 7481 199 7737 199 7991 7 8001 191 8250 4 8256 192 8508 1 8512 150 8664 40 8768 150 8920 40 9018 198 9272 200 9527 201 9784 199 10041 160 10202 37 10296 161 10459 36 10552 162 10715 36 10808 200 11064 200 11265 2 11320 200 11521 1 11530 1 11569 4 11576 200 11783 2 11825 4 11831 201 12075 4 12080 208 12329 215 12583 217 12823 1 12838 218 13076 15 13092 220 13331 237 13569 1 13580 246 13836 246 14083 1 14093 248 14349 250 14605 251 14860 1035 15897 254 16153 254 16409 19177 35587 254 35843 254 36099 62 36162 192 36355 62 36418 253 36675 183 36859 68 36931 182 37115 66 37187 1 37189 179 37374 63 37445 178 37630 63 37701 177 37886 62 37957 177 38142 59 38214 175 38397 59 38470 173 38647 1 38653 59 38724 173 38903 2 38906 62 38980 173 39158 67 39236 169 39414 12 39427 54 39492 159 39658 1 39670 12 39683 54 39747 154 39926 67 40003 153 40182 13 40196 55 40260 151 40442 8 40452 3 40460 49 40517 150 40699 7 40708 3 40715 51 40773 150 40957 6 40965 2 40969 54 41029 150 41213 6 41221 58 41284 151 41468 7 41477 59 41539 152 41718 1 41723 224 41972 21 41994 209 42228 231 42483 232 42739 22 42765 4 42770 2 42773 198 42997 20 43021 4 43026 2 43029 198 43254 19 43277 17 43295 188 43509 20 43533 9 43545 4 43551 188 43764 21 43789 8 43802 3 43809 186 44017 24 44045 10 44066 184 44272 27 44300 11 44324 181 44527 40 44581 180 44782 41 44837 178 45037 41 45094 177 45292 37 45350 178 45547 37 45606 179 45802 38 45857 186 46059 38 46112 83 46197 102 46314 41 46356 1 46369 38 46413 38 46462 95 46569 43 46625 36 46669 18 46688 19 46718 96 46824 44 46889 26 46927 14 46945 16 46973 98 47074 51 47147 1 47149 20 47184 13 47201 16 47229 153 47405 18 47445 8 47458 14 47487 150 47661 18 47701 2 47705 3 47715 12 47743 150 47918 16 47973 10 48000 149 48174 16 48229 10 48257 32 48291 114 48434 3 48440 4 48486 2 48490 5 48515 28 48548 108 48747 3 48771 27 48805 106 49004 1 49028 27 49062 105 49285 12 49298 13 49319 104 49543 6 49553 16 49575 104 49743 2 49800 3 49808 17 49832 27 49864 58 49927 8 49945 3 49997 4 50063 18 50088 26 50121 57 50179 1 50182 9 50201 4 50253 4 50319 19 50343 27 50376 71 50450 3 50455 7 50491 1 50509 4 50571 24 50597 8 50607 19 50631 73 50706 3 50710 9 50746 2 50765 4 50827 24 50852 7 50864 17 50888 86 51002 2 51021 4 51081 32 51121 14 51146 84 51258 2 51277 4 51337 32 51377 13 51402 83 51533 2 51593 32 51633 12 51658 83 51789 2 51849 32 51890 10 51914 81 52105 32 52154 1 52170 81 52360 36 52425 81 52616 36 52676 84 52873 36 52930 83 53128 39 53185 84 53380 1 53384 41 53439 84 53640 43 53693 86 53896 43 53948 74 54023 9 54152 44 54201 87 54408 45 54455 76 54533 4 54538 5 54666 44 54711 76 54790 2 54923 43 54968 75 55180 41 55227 72 55436 41 55484 71 55692 42 55741 69 55948 43 55997 70 56205 118 56379 1 56461 120 56635 1 56718 119 56891 1 56974 119 57147 1 57230 119 57403 2 57485 120 57659 2 57739 6 57746 115 57915 1 57994 7 58003 114 58135 2 58171 1 58248 9 58258 115 58391 2 58427 1 58501 128 58683 1 58749 5 58757 126 59005 123 59131 7 59257 125 59387 7 59511 126 59644 6 59766 127 59897 9 60021 128 60153 9 60276 129 60410 8 60531 129 60666 8 60785 130 60925 5 61041 130 61182 4 61294 133 61438 4 61549 134 61694 3 61804 135 61949 3 62059 136 62203 7 62310 141 62458 8 62565 143 62714 8 62820 146 62970 6 62977 1 63075 148 63227 5 63331 146 63483 5 63587 146 63739 5 63843 144 63995 5 64099 144 64251 5 64355 142 64507 5 64610 143 64763 5 64865 143 65122 142 65378 143 65530 1
567096,0 65536
567220, 
567636,0 103 208 15 256 101 468 9 512 101 725 8 768 101 981 9 1024 101 1237 10 1280 103 1455 6 1484 3 1493 10 1536 103 1709 8 1739 4 1749 10 1792 103 1960 14 1990 1 1994 6 2005 10 2048 103 2215 17 2245 11 2261 10 2304 103 2439 2 2469 20 2501 11 2517 10 2560 103 2693 6 2724 22 2758 8 2773 10 2816 103 2947 11 2979 24 3015 5 3029 10 3072 103 3201 14 3235 24 3273 2 3285 10 3328 103 3456 16 3491 26 3541 9 3584 103 3711 18 3747 28 3797 8 3840 103 3967 19 4003 30 4054 7 4096 104 4223 20 4259 30 4311 6 4352 104 4477 22 4514 31 4569 3 4608 103 4731 26 4770 31 4864 103 4984 29 5025 32 5120 102 5239 30 5281 32 5376 103 5493 34 5537 31 5632 104 5749 34 5793 31 5888 105 6004 35 6049 31 6144 105 6260 36 6305 31 6400 105 6516 36 6561 30 6656 105 6771 36 6817 30 6912 105 7027 36 7073 27 7168 105 7283 36 7329 26 7424 105 7536 41 7585 23 7680 105 7791 42 7842 21 7936 104 8047 44 8098 21 8192 103 8303 44 8354 20 8449 100 8559 44 8611 18 8705 100 8815 44 8867 18 8962 97 9070 45 9123 16 9219 94 9326 45 9379 16 9475 93 9583 44 9636 13 9731 92 9839 44 9892 13 9987 44 10035 44 10095 44 10149 10 10243 43 10292 44 10351 44 10406 7 10499 42 10549 43 10608 42 10755 41 10805 43 10864 42 11009 43 11061 44 11121 40 11265 43 11316 45 11378 40 11520 43 11573 44 11635 40 11776 43 11829 44 11891 40 12032 43 12085 45 12148 40 12288 43 12341 45 12404 40 12544 43 12597 44 12661 38 12800 43 12853 35 12890 6 12917 38 13056 42 13109 34 13174 37 13312 41 13365 32 13431 36 13568 41 13623 29 13689 33 13824 41 13879 28 13947 30 14080 41 14138 25 14177 4 14208 24 14336 41 14397 22 14432 6 14466 5 14473 15 14592 40 14656 19 14687 8 14723 2 14729 15 14848 39 14915 15 14943 8 14978 3 14985 16 15104 39 15173 14 15198 11 15233 4 15241 19 15261 8 15360 39 15429 14 15453 13 15485 9 15497 30 15616 39 15687 2 15691 10 15709 76 15872 39 15948 9 15965 78 16128 39 16204 9 16221 80 16384 39 16460 9 16477 80 16640 28 16669 10 16717 8 16734 81 16896 27 16927 6 16973 7 16991 80 17152 25 17230 5 17251 77 17408 23 17487 4 17508 76 17664 22 17765 75 17920 21 18021 76 18176 8 18185 10 18279 74 18432 7 18442 7 18535 74 18688 7 18699 4 18791 74 18944 7 19047 74 19201 3 19303 45 19350 27 19457 1 19560 39 19601 1 19607 26 19816 31 19864 23 20071 32 20120 23 20327 31 20377 22 20555 4 20583 30 20634 20 20808 8 20838 31 20891 19 21062 11 21093 31 21148 18 21317 14 21349 29 21405 17 21572 17 21604 29 21661 18 21824 25 21859 28 21917 20 22079 26 22115 27 22173 20 22326 3 22333 29 22371 25 22429 22 22580 39 22626 25 22685 23 22834 41 22881 24 22941 28 23090 42 23137 23 23197 30 23345 44 23394 21 23454 31 23600 45 23650 21 23710 31 23855 48 23907 19 23967 31 24111 48 24163 19 24224 31 24365 50 24420 17 24481 31 24621 50 24676 17 24737 32 24875 53 24933 16 24995 32 25131 53 25189 16 25251 34 25387 53 25447 14 25507 35 25643 53 25704 13 25762 37 25899 53 25961 11 26018 39 26155 53 26219 8 26274 39 26411 52 26477 5 26531 39 26667 52 26787 40 26902 3 26923 52 27043 40 27157 5 27179 52 27299 40 27411 8 27435 51 27556 39 27667 8 27691 51 27812 39 27923 8 27947 50 28069 38 28179 8 28203 50 28325 38 28435 8 28459 50 28581 37 28692 7 28715 49 28837 37 28951 1 28972 47 29066 5 29079 2 29100 29 29229 46 29321 7 29335 4 29357 28 29497 33 29575 26 29615 26 29753 33 29831 28 29872 25 30009 32 30087 30 30131 21 30265 32 30343 30 30389 19 30521 30 30597 32 30646 17 30778 29 30853 32 30903 16 31035 28 31107 34 31159 15 31291 27 31362 35 31415 15 31550 23 31615 37 31672 13 31809 20 31869 40 31928 13 32071 13 32123 42 32185 11 32328 11 32379 42 32441 11 32475 4 32587 6 32633 45 32698 9 32731 5 32889 46 32956 6 32987 6 33144 47 33242 9 33400 48 33498 9 33655 50 33754 9 33911 50 34010 9 34166 53 34266 10 34421 54 34521 14 34677 56 34776 18 34931 59 35032 19 35185 62 35287 20 35441 62 35543 20 35696 64 35799 20 35952 64 36054 22 36208 64 36309 22 36463 65 36565 22 36719 64 36821 22 36975 64 37078 21 37230 65 37335 18 37486 65 37591 17 37741 65 37848 13 37997 66 38105 11 38202 3 38253 66 38367 2 38457 6 38509 66 38713 12 38765 67 38968 13 39021 67 39186 5 39223 15 39277 68 39442 5 39479 15 39533 68 39697 8 39733 17 39789 68 39953 8 39989 17 40045 68 40210 8 40245 17 40303 38 40342 8 40351 19 40467 7 40502 16 40559 37 40598 7 40611 15 40669 1 40721 10 40759 14 40816 36 40854 7 40869 12 40920 16 40953 6 40977 10 41016 15 41037 4 41072 35 41110 6 41125 12 41173 20 41209 7 41233 9 41273 26 41329 34 41365 4 41370 1 41382 11 41427 24 41465 7 41490 8 41539 16 41585 34 41622 4 41639 10 41677 30 41721 7 41747 6 41758 2 41795 17 41842 31 41878 6 41896 7 41931 33 41977 7 42003 6 42014 3 42050 18 42099 30 42133 7 42153 4 42187 33 42233 7 42260 5 42270 2 42306 15 42355 30 42389 7 42442 35 42489 7 42517 4 42526 2 42562 15 42611 30 42645 7 42697 38 42745 7 42773 3 42782 2 42818 15 42867 30 42903 4 42953 40 43001 7 43029 2 43038 2 43074 15 43123 30 43209 40 43257 7 43283 5 43294 2 43330 16 43380 31 43466 42 43513 7 43537 8 43549 3 43587 15 43637 30 43722 43 43768 8 43793 16 43843 15 43893 31 43979 53 44048 17 44099 15 44150 30 44235 53 44303 18 44355 14 44406 30 44492 52 44559 18 44611 14 44663 28 44749 51 44813 19 44867 13 44919 28 45006 50 45069 19 45107 2 45123 13 45175 27 45263 49 45325 18 45362 8 45380 12 45432 25 45520 48 45581 18 45617 10 45636 12 45689 24 45776 48 45837 17 45873 10 45893 10 45931 3 45945 23 46033 47 46093 16 46129 11 46149 10 46185 8 46201 22 46289 47 46351 14 46385 12 46407 6 46437 15 46458 19 46546 46 46605 16 46641 12 46693 16 46715 17 46803 45 46858 20 46897 14 46947 18 46973 12 47061 43 47112 23 47153 14 47203 18 47230 9 47317 43 47368 24 47410 14 47457 21 47574 42 47624 25 47667 13 47713 21 47830 42 47880 26 47915 6 47923 13 47967 22 48087 41 48135 28 48170 9 48180 12 48223 22 48343 41 48391 44 48439 6 48477 24 48599 30 48632 8 48647 45 48732 24 48855 30 48889 7 48903 46 48985 27 49111 28 49146 6 49159 46 49240 28 49367 28 49403 5 49415 46 49495 29 49622 27 49660 3 49671 48 49751 30 49878 26 49926 51 50007 30 50134 25 50179 55 50263 30 50390 25 50432 64 50519 29 50577 3 50646 23 50688 65 50775 28 50832 5 50902 21 50944 67 51031 26 51087 8 51159 16 51200 67 51288 24 51343 10 51416 11 51456 69 51545 22 51598 19 51676 3 51712 69 51802 21 51852 25 51968 69 52060 17 52104 32 52224 69 52317 16 52358 35 52480 69 52574 14 52612 39 52736 69 52831 12 52868 39 52992 69 53089 8 53123 40 53248 69 53347 4 53379 41 53504 69 53635 42 53682 3 53760 69 53891 52 54016 69 54147 54 54272 69 54402 55 54528 68 54657 57 54784 67 54913 57 55040 55 55169 57 55296 55 55424 58 55552 53 55680 59 55808 53 55936 59 56064 48 56136 1 56191 60 56320 48 56389 7 56447 60 56576 47 56643 10 56701 62 56832 47 56899 11 56957 62 57088 47 57154 13 57211 64 57287 4 57344 1 57347 44 57410 13 57467 64 57543 5 57600 1 57605 41 57665 15 57719 68 57797 8 57861 41 57921 15 57975 68 58053 8 58123 35 58167 27 58230 69 58307 10 58381 32 58421 30 58485 70 58563 10 58638 16 58657 12 58673 34 58741 70 58819 10 58896 13 58913 12 58929 35 58996 71 59074 11 59157 6 59170 11 59182 41 59252 52 59306 17 59330 12 59377 11 59415 2 59427 52 59508 50 59564 14 59586 12 59632 16 59685 52 59764 49 59822 11 59843 10 59886 18 59942 51 60020 48 60079 9 60099 10 60141 19 60198 52 60277 46 60355 12 60397 19 60453 54 60533 46 60612 12 60653 19 60707 56 60789 18 60811 3 60816 18 60871 2 60875 8 60909 19 60963 56 61045 18 61075 14 61130 9 61164 20 61219 56 61302 15 61336 8 61385 10 61419 21 61475 57 61559 14 61594 5 61641 10 61675 21 61731 57 61815 12 61895 12 61931 21 61987 58 62072 11 62151 12 62187 21 62244 57 62329 9 62405 13 62442 22 62501 56 62587 6 62661 12 62697 23 62757 56 62845 3 62917 11 62952 24 63013 56 63173 11 63208 24 63269 56 63399 2 63430 10 63466 22 63525 56 63651 8 63686 10 63722 22 63781 56 63903 13 63943 8 63978 22 64037 56 64158 14 64199 7 64235 21 64293 56 64411 18 64458 1 64491 21 64549 56 64666 19 64747 21 64806 55 64922 19 65005 19 65062 55 65179 18 65261 19 65319 53 65435 18 65517 19
570211,0 65536
578073,1 9 19 12 33 34 68 2 146 5 165 14 197 5 216 46 298 12 312 5 422 12 473 44 555 10 569 2 679 10 730 43 811 10 825 2 935 9 984 44 1065 12 1079 4 1191 10 1239 46 1320 18 1447 10 1471 4 1485 1 1492 49 1570 2 1575 20 1703 10 1728 4 1740 4 1746 50 1822 31 1959 10 1986 1 1995 57 2056 2 2075 1 2078 7 2086 22 2214 11 2233 2 2251 58 2311 2 2330 9 2343 20 2470 11 2491 1 2505 61 2567 2 2586 7 2599 18 2727 10 2761 64 2843 4 2855 16 2983 9 3022 59 3099 4 3111 16 3239 9 3279 58 3367 16 3496 7 3534 59 3623 16 3752 6 3790 57 3879 16 4046 57 4135 16 4301 59 4392 15 4409 1 4559 57 4649 13 4815 56 4907 10 5071 56 5163 6 5326 52 5552 2 5581 52 5807 6 5837 52 6062 9 6093 53 6317 10 6349 53 6440 7 6573 10 6604 53 6696 7 6829 10 6860 52 6951 9 7084 11 7116 52 7207 9 7340 12 7373 51 7462 10 7595 13 7629 38 7668 1 7670 10 7718 9 7851 13 7885 37 7927 1 7930 2 7934 2 7960 5 7973 10 8108 11 8145 33 8216 5 8229 10 8364 11 8402 31 8473 6 8485 8 8620 10 8661 28 8729 4 8742 3 8876 9 8918 27 9133 8 9175 26 9247 2 9259 2 9328 1 9389 8 9431 26 9502 4 9513 5 9582 4 9645 6 9691 22 9758 3 9769 6 9838 4 9902 4 9947 22 10025 7 10094 4 10203 22 10281 8 10350 3 10459 22 10535 11 10715 22 10790 12 10971 22 11045 12 11154 1 11227 22 11301 12 11408 2 11483 22 11547 22 11740 21 11803 21 11996 21 12059 20 12252 23 12315 19 12508 22 12572 16 12704 3 12764 17 12829 14 12959 6 13020 16 13042 1 13087 10 13214 9 13276 15 13297 3 13343 4 13349 3 13469 13 13514 1 13532 14 13552 3 13600 3 13725 23 13767 4 13787 14 13807 4 13857 1 13980 25 14023 4 14043 13 14063 2 14080 1 14236 31 14278 6 14286 3 14295 14 14336 2 14492 33 14534 13 14549 16 14592 7 14747 40 14789 32 14848 8 15003 40 15045 9 15055 21 15104 2 15107 4 15259 40 15301 7 15311 21 15337 2 15360 7 15515 40 15557 6 15567 21 15593 2 15615 3 15771 41 15813 2 15823 20 15871 3 15929 3 16027 41 16070 2 16079 20 16127 4 16182 7 16283 41 16326 1 16335 18 16378 3 16382 6 16437 8 16539 41 16591 17 16634 11 16695 7 16795 40 16847 15 16890 9 16951 7 17051 39 17102 17 17146 9 17208 7 17306 39 17357 18 17401 10 17463 8 17555 2 17562 38 17613 18 17656 11 17718 11 17816 39 17861 2 17868 18 17911 11 17974 11 18071 40 18125 16 18167 12 18195 3 18230 9 18327 39 18381 16 18424 11 18450 3 18486 8 18579 43 18637 16 18661 2 18680 12 18697 4 18702 1 18733 2 18744 5 18827 52 18892 16 18916 5 18936 12 18951 9 18989 2 19001 3 19082 53 19147 17 19172 5 19192 23 19243 9 19253 7 19261 3 19337 54 19403 16 19429 4 19449 22 19499 26 19592 55 19655 1 19658 17 19685 5 19704 23 19757 26 19846 58 19909 6 19917 12 19940 6 19961 23 20013 27 20101 59 20165 6 20173 10 20195 8 20217 22 20267 31 20355 61 20420 7 20430 8 20451 9 20474 21 20513 42 20609 75 20687 7 20707 10 20730 21 20769 42 20864 76 20943 6 20963 10 20986 21 21025 43 21120 77 21200 1 21219 10 21242 20 21280 44 21375 66 21443 12 21459 2 21476 9 21499 18 21535 45 21632 64 21700 11 21714 3 21732 10 21745 1 21755 12 21790 46 21888 63 21957 10 21969 4 21988 15 22011 12 22046 46 22145 62 22213 15 22245 15 22267 12 22301 47 22401 59 22470 11 22482 1 22501 15 22525 11 22539 2 22557 47 22628 2 22651 3 22657 59 22726 10 22757 15 22781 12 22794 4 22805 1 22811 48 22882 5 22907 3 22911 44 22960 11 22985 3 22990 1 23013 13 23037 16 23062 1 23066 49 23137 6 23163 2 23167 44 23217 9 23241 2 23269 12 23294 17 23315 1 23317 54 23393 4 23419 2 23423 44 23475 6 23525 14 23550 20 23571 55 23649 4 23675 2 23680 42 23733 3 23781 19 23807 62 23873 8 23931 1 23937 40 23982 3 23989 3 24038 19 24063 61 24131 5 24193 40 24237 6 24245 3 24295 17 24319 60 24389 2 24451 38 24490 14 24519 4 24551 12 24575 60 24645 2 24708 35 24746 13 24773 8 24807 10 24831 60 24966 29 25001 14 25027 10 25041 2 25064 7 25088 59 25223 25 25258 13 25282 11 25297 2 25321 4 25344 60 25481 21 25514 13 25538 12 25558 1 25568 2 25600 60 25737 21 25770 13 25794 12 25813 2 25817 4 25823 4 25856 60 25994 18 26025 14 26051 11 26073 13 26112 59 26250 17 26282 13 26307 12 26334 9 26368 59 26490 1 26506 16 26538 2 26543 7 26554 4 26563 12 26578 3 26595 4 26624 59 26745 2 26762 15 26794 2 26799 1 26802 3 26808 6 26820 17 26850 7 26880 59 27001 2 27017 16 27049 4 27055 1 27057 2 27062 8 27078 5 27086 4 27107 6 27136 59 27258 1 27274 15 27306 3 27313 1 27317 10 27335 4 27342 3 27365 4 27392 58 27530 15 27561 7 27573 10 27597 3 27648 57 27787 14 27817 7 27827 12 27852 4 27904 57 28043 13 28070 7 28078 16 28109 1 28160 57 28298 14 28325 8 28334 15 28411 1 28416 57 28554 14 28580 9 28590 15 28663 6 28671 58 28810 15 28836 9 28847 4 28853 8 28912 4 28917 27 28945 42 29064 19 29110 7 29167 32 29201 42 29319 21 29366 7 29422 77 29575 22 29622 2 29677 78 29831 22 29933 78 30087 23 30111 2 30189 78 30343 26 30445 78 30597 27 30702 77 30853 27 30958 77 31095 3 31109 26 31214 74 31349 6 31365 27 31470 72 31604 11 31619 29 31726 71 31860 45 31981 70 32115 49 32237 68 32371 14 32387 33 32494 66 32627 45 32673 3 32751 64 32883 44 32930 1 32939 1 33007 63 33138 45 33263 64 33394 41 33437 2 33519 64 33649 40 33775 64 33905 40 34031 64 34161 39 34287 17 34306 44 34417 21 34440 15 34543 17 34563 43 34672 22 34697 14 34801 6 34819 43 34928 23 34954 11 35057 6 35075 37 35184 23 35213 6 35312 6 35333 35 35439 23 35568 5 35589 35 35695 23 35824 5 35845 32 35879 2 35952 21 36080 4 36101 32 36208 21 36337 2 36357 31 36464 21 36593 2 36613 31 36720 20 36870 30 36977 18 37127 28 37232 18 37383 28 37488 17 37640 27 37745 16 37897 25 37928 1 37931 2 38001 15 38153 23 38184 8 38257 15 38346 11 38409 22 38441 7 38513 15 38600 13 38667 16 38695 10 38769 15 38855 17 38923 12 38951 10 39025 15 39110 21 39167 2 39207 10 39281 15 39365 23 39421 5 39463 9 39537 15 39621 23 39677 6 39725 1 39793 14 39877 23 39933 6 40049 14 40133 24 40189 8 40305 12 40388 25 40445 8 40561 12 40644 25 40701 11 40819 9 40900 26 40956 12 41075 8 41156 26 41211 12 41411 27 41466 12 41667 26 41722 12 41921 28 41978 14 42176 29 42233 16 42344 5 42431 29 42491 14 42599 7 42687 28 42747 13 42853 10 42943 28 43002 14 43109 10 43199 27 43255 16 43364 12 43455 24 43508 19 43619 13 43711 24 43763 22 43874 14 43968 22 44019 23 44129 15 44225 21 44275 24 44384 16 44482 20 44529 26 44639 17 44740 18 44786 26 44895 16 44997 17 45042 27 45151 16 45253 17 45297 29 45406 17 45508 18 45554 27 45661 17 45764 18 45796 2 45810 27 45917 16 46021 17 46051 4 46066 27 46173 16 46277 17 46307 4 46323 25 46429 15 46533 17 46562 7 46570 3 46577 27 46669 2 46685 14 46789 17 46817 11 46833 26 46923 6 46941 14 47046 15 47071 42 47177 8 47197 13 47301 16 47325 42 47432 9 47454 11 47557 16 47577 1 47580 38 47687 10 47711 10 47813 17 47833 22 47857 17 47943 10 47967 10 48070 41 48114 16 48199 10 48223 9 48327 40 48370 16 48455 10 48480 7 48583 40 48626 16 48711 10 48738 2 48839 40 48883 15 48968 8 49097 8 49106 29 49141 14 49224 7 49353 6 49362 30 49397 13 49611 2 49619 30 49653 13 49867 2 49875 30 49910 10 50122 3 50131 31 50166 10 50378 3 50387 32 50422 10 50634 3 50643 32 50679 9 50891 1 50899 32 50935 9 51155 32 51192 8 51411 32 51449 7 51667 32 51708 4 51922 33 51965 3 52171 40 52222 2 52427 40 52477 3 52680 43 52733 3 52936 43 52989 3 53037 6 53113 4 53193 42 53245 3 53290 9 53368 7 53449 41 53501 3 53545 11 53623 8 53671 1 53678 1 53705 40 53759 1 53801 12 53879 8 53927 1 53933 6 53961 40 54015 1 54056 13 54135 10 54182 15 54217 40 54312 13 54391 10 54437 18 54473 39 54568 13 54647 10 54691 20 54728 37 54824 13 54903 10 54937 4 54947 20 54983 36 55079 14 55159 10 55191 8 55201 24 55234 1 55237 36 55334 15 55414 12 55445 36 55489 40 55591 14 55670 12 55700 39 55745 1 55747 38 55847 14 55926 12 55956 39 56002 39 56103 14 56183 10 56211 40 56258 41 56358 14 56413 1 56439 10 56467 40 56512 43 56611 17 56668 3 56695 9 56722 43 56767 46 56863 21 56925 2 56951 8 56978 43 57023 47 57122 17 57209 2 57235 93 57378 17 57490 94 57635 14 57745 96 57891 13 58001 96 58151 6 58256 97 58407 5 58512 98 58768 99 59023 100 59280 99 59537 98 59793 98 60048 99 60304 100 60560 101 60816 101 61072 101 61326 103 61582 102 61837 102 62093 102 62208 1 62349 101 62464 2 62605 101 62720 2 62803 8 62859 39 62901 61 63059 8 63115 38 63157 60 63314 10 63371 34 63413 60 63569 12 63625 36 63668 59 63743 1 63825 12 63881 35 63923 54 63998 2 64038 4 64079 15 64137 36 64179 53 64254 2 64290 9 64333 18 64394 36 64435 52 64509 3 64545 10 64580 4 64589 19 64651 34 64691 52 64765 3 64801 10 64835 8 64845 20 64907 34 64947 51 65006 1 65019 7 65057 10 65091 8 65100 21 65164 33 65203 50 65261 2 65274 6 65281 1 65313 8 65347 30 65421 32 65459 50 65513 8 65527 8
580255,43 58 102 58 301 17 321 93 557 16 578 92 813 16 835 92 1069 16 1091 93 1325 15 1347 95 1581 15 1604 31 1636 63 1837 14 1862 29 1893 62 2093 13 2119 28 2149 62 2349 12 2375 92 2606 11 2631 92 2863 8 2887 92 3119 8 3143 92 3377 4 3399 91 3635 1 3655 91 3912 90 4169 88 4427 86 4534 5 4685 84 4788 7 4942 83 5042 11 5199 82 5297 12 5456 82 5552 16 5713 82 5807 19 5972 79 6063 25 6231 76 6319 26 6491 72 6573 28 6747 72 6829 28 6999 115 7253 117 7507 120 7762 121 8016 124 8264 133 8517 90 8608 46 8772 87 8864 47 9026 86 9120 48 9281 86 9376 48 9472 5 9536 87 9632 49 9728 5 9791 86 9888 49 9984 6 10046 86 10144 51 10240 6 10301 85 10399 52 10496 6 10557 82 10655 52 10752 6 10813 81 10911 52 11008 5 11068 76 11166 53 11264 5 11324 75 11422 53 11520 5 11579 75 11678 53 11776 6 11835 75 11934 53 12032 6 12091 74 12190 53 12285 9 12347 74 12446 53 12540 9 12602 76 12703 53 12795 10 12857 77 12959 53 13051 5 13057 4 13113 77 13215 54 13306 6 13369 77 13471 54 13562 6 13625 77 13728 53 13818 6 13881 76 13984 54 14074 6 14137 76 14241 54 14329 7 14393 76 14497 55 14585 7 14649 76 14752 57 14841 7 14905 76 15007 58 15097 7 15161 77 15261 61 15353 7 15418 77 15517 61 15609 7 15675 76 15772 62 15865 7 15931 75 16027 62 16121 7 16188 74 16283 62 16378 6 16445 73 16539 62 16635 5 16703 70 16795 61 16894 2 16959 70 17051 61 17216 68 17307 60 17472 67 17565 58 17661 2 17729 65 17825 54 17915 5 17985 64 18081 54 18171 5 18242 62 18339 52 18427 5 18499 60 18596 33 18631 16 18683 5 18750 1 18763 52 18858 27 18887 16 18938 6 19005 3 19020 51 19116 25 19144 15 19194 6 19259 6 19277 50 19375 22 19400 15 19449 7 19516 5 19533 50 19633 19 19656 15 19705 7 19772 5 19789 50 19893 14 19913 12 19962 6 20029 3 20040 55 20150 13 20173 6 20218 6 20292 56 20355 3 20411 7 20474 6 20547 56 20609 6 20669 4 20730 6 20803 54 20865 7 20882 2 20986 6 21058 55 21120 8 21138 5 21242 6 21314 55 21376 9 21393 8 21498 6 21569 55 21631 10 21645 14 21754 6 21825 54 21888 29 22011 5 22080 53 22144 29 22267 5 22333 55 22401 30 22525 3 22588 57 22657 30 22839 62 22913 30 23093 64 23170 29 23347 67 23426 29 23603 67 23682 29 23859 68 23938 29 24114 69 24194 29 24369 71 24449 28 24625 72 24705 28 24880 74 24961 28 25135 76 25216 29 25391 110 25505 3 25647 110 25761 3 25903 110 26017 2 26159 110 26274 1 26415 110 26671 110 26926 113 27181 115 27434 115 27550 1 27689 116 27945 115 28200 115 28456 112 28712 111 28968 112 29224 112 29479 114 29735 115 29991 116 30248 115 30425 7 30504 115 30679 11 30761 115 30935 12 31017 114 31190 13 31273 71 31347 40 31446 13 31531 68 31605 38 31702 14 31788 67 31861 37 31957 16 32045 66 32124 30 32213 16 32302 65 32380 29 32469 16 32559 63 32637 28 32725 17 32816 62 32893 28 32981 17 33074 59 33150 26 33237 18 33331 58 33406 25 33492 19 33589 55 33663 20 33747 19 33845 54 33919 18 34003 19 34101 54 34175 14 34258 19 34357 54 34431 11 34514 19 34612 55 34687 10 34769 19 34868 55 34943 9 35026 17 35123 55 35199 8 35283 16 35379 54 35455 7 35539 16 35636 49 35714 1 35797 13 35893 48 36054 12 36151 8 36162 33 36312 9 36419 32 36568 9 36678 29 36825 8 36939 23 37081 7 37197 20 37337 7 37454 19 37594 5 37711 17 37967 17 38224 15 38479 14 38734 5 38989 6 39245 6 39501 6 39757 6 40013 6 40271 3 43266 3 43521 5 43776 9 44032 9 44288 10 44544 10 44801 8 45057 8
580290,0 65536
584567,0 42 57 47 221 77 317 42 477 77 574 41 733 76 830 41 989 76 1085 42 1245 76 1339 44 1501 75 1595 44 1757 72 1848 47 2013 70 2103 48 2268 72 2358 49 2524 72 2614 48 2780 71 2869 39 2912 5 3036 68 3125 39 3169 2 3292 67 3381 40 3547 68 3637 40 3803 67 3892 41 4059 66 4147 42 4251 4 4315 66 4402 44 4505 8 4571 66 4657 45 4761 13 4827 66 4913 45 5017 14 5083 66 5168 46 5272 15 5339 64 5417 4 5424 47 5527 17 5598 1 5602 57 5672 5 5680 47 5782 18 5859 52 5926 29 5958 25 6037 20 6115 51 6182 29 6215 24 6293 20 6372 35 6414 5 6438 27 6471 24 6547 22 6573 4 6629 34 6694 27 6727 25 6803 22 6827 6 6886 32 6951 6 6959 17 6984 24 7040 7 7057 33 7143 31 7208 4 7215 16 7240 25 7295 10 7313 33 7400 29 7472 15 7497 24 7548 14 7568 34 7641 8 7657 28 7728 15 7753 25 7803 16 7823 35 7896 9 7913 26 7985 14 8009 26 8056 19 8079 35 8150 12 8169 23 8241 14 8265 26 8311 21 8335 35 8405 14 8425 23 8497 14 8521 27 8567 22 8590 36 8660 15 8681 23 8753 14 8776 28 8822 60 8915 16 8937 23 9010 14 9032 27 9077 61 9171 17 9193 23 9266 14 9283 2 9287 28 9333 61 9427 18 9449 23 9522 49 9586 63 9682 46 9778 49 9841 64 9937 47 10034 48 10095 66 10193 46 10290 47 10351 32 10385 31 10448 44 10546 46 10607 30 10641 31 10703 43 10803 44 10862 31 10897 30 10959 42 11059 7 11068 33 11117 30 11153 30 11215 42 11316 5 11324 33 11373 30 11409 29 11471 43 11580 33 11627 31 11665 28 11726 45 11837 31 11883 30 11921 28 11982 45 12093 31 12136 33 12177 27 12237 46 12349 30 12391 33 12433 26 12493 46 12544 3 12605 30 12645 35 12689 26 12749 47 12800 4 12861 30 12901 35 12946 25 13005 47 13056 5 13117 30 13157 35 13203 22 13261 48 13312 5 13373 30 13413 36 13459 22 13517 48 13568 6 13620 4 13629 30 13669 37 13717 18 13774 25 13803 19 13824 6 13875 6 13885 30 13925 38 13976 14 14030 24 14059 19 14080 6 14131 6 14138 2 14142 29 14181 38 14285 24 14316 19 14336 5 14387 5 14393 3 14399 28 14437 38 14541 23 14573 23 14643 5 14651 1 14653 2 14657 26 14692 40 14797 20 14830 21 14899 5 14910 1 14915 24 14947 41 15014 3 15052 20 15086 18 15156 4 15173 22 15202 43 15269 5 15306 20 15343 17 15415 1 15430 21 15457 44 15524 7 15561 20 15600 16 15677 2 15686 20 15712 47 15779 8 15815 22 15857 15 15934 1 15943 18 15967 49 16035 7 16071 22 16113 15 16186 2 16189 2 16198 19 16219 54 16292 5 16325 23 16370 14 16441 6 16454 19 16475 54 16549 4 16581 23 16627 13 16697 7 16711 14 16729 58 16837 23 16883 13 16953 7 16967 13 16986 61 17092 24 17141 11 17209 7 17223 11 17242 63 17347 25 17399 9 17465 7 17479 10 17498 63 17603 25 17662 2 17722 6 17736 8 17754 64 17860 25 17918 2 17979 4 17992 7 18010 65 18116 25 18174 2 18236 2 18266 65 18373 24 18429 3 18522 65 18629 26 18685 3 18777 51 18829 13 18886 26 18940 4 19032 51 19085 13 19143 25 19195 5 19287 52 19342 11 19399 26 19451 5 19542 52 19598 11 19656 25 19706 6 19797 52 19855 9 19912 25 19961 7 20053 51 20111 9 20167 26 20217 7 20308 51 20367 9 20422 27 20465 15 20564 49 20623 9 20677 28 20719 17 20820 48 20881 7 20933 28 20972 20 21076 48 21137 6 21189 28 21227 21 21332 48 21445 28 21481 23 21588 48 21701 28 21737 23 21799 5 21845 47 21911 2 21957 27 21991 25 22053 9 22101 47 22167 4 22212 27 22247 25 22309 10 22357 48 22421 7 22468 25 22502 26 22565 11 22613 49 22676 9 22725 22 22757 27 22821 11 22870 51 22927 15 22982 19 23013 27 23077 11 23127 52 23183 15 23239 17 23269 27 23334 9 23384 25 23411 44 23498 13 23525 27 23591 8 23641 23 23671 40 23757 9 23781 27 23898 20 23928 39 24017 2 24039 25 24155 18 24185 38 24295 25 24410 11 24442 36 24554 22 24665 12 24699 35 24800 5 24811 14 24827 5 24921 12 24957 32 25053 10 25069 11 25083 5 25177 12 25213 30 25308 12 25326 9 25341 3 25375 6 25400 5 25433 13 25471 25 25507 6 25559 17 25587 4 25598 2 25631 7 25653 10 25689 12 25729 24 25763 8 25807 4 25813 19 25854 2 25886 9 25907 20 25946 12 25989 22 26019 9 26059 30 26110 2 26141 10 26163 20 26202 11 26245 22 26275 10 26315 30 26366 2 26397 11 26419 21 26459 10 26502 22 26530 12 26570 31 26621 3 26653 12 26675 22 26715 10 26758 23 26786 13 26825 32 26877 3 26909 14 26930 23 26971 9 27015 22 27041 14 27080 34 27134 2 27165 45 27228 7 27272 21 27297 14 27336 34 27390 2 27421 46 27487 2 27510 9 27530 19 27553 14 27592 35 27646 2 27677 46 27765 11 27788 17 27809 14 27847 36 27902 2 27933 46 28021 12 28049 11 28065 13 28103 37 28158 2 28189 46 28276 13 28307 8 28320 13 28359 37 28414 2 28446 45 28531 16 28564 25 28615 37 28669 3 28702 46 28786 17 28821 22 28871 37 28925 3 28959 45 29041 18 29079 19 29128 37 29180 4 29216 45 29298 17 29334 19 29384 37 29438 2 29473 44 29555 16 29589 18 29640 37 29695 1 29729 44 29811 16 29845 18 29897 36 29985 44 30067 17 30100 19 30154 35 30241 43 30323 17 30355 20 30410 35 30496 44 30576 21 30611 22 30667 34 30752 43 30829 24 30867 22 30925 32 31008 43 31083 28 31123 24 31181 32 31264 43 31338 29 31379 25 31436 33 31520 22 31551 11 31593 37 31635 32 31691 19 31712 13 31776 21 31807 11 31848 40 31891 33 31947 17 31968 12 32032 20 32065 8 32104 77 32202 19 32223 12 32288 19 32322 7 32359 78 32457 33 32544 17 32581 2 32615 78 32713 33 32800 17 32871 78 32969 33 33056 16 33127 79 33224 35 33311 17 33383 78 33480 35 33567 16 33639 78 33735 37 33823 16 33895 78 33990 38 34080 14 34151 78 34245 40 34336 13 34407 78 34500 41 34593 12 34663 78 34754 43 34849 11 34919 77 35010 43 35107 7 35175 77 35265 43 35363 6 35431 77 35521 43 35684 80 35776 43 35939 81 36031 44 36193 83 36284 45 36449 83 36539 46 36705 83 36793 48 36961 83 37049 48 37217 136 37473 136 37729 135 37985 135 38241 134 38497 134 38755 8 38768 118 39012 5 39025 118 39281 118 39537 118 39793 118 40049 117 40305 116 40561 116 40809 2 40815 118 41065 1 41071 118 41326 119 41582 2 41586 115 41843 114 42098 115 42354 115 42610 114 42867 112 43123 112 43379 112 43636 111 43892 111 44149 110 44405 107 44513 6 44533 6 44543 1 44661 106 44769 6 44788 8 44798 2 44917 115 45043 13 45173 114 45298 14 45429 111 45553 15 45686 110 45809 15 45942 111 46065 15 46199 65 46265 44 46321 15 46455 61 46518 2 46522 45 46577 15 46711 61 46778 45 46833 15 46963 3 46967 61 47035 44 47090 14 47217 51 47269 15 47291 44 47346 14 47472 7 47481 40 47525 15 47547 44 47603 13 47728 6 47737 35 47781 15 47803 23 47827 20 47859 13 47983 8 47993 30 48036 15 48059 22 48085 5 48091 13 48116 12 48239 10 48250 29 48292 15 48315 22 48341 5 48348 11 48372 12 48495 12 48509 26 48549 12 48572 30 48605 10 48629 11 48751 13 48765 26 48805 10 48828 29 48861 10 48885 11 49007 40 49060 11 49084 29 49117 11 49142 10 49263 40 49316 11 49340 28 49372 12 49399 9 49491 4 49519 40 49571 13 49596 29 49627 13 49659 5 49746 5 49776 39 49827 14 49852 24 49877 4 49882 14 50002 8 50033 38 50082 17 50107 45 50257 12 50289 38 50337 18 50363 45 50513 15 50547 39 50589 23 50619 45 50769 15 50803 40 50844 25 50874 46 51025 16 51059 66 51130 29 51165 10 51281 16 51315 65 51386 27 51422 8 51537 16 51572 64 51642 23 51678 7 51793 16 51828 64 51898 23 51935 4 52050 15 52085 62 52153 23 52307 13 52341 62 52409 22 52567 7 52596 61 52665 21 52823 6 52851 62 52921 20 53107 60 53177 20 53363 43 53409 12 53433 19 53619 12 53633 30 53669 5 53690 17 53875 10 53889 30 53926 2 53947 14 54132 5 54146 30 54203 10 54389 2 54403 29 54460 7 54659 30 54717 6 54741 7 54916 29 54973 5 54995 10 55173 35 55230 5 55249 12 55429 35 55486 5 55502 16 55687 33 55741 8 55757 18 55943 33 55995 10 56012 19 56199 33 56249 38 56455 33 56503 41 56711 32 56755 44 56967 30 57011 44 57223 26 57266 45 57479 28 57523 44 57734 29 57779 44 57990 29 58035 44 58245 31 58292 45 58502 30 58548 47 58758 30 58804 48 59015 29 59060 48 59271 29 59315 50 59528 28 59571 50 59786 26 59827 50 60043 25 60083 50 60301 23 60339 49 60558 22 60596 13 60611 33 60815 21 60853 11 60879 4 60889 10 61072 20 61110 9 61147 6 61328 21 61369 5 61584 21 61626 2 61840 20 62097 19 62353 18 62609 18 62865 16 62931 5 63121 12 63185 12 63380 7 63403 4 63440 15 63659 4 63695 17 63915 6 63927 12 63951 17 64171 7 64183 12 64207 17 64426 27 64463 17 64682 27 64719 17 64768 3 64938 28 64975 17 65024 5 65193 29 65231 17 65275 2 65281 4 65449 11 65461 17 65487 17 65530 3
596931,0 35 84 34 151 140 341 15 361 10 408 25 453 94 597 15 619 1 663 24 709 94 853 20 919 25 965 94 1108 31 1174 26 1220 95 1363 33 1429 28 1466 2 1474 97 1619 34 1685 28 1714 2 1717 2 1722 2 1729 98 1875 36 1941 40 1985 98 2131 36 2196 41 2241 99 2387 38 2451 44 2496 100 2643 38 2707 146 2897 42 2965 88 3061 48 3153 43 3221 88 3320 45 3409 44 3479 86 3583 38 3665 44 3736 28 3765 56 3840 37 3921 46 3993 84 4096 37 4177 46 4249 84 4352 37 4433 47 4504 25 4530 60 4608 37 4689 48 4760 86 4864 39 4946 47 5016 86 5120 40 5201 48 5272 86 5376 41 5457 48 5527 88 5632 42 5704 2 5713 48 5783 88 5888 43 5963 1 5968 49 6038 90 6144 43 6214 1 6218 56 6293 92 6400 44 6469 2 6473 58 6547 97 6655 45 6725 3 6730 59 6803 98 6911 45 6982 65 7059 98 7165 47 7238 67 7315 98 7421 46 7496 68 7570 99 7675 48 7755 66 7825 100 7930 49 8008 71 8081 100 8185 50 8263 72 8337 100 8441 7 8450 39 8519 3 8524 67 8593 100 8697 7 8707 38 8776 1 8781 67 8849 99 8953 7 8965 34 9037 167 9210 6 9221 34 9291 168 9465 7 9479 30 9542 3 9547 69 9619 96 9717 1 9720 8 9735 29 9796 5 9804 2 9807 65 9875 96 9974 10 9991 28 10051 7 10063 66 10133 92 10230 10 10247 28 10306 9 10319 66 10391 90 10485 11 10504 26 10561 12 10575 66 10643 2 10647 90 10740 12 10760 25 10816 13 10830 66 10899 93 10995 13 11019 22 11071 81 11155 92 11251 13 11275 21 11327 80 11411 92 11507 13 11533 16 11583 80 11667 91 11762 14 11791 14 11839 80 11923 1 11925 56 11983 30 12018 14 12047 12 12095 80 12182 54 12240 28 12273 15 12305 8 12335 1 12351 80 12439 52 12497 26 12528 16 12589 8 12607 77 12686 1 12697 48 12754 25 12784 16 12845 9 12863 77 12943 1 12953 48 13011 24 13040 16 13101 10 13119 78 13208 47 13269 6 13279 33 13356 12 13374 79 13465 46 13535 33 13611 13 13630 79 13722 43 13794 30 13867 14 13886 79 13979 41 14051 29 14123 24 14150 71 14236 40 14311 4 14319 17 14379 25 14406 71 14492 39 14576 16 14635 98 14749 38 14832 16 14890 85 14976 13 15006 37 15087 17 15144 87 15233 11 15263 37 15343 17 15399 88 15489 11 15520 36 15599 17 15653 90 15745 10 15777 35 15855 17 15908 91 16001 10 16034 19 16055 12 16111 17 16143 4 16163 91 16257 9 16291 17 16314 6 16367 17 16399 5 16419 91 16514 7 16548 16 16623 17 16652 9 16674 91 16771 4 16806 15 16877 19 16907 10 16929 91 17065 12 17133 20 17160 14 17185 86 17325 12 17388 23 17415 14 17440 87 17579 16 17641 44 17696 86 17831 21 17893 48 17952 85 18087 21 18149 47 18208 84 18343 21 18405 47 18464 83 18599 21 18660 48 18713 5 18719 82 18853 22 18915 48 18969 87 19109 22 19171 48 19222 82 19365 22 19427 47 19477 82 19620 22 19683 47 19733 81 19875 22 19938 47 19989 80 20131 22 20194 48 20245 80 20387 20 20449 111 20564 1 20567 13 20643 18 20704 111 20825 11 20899 17 20960 111 21081 10 21156 15 21216 110 21339 6 21413 14 21471 111 21671 12 21727 110 21928 11 21981 112 22184 11 22237 111 22440 11 22491 113 22605 1 22647 4 22695 12 22746 115 22900 8 22951 13 22997 120 23155 10 23207 13 23253 118 23411 10 23463 13 23509 118 23666 13 23719 13 23764 117 23922 13 23975 14 24020 117 24178 13 24230 15 24277 116 24434 14 24486 17 24533 43 24579 74 24689 15 24742 17 24789 43 24838 55 24895 16 24944 17 24997 20 25044 44 25093 55 25152 16 25200 18 25253 20 25300 44 25349 76 25454 22 25509 20 25555 45 25605 76 25707 25 25765 21 25811 45 25859 81 25954 3 25958 31 26021 22 26068 129 26211 35 26277 22 26325 91 26418 35 26467 37 26526 29 26582 90 26677 33 26722 38 26781 30 26839 89 26933 34 26977 41 27037 30 27095 23 27122 62 27189 34 27232 44 27292 32 27327 1 27350 24 27379 61 27444 35 27487 46 27547 39 27606 25 27637 59 27700 35 27743 46 27803 40 27861 26 27897 3 27901 50 27955 36 27999 46 28059 42 28116 27 28158 49 28211 36 28254 47 28315 42 28371 28 28414 38 28454 5 28467 37 28510 47 28571 44 28625 30 28670 37 28724 36 28765 48 28827 44 28881 30 28917 2 28925 36 28980 36 29021 48 29083 46 29135 33 29172 44 29236 37 29277 48 29339 46 29390 34 29427 41 29494 86 29594 49 29645 35 29682 41 29751 85 29850 49 29901 78 30008 84 30106 127 30265 83 30362 127 30521 84 30617 129 30777 84 30873 130 31033 85 31129 131 31289 85 31385 132 31544 87 31639 134 31799 88 31895 134 32055 89 32151 134 32311 89 32407 133 32567 20 32589 14 32609 48 32662 134 32823 19 32845 13 32865 49 32919 133 33078 20 33103 10 33123 48 33175 58 33239 68 33334 20 33359 1 33361 7 33379 49 33431 58 33497 67 33590 20 33635 50 33687 57 33755 65 33847 18 33891 50 33944 53 34011 66 34103 18 34147 50 34201 50 34268 65 34359 17 34403 50 34458 47 34525 65 34617 14 34659 32 34695 14 34714 45 34781 65 34873 12 34915 32 34951 14 34970 44 35036 67 35132 6 35169 32 35207 13 35225 38 35291 68 35426 30 35463 12 35481 36 35546 70 35682 28 35719 10 35737 35 35801 72 35938 28 35976 8 35994 34 36057 72 36144 1 36194 28 36233 6 36251 33 36313 73 36398 5 36450 27 36490 5 36509 30 36569 76 36651 10 36701 32 36767 28 36825 92 36955 35 37003 1 37025 26 37080 95 37205 43 37285 22 37336 95 37458 49 37541 22 37591 97 37713 51 37799 21 37842 103 37968 51 38055 23 38097 104 38223 52 38312 25 38350 108 38479 52 38568 27 38606 108 38735 52 38826 26 38861 109 38991 52 39080 29 39117 108 39247 53 39335 30 39372 109 39503 52 39591 30 39628 108 39759 52 39847 144 40015 53 40104 143 40271 53 40360 143 40527 53 40616 142 40782 53 40869 144 41037 52 41119 149 41293 47 41372 151 41549 46 41627 148 41805 46 41881 144 42028 1 42061 46 42135 145 42317 46 42375 1 42385 1 42390 146 42573 45 42630 3 42646 98 42750 43 42829 44 42885 6 42899 93 42994 1 43008 41 43083 46 43141 4 43156 91 43264 40 43311 8 43338 47 43411 92 43518 1 43520 39 43567 10 43593 32 43626 15 43663 96 43773 40 43823 11 43847 28 43887 8 43919 96 44027 42 44079 11 44102 28 44145 4 44175 97 44283 41 44335 10 44357 28 44431 97 44537 43 44591 10 44613 28 44685 99 44793 42 44847 10 44869 27 44940 100 45049 42 45102 11 45125 22 45196 100 45305 42 45358 11 45381 20 45407 4 45451 101 45561 42 45615 10 45637 20 45662 6 45707 101 45818 41 45871 10 45894 18 45917 10 45963 98 46073 42 46128 10 46151 17 46173 10 46219 57 46277 23 46303 13 46330 41 46385 10 46410 11 46429 11 46443 2 46475 32 46509 16 46535 19 46562 8 46587 39 46641 10 46667 8 46685 11 46698 3 46731 32 46767 10 46792 17 46821 3 46843 35 46897 12 46942 19 46965 3 46987 30 47050 14 47102 31 47154 11 47173 2 47197 29 47243 30 47308 11 47359 29 47402 2 47410 12 47427 6 47453 32 47499 29 47616 27 47655 6 47665 14 47681 8 47707 34 47755 29 47872 27 47910 38 47963 35 48013 26 48128 27 48166 39 48219 35 48270 25 48384 27 48421 43 48474 37 48527 22 48640 28 48677 44 48729 38 48784 20 48873 3 48896 29 48933 46 48984 39 49041 17 49127 7 49152 11 49165 16 49189 46 49239 40 49298 15 49383 8 49408 9 49425 1 49430 2 49433 2 49445 48 49495 40 49557 10 49639 12 49655 2 49664 8 49701 48 49751 40 49815 7 49895 20 49920 7 49957 90 50151 22 50176 6 50212 91 50408 30 50466 93 50664 30 50722 93 50921 30 50959 2 50977 94 51178 29 51215 2 51232 95 51434 29 51468 1 51471 3 51488 96 51657 5 51689 30 51722 3 51726 4 51743 97 51913 6 51945 30 51977 9 51999 97 52168 7 52201 42 52255 98 52424 7 52455 28 52487 12 52510 99 52681 7 52711 28 52744 11 52765 100 52940 3 52966 29 53001 10 53021 100 53211 5 53222 29 53257 9 53276 101 53466 41 53515 5 53532 102 53706 1 53720 43 53771 4 53789 101 53962 1 53975 43 54045 101 54218 3 54233 41 54300 102 54474 3 54489 41 54556 101 54730 3 54745 41 54811 102 54986 4 55001 41 55067 101 55242 6 55257 41 55309 1 55323 99 55498 9 55511 43 55558 1 55564 5 55577 52 55633 42 55754 9 55765 45 55814 2 55820 5 55833 51 55890 38 56010 56 56069 3 56076 5 56087 52 56149 31 56267 55 56325 3 56332 5 56343 50 56405 30 56523 55 56582 3 56599 48 56663 25 56780 54 56839 1 56855 47 56920 22 57036 54 57111 48 57178 16 57293 52 57367 48 57435 14 57548 52 57623 49 57694 9 57803 53 57879 49 57951 7 58059 53 58135 50 58313 55 58391 32 58425 16 58568 56 58647 30 58683 14 58774 3 58778 14 58816 64 58904 27 58939 13 59003 1 59025 24 59072 64 59161 24 59198 10 59278 32 59328 64 59417 23 59457 6 59533 36 59584 64 59673 22 59789 36 59839 65 59929 16 59947 4 60044 38 60095 65 60187 12 60205 2 60299 40 60351 65 60443 13 60461 2 60539 4 60544 9 60555 41 60607 65 60700 16 60793 62 60862 66 60957 16 61047 65 61118 66 61214 1 61217 14 61302 67 61373 67 61472 16 61557 69 61629 67 61725 20 61813 71 61886 66 61982 19 62034 3 62069 72 62142 66 62235 23 62288 11 62322 138 62481 9 62491 24 62543 16 62577 139 62718 2 62737 34 62799 24 62831 138 62974 1 62993 35 63055 27 63087 137 63247 38 63311 27 63343 74 63423 50 63502 41 63566 29 63599 65 63667 5 63682 46 63744 55 63822 30 63853 68 63939 42 64000 56 64079 98 64195 42 64256 56 64335 98 64452 40 64512 56 64591 98 64709 38 64768 57 64849 96 64965 36 65024 57 65105 96 65221 35 65280 57 65361 28 65390 67 65479 32
597667,0 3421 3423 254 3679 3977 7657 88 7746 143 7890 22 7913 87 8004 250 8260 248 8516 248 8775 244 9032 243 9283 3 9288 241 9538 5 9544 241 9794 5 9801 240 10049 5 10058 239 10305 6 10315 237 10561 6 10572 236 10818 6 10829 234 11074 2 11078 2 11085 233 11329 2 11334 239 11590 239 11846 238 12101 239 12344 1 12356 239 12599 3 12612 239 12855 4 12869 234 13111 4 13125 22 13148 211 13380 235 13636 21 13658 213 13875 1 13891 22 13914 2 13919 205 14147 22 14170 1 14175 205 14403 22 14433 202 14659 22 14685 2 14689 200 14899 1 14915 22 14941 202 15171 21 15195 203 15427 22 15451 202 15661 3 15683 225 15918 2 15939 22 15962 201 16187 1 16195 22 16218 200 16443 1 16451 224 16698 1 16707 224 16962 23 16988 200 17190 3 17217 24 17243 201 17447 1 17471 228 17723 2 17726 226 17954 1 17979 222 18202 3 18235 226 18489 226 18735 2 18739 1 18744 227 18991 6 18999 226 19248 234 19504 234 19754 1 19759 234 19994 1 20015 237 20271 235 20527 234 20782 234 21038 233 21295 232 21551 233 21805 236 22061 243 22317 244 22563 4 22570 253 22824 256 23081 255 23337 29635 52975 250 53226 2 53231 249 53484 1 53488 249 53744 248 54001 247 54257 247 54513 1 54515 245 54773 243 55030 2 55033 239 55286 1 55290 239 55541 2 55547 2 55550 235 55798 1 55803 1 55807 234 56042 2 56054 1 56058 1 56064 233 56298 1 56320 233 56576 233 56826 1 56832 232 57082 1 57088 231 57338 1 57344 231 57594 2 57600 229 57850 2 57856 229 58106 2 58112 228 58363 1 58368 228 58619 1 58623 229 58875 1 58879 229 59131 1 59136 228 59392 228 59642 2 59647 229 59897 235 60150 1 60153 235 60409 235 60665 234 60920 235 61174 2 61177 4 61182 228 61430 1 61433 4 61438 227 61689 4 61694 227 61946 3 61951 226 62202 2 62208 225 62458 3 62462 228 62713 234 62957 1 62969 234 63225 234 63464 1 63481 235 63719 3 63737 235 63975 3 63993 235 64231 3 64249 235 64487 2 64503 237 64743 2 64759 238 65014 239 65269 240 65522 2 65525 10
602248,0 7706 7707 254 7963 57573
607765,0 65536
609763,0 3389 3397 248 3653 15 3670 231 3909 248 4163 250 4417 28 4449 211 4662 7 4673 26 4704 207 4919 8 4928 11 4941 12 4959 208 5175 19 5197 12 5214 207 5429 19 5451 14 5469 198 5669 8 5685 18 5707 14 5725 166 5894 28 5926 1 5928 4 5940 7 5949 8 5963 6 5971 5 5981 10 5994 153 6151 27 6181 2 6185 4 6196 8 6205 8 6219 4 6227 5 6237 10 6249 154 6407 27 6441 4 6452 18 6472 6 6481 178 6662 28 6696 5 6708 25 6736 211 6952 5 6966 23 6992 212 7208 4 7221 24 7247 197 7446 14 7476 14 7492 1 7495 5 7503 196 7702 14 7732 13 7748 1 7753 202 7957 15 7978 5 7986 3 7991 10 8004 1 8010 201 8213 15 8230 3 8234 5 8242 15 8265 224 8490 22 8517 228 8746 7 8754 13 8771 251 9026 252 9281 253 9536 247 9785 4 9792 242 10035 3 10041 4 10048 9 10058 231 10291 4 10297 4 10303 4 10309 4 10315 230 10547 17 10565 236 10803 17 10821 247 11069 520 11590 254 11846 236 12083 16 12102 236 12339 17 12358 105 12464 149 12615 254 12871 89 12961 12 12975 152 13130 749 13882 251 14137 252 14392 251 14647 251 14903 250 15159 250 15413 251 15669 252 15926 251 16181 252 16437 251 16693 2 16703 241 16949 1 16959 241 17203 2 17211 216 17429 28 17459 2 17466 218 17685 29 17715 3 17720 219 17941 33 17975 485 18461 252 18715 255 18971 46565
614290,15857 6 16110 9 16363 14 16617 19 16869 27 17121 31 17373 35 17628 36 17877 2 17884 36 18130 5 18139 37 18381 7 18389 4 18395 37 18635 53 18888 56 19140 2 19144 2 19147 53 19400 56 19655 57 19906 62 20161 63 20410 70 20655 3 20664 72 20905 8 20917 75 21159 89 21410 94 21663 97 21914 102 22167 105 22419 109 22672 85 22759 25 22923 89 23015 25 23178 90 23271 25 23429 123 23682 126 23933 131 24187 133 24439 137 24692 140 24944 144 25198 146 25449 151 25703 153 25954 158 26208 99 26309 59 26459 103 26565 59 26713 105 26820 60 26963 173 27217 101 27321 71 27469 104 27577 71 27723 106 27833 71 27975 111 28088 72 28231 96 28329 13 28343 73 28487 97 28585 11 28599 73 28743 109 28855 73 28986 2 28998 110 29111 73 29239 5 29255 108 29367 2 29371 69 29490 13 29511 108 29622 3 29627 69 29743 16 29767 108 29877 75 29993 20 30024 184 30247 21 30279 185 30499 25 30536 184 30753 27 30792 184 31006 30 31050 101 31154 78 31259 6 31267 25 31307 100 31411 77 31511 4 31519 28 31563 101 31667 77 31764 4 31774 29 31817 103 31923 77 32018 2 32025 34 32073 103 32179 77 32278 37 32330 102 32434 2 32437 75 32531 40 32581 187 32777 2 32786 41 32836 188 33033 6 33040 42 33091 189 33288 50 33346 190 33543 51 33601 191 33796 55 33856 192 34050 57 34111 193 34306 57 34367 193 34561 58 34623 193 34817 58 34879 193 35073 58 35135 193 35329 58 35391 193 35587 4 35593 50 35647 193 35843 3 35849 50 35903 193 36099 1289 37389 254 37647 250 37903 250 38159 250 38414 763 39178 255 39434 1 39436 255 39693 252 39949 251 40206 250 40463 9 40474 237 40719 8 40731 236 40976 6 40987 235 41244 234 41500 234 41757 233 42013 233 42273 230 42531 227 42787 70 42858 155 43043 226 43299 72 43373 152 43555 72 43629 156 43809 75 43887 4 43893 149 44064 76 44143 4 44150 149 44318 79 44401 154 44573 81 44657 159 44827 246 45083 248 45337 250 45591 9030 54623 254 54879 763 55644 253 55901 239 56144 7 56157 236 56400 6 56413 235 56657 4 56670 234 56914 1 56921 2 56926 233 57175 5 57181 234 57431 242 57687 2 57691 238 57943 2 57947 239 58199 243 58455 242 58710 243 58965 244 59215 1 59221 244 59468 2 59471 2 59477 245 59724 255 59981 250 60233 2 60237 250 60489 2 60492 2636 63130 1 63135 244 63397 238 63653 238 63911 236 64167 236 64425 234 64681 234 64938 233 65195 231 65436 3 65451 85
614416,0 65536
623676,0 9 237 28 495 26 751 26 1007 27 1263 28 1519 28 1775 28 2031 27 2287 26 2542 27 2798 26 3054 25 3310 23 3567 17 3585 1 3823 17 4079 17 4335 17 4593 12 4849 9 5095 4 5351 5 5606 7 5861 8 6117 9 6373 9 6629 8 6886 7 7144 3 7951 7 8205 11 8459 14 8713 17 8968 18 9224 18 9479 19 9733 20 9987 22 10217 2 10240 25 10470 7 10496 25 10725 10 10752 25 10980 11 11008 25 11235 14 11264 26 11491 15 11520 27 11747 16 11776 27 12003 16 12032 27 12258 18 12288 27 12514 18 12544 26 12769 19 12800 25 13025 19 13057 4 13064 9 13280 19 13322 4 13535 20 13791 19 14047 18 14302 18 14558 16 14814 15 15070 15 15326 14 15583 13 15839 13 16096 11 16281 11 16353 10 16536 13 16610 7 16789 18 17045 18 17299 20 17555 20 17811 20 18067 20 18323 20 18579 20 18835 19 19092 17 19349 10 19423 12 19607 6 19678 14 19933 19 20189 20 20445 22 20701 22 20957 22 21213 22 21469 23 21725 23 21982 21 22239 20 22495 19 22752 18 23009 16 23254 2 23266 15 23508 5 23525 10 23763 7 23783 6 24018 9 24273 10 24529 10 24784 12 25039 14 25268 3 25274 2 25295 14 25521 14 25549 16 25776 16 25804 17 26031 18 26059 18 26287 18 26314 19 26543 20 26569 18 26799 20 26824 19 27056 43 27313 44 27569 47 27825 48 28082 49 28339 50 28595 53 28852 55 29109 56 29367 54 29626 52 29883 51 30140 50 30397 49 30655 46 30892 4 30914 43 31146 8 31172 41 31402 9 31428 41 31657 12 31684 41 31913 12 31940 40 32169 13 32192 43 32425 13 32447 44 32681 14 32701 47 32937 14 32956 49 33194 13 33211 54 33451 12 33467 56 33713 6 33723 60 33969 5 33979 62 34235 64 34490 65 34746 66 35002 66 35259 65 35515 66 35771 66 36027 67 36284 68 36540 68 36796 68 37051 69 37307 69 37563 69 37817 71 38073 71 38329 71 38584 72 38839 73 39095 73 39349 75 39605 75 39861 75 40117 75 40373 75 40629 75 40885 75 41141 75 41397 7 41406 66 41653 7 41663 65 41911 4 41919 65 42155 4 42167 3 42175 65 42409 8 42431 65 42664 9 42687 65 42920 10 42943 65 43158 2 43175 11 43199 65 43411 8 43427 14 43453 67 43667 8 43678 1 43680 9 43690 7 43709 67 43879 7 43922 29 43957 75 44134 9 44178 25 44205 2 44212 76 44389 10 44435 24 44467 77 44645 10 44691 23 44723 77 44901 10 44948 22 44976 80 45158 9 45204 23 45231 81 45415 8 45461 76 45540 28 45671 8 45717 76 45797 27 45930 3 45977 71 46054 21 46234 70 46311 20 46491 68 46569 16 46747 68 46826 15 47003 66 47083 14 47260 65 47339 16 47516 63 47597 16 47772 63 47855 16 48029 51 48085 3 48114 14 48287 49 48370 14 48549 40 48626 14 48715 4 48805 40 48882 14 48969 8 49061 36 49138 14 49224 9 49318 35 49395 13 49479 11 49574 35 49651 13 49735 11 49831 34 49907 13 49992 10 50088 33 50163 13 50248 10 50329 4 50344 32 50420 12 50504 9 50582 7 50602 29 50677 11 50761 8 50837 9 50859 27 50933 11 51017 8 51091 12 51120 4 51125 15 51191 9 51275 4 51346 13 51383 12 51448 8 51598 18 51641 8 51705 7 51853 20 51898 6 51962 6 52107 22 52220 4 52363 22 52477 3 52619 22 52721 8 52734 2 52875 22 52977 9 52990 2 53130 24 53160 7 53232 12 53246 2 53386 25 53415 9 53487 17 53642 25 53669 12 53743 17 53898 26 53925 13 53999 17 54154 44 54199 8 54255 15 54410 55 54511 14 54665 62 54769 11 54920 64 55025 10 55175 66 55248 1 55286 1 55431 67 55502 6 55686 87 55941 90 56197 94 56453 96 56710 98 56967 99 57224 11 57239 86 57483 6 57496 86 57622 1 57755 84 57875 6 58010 86 58130 9 58265 88 58385 11 58519 90 58641 12 58773 92 58897 13 59015 3 59020 2 59028 93 59153 14 59269 108 59390 2 59409 14 59525 108 59645 3 59665 14 59781 109 59900 4 59921 14 60037 109 60155 5 60176 15 60293 109 60411 5 60432 15 60549 109 60667 5 60688 20 60805 108 60923 5 60944 20 61062 107 61180 4 61200 21 61321 104 61438 2 61456 22 61577 104 61695 1 61712 22 61834 103 61968 22 62091 104 62208 3 62223 24 62349 103 62464 4 62480 23 62607 102 62720 7 62737 23 62865 101 62976 7 62993 23 63122 100 63232 8 63250 22 63379 99 63488 8 63507 21 63635 100 63744 8 63764 20 63892 98 64000 7 64021 19 64149 97 64256 9 64277 19 64405 97 64512 9 64533 19 64662 95 64768 10 64791 17 64920 93 65024 10 65048 16 65177 92 65281 10 65305 15 65433 92
632056,0 12543 12544 250 12800 249 13056 245 13312 242 13568 238 13824 237 14080 233 14336 231 14592 227 14848 225 15104 221 15360 217 15578 1 15616 213 15830 1 15872 213 16128 209 16384 205 16590 1 16640 202 16896 200 17152 196 17408 194 17664 190 17920 188 18176 184 18432 181 18688 175 18944 175 19200 170 19456 169 19712 165 19968 163 20224 159 20480 155 20736 152 20992 151 21248 148 21504 146 21760 143 22016 141 22272 137 22528 134 22784 130 23040 128 23296 121 23552 119 23808 114 24064 112 24320 108 24576 107 24832 103 25088 102 25344 99 25600 98 25856 95 26112 92 26368 86 26624 84 26880 80 27136 80 27392 74 27648 72 27904 68 28160 66 28416 62 28672 59 28928 56 29184 53 29440 49 29696 47 29952 44 30208 42 30464 37 30720 36 30976 31 31232 29 31488 26 31744 24 32000 21 32256 19 32512 16 32768 13 33024 9 33280 6 33536 3 33792 3 34048 2 34305 1
636405,0 65536
636648,0 127 256 127 512 127 768 127 1024 127 1280 127 1536 127 1792 128 2048 128 2304 128 2560 128 2816 129 3072 128 3328 129 3584 129 3840 129 4096 129 4352 130 4608 130 4864 131 5120 131 5376 131 5632 131 5888 131 6144 131 6400 132 6656 132 6912 132 7168 133 7424 133 7680 133 7936 133 8192 133 8448 134 8704 134 8960 134 9216 134 9472 135 9728 135 9984 135 10240 135 10496 135 10752 135 11008 136 11264 136 11520 137 11776 137 12032 137 12288 137 12544 137 12800 138 13056 138 13312 138 13568 139 13824 139 14080 139 14336 139 14592 139 14848 139 15104 140 15360 140 15616 140 15872 140 16128 141 16384 141 16640 141 16896 141 17152 141 17408 142 17664 142 17920 142 18176 143 18432 143 18688 143 18944 143 19200 143 19456 143 19712 144 19968 144 20224 144 20480 145 20736 145 20992 145 21248 145 21504 145 21760 145 22016 145 22272 145 22528 146 22784 146 23040 146 23296 147 23552 147 23808 147 24064 147 24320 147 24576 147 24832 148 25088 148 25344 148 25600 148 25856 149 26112 149 26368 149 26624 149 26880 149 27136 149 27392 150 27648 150 27904 149 28160 150 28416 150 28672 150 28928 150 29184 151 29440 150 29696 151 29952 151 30208 151 30464 151 30720 152 30976 152 31232 153 31488 153 31744 153 32000 153 32256 153 32512 154 32768 154 33024 155 33280 155 33536 155 33792 155 34048 155 34304 155 34560 155 34816 155 35072 156 35328 157 35584 157 35840 157 36096 157 36352 157 36608 158 36864 158 37120 158 37376 159 37632 159 37888 159 38144 159 38400 159 38656 159 38912 160 39168 160 39424 160 39680 161 39936 161 40192 161 40448 161 40704 161 40960 161 41216 162 41472 162 41728 162 41984 163 42240 163 42496 163 42752 163 43008 163 43264 163 43520 163 43776 163 44032 164 44288 164 44544 164 44800 165 45056 165 45312 165 45568 165 45824 166 46080 166 46336 166 46592 167 46848 167 47104 167 47360 167 47616 167 47872 167 48128 168 48384 168 48640 168 48896 169 49152 169 49408 169 49664 169 49920 169 50176 169 50432 170 50688 170 50944 171 51200 171 51456 171 51712 171 51968 171 52224 171 52480 171 52736 171 52992 172 53248 172 53504 173 53760 173 54016 173 54272 173 54528 173 54784 173 55040 173 55296 174 55552 174 55808 174 56064 175 56320 175 56576 175 56832 175 57088 175 57344 175 57600 176 57856 176 58112 176 58368 176 58624 177 58880 177 59136 177 59392 177 59648 177 59904 177 60160 178 60416 178 60672 179 60928 179 61184 179 61440 179 61696 179 61952 179 62208 179 62464 179 62720 180 62976 180 63232 181 63488 181 63744 181 64000 181 64256 181 64512 181 64768 182 65024 182 65280 179
650818,40 216 295 217 551 217 808 216 1064 216 1321 215 1577 215 1833 215 2089 215 2345 215 2601 215 2858 214 3114 214 3371 213 3627 213 3883 213 4139 213 4395 213 4652 212 4908 212 5164 212 5421 211 5677 211 5933 211 6189 211 6445 211 6701 211 6958 210 7214 210 7470 210 7727 209 7982 210 8239 209 8495 209 8751 209 9007 209 9263 209 9520 208 9776 208 10032 208 10288 208 10545 207 10801 207 11057 207 11313 207 11569 207 11825 207 12081 207 12338 206 12594 206 12850 206 13106 206 13363 205 13619 205 13875 205 14131 205 14387 205 14643 205 14899 205 15156 204 15412 204 15668 204 15925 203 16181 203 16437 203 16693 203 16949 203 17205 203 17462 202 17718 202 17974 202 18230 202 18487 201 18743 201 18999 201 19255 201 19511 201 19768 200 20024 200 20280 200 20536 200 20793 199 21049 199 21305 199 21561 199 21817 199 22073 199 22330 198 22586 198 22842 198 23099 197 23355 197 23611 197 23867 197 24123 197 24379 197 24635 197 24892 196 25148 196 25404 196 25661 195 25917 195 26173 195 26429 195 26685 195 26941 195 27197 195 27454 194 27710 194 27966 194 28223 193 28479 193 28735 193 28991 193 29247 193 29503 193 29759 193 30016 192 30272 192 30528 192 30784 192 31041 191 31297 191 31553 191 31809 191 32065 191 32322 190 32578 190 32834 190 33091 189 33347 189 33603 189 33859 189 34115 189 34371 189 34627 189 34884 188 35140 188 35396 188 35653 187 35909 187 36165 187 36421 187 36677 187 36933 187 37190 186 37446 186 37702 186 37958 186 38215 185 38471 185 38727 185 38983 185 39239 185 39495 185 39752 184 40008 184 40264 184 40520 184 40777 183 41033 183 41289 183 41545 183 41801 183 42057 183 42314 182 42570 182 42827 181 43083 181 43339 181 43595 181 43851 181 44107 181 44363 181 44619 181 44876 180 45132 180 45389 179 45645 179 45901 179 46157 179 46413 179 46669 179 46925 179 47182 178 47438 178 47694 178 47951 177 48207 177 48463 177 48719 177 48975 177 49231 177 49488 176 49744 176 50000 176 50256 176 50513 175 50769 175 51025 175 51281 175 51537 175 51793 175 52050 174 52306 174 52562 174 52819 173 53075 173 53331 173 53587 173 53843 173 54099 173 54355 173 54612 172 54868 172 55124 172 55380 172 55637 171 55893 171 56149 171 56405 171 56661 171 56917 171 57174 170 57430 170 57686 170 57943 169 58199 169 58455 169 58711 169 58967 169 59223 169 59479 169 59736 168 59992 168 60248 168 60504 168 60761 167 61017 167 61273 167 61529 167 61785 167 62041 167 62298 166 62554 166 62810 166 63067 165 63323 165 63579 165 63835 165 64091 165 64347 165 64603 165 64860 164 65116 164 65373 163
652005,0 65536
655919,0 225 228 11 247 8 256 220 507 224 763 1 765 222 1019 1 1024 219 1275 1 1280 220 1536 220 1792 221 2048 221 2304 221 2560 221 2816 222 3072 222 3328 106 3436 114 3584 105 3692 114 3840 223 4096 223 4352 223 4608 223 4864 223 5120 223 5376 225 5632 225 5888 225 6144 225 6399 226 6654 227 6906 1 6910 228 7162 2 7166 228 7422 228 7671 1 7678 228 7921 2 7926 1 7934 229 8175 8 8190 229 8429 11 8445 232 8685 12 8701 232 8937 2 8941 12 8957 254 9213 625 9840 252 10097 250 10353 27 10381 222 10610 26 10638 220 10867 25 10894 220 11125 23 11152 219 11381 23 11409 218 11637 22 11667 216 11894 21 11925 214 12153 17 12187 208 12413 13 12444 207 12671 15 12704 203 12927 16 12960 203 13183 17 13213 206 13439 20 13463 1 13466 209 13699 232 13955 234 14211 237 14465 241 14720 243 14975 246 15230 247 15485 248 15741 247 15996 248 16251 249 16507 248 16763 248 17019 248 17275 248 17531 251 17787 249 18038 1 18043 248 18299 248 18555 248 18811 248 19067 249 19324 251 19580 252 19836 252 20091 250 20342 2 20345 252 20599 254 20855 253 21111 252 21366 253 21622 251 21878 250 22134 138 22273 110 22390 138 22529 109 22646 138 22785 108 22902 138 23041 102 23145 3 23158 138 23297 96 23413 139 23553 96 23669 139 23809 96 23925 72 24003 61 24066 95 24181 72 24261 59 24322 95 24437 72 24517 59 24578 95 24693 72 24768 1 24773 59 24835 93 24949 72 25024 2 25029 59 25091 93 25205 71 25280 2 25285 59 25347 92 25461 70 25535 65 25603 92 25717 70 25791 65 25859 92 25953 2 25973 70 26047 65 26115 92 26230 69 26302 66 26372 91 26487 69 26557 67 26628 91 26743 137 26885 90 27000 136 27141 90 27258 134 27397 89 27515 133 27653 89 27771 133 27909 89 28028 27 28060 100 28165 90 28284 26 28316 100 28422 89 28540 25 28573 94 28679 88 28796 25 28831 89 28935 87 29052 25 29089 80 29191 86 29307 26 29346 77 29447 86 29563 26 29605 68 29703 86 29819 26 29861 64 29959 86 30075 26 30116 59 30215 85 30331 27 30372 57 30471 84 30587 28 30628 52 30727 84 30843 30 30883 48 30984 83 31077 2 31099 30 31139 39 31240 82 31333 4 31355 30 31395 35 31496 81 31587 10 31612 31 31651 30 31752 81 31843 10 31868 32 31908 27 32008 81 32099 11 32124 33 32164 7 32177 8 32265 79 32355 12 32381 32 32421 3 32432 4 32521 79 32611 12 32637 32 32777 79 32867 13 32893 31 33033 78 33123 14 33150 26 33289 78 33379 14 33406 25 33545 77 33636 15 33663 24 33801 77 33892 16 33920 21 34058 75 34149 15 34177 18 34314 74 34406 14 34435 14 34571 72 34663 13 34692 5 34827 72 34919 14 35083 72 35175 14 35339 72 35430 15 35596 55 35654 14 35686 15 35852 56 35909 15 35944 11 36109 71 36201 5 36365 71 36621 72 36877 61 36940 9 37133 55 37189 5 37195 5 37389 55 37445 4 37645 55 37901 55 38158 53 38414 53 38670 49 38927 46 39183 40 39439 36 39695 31 39952 28 40208 23 40465 20 40721 2 40725 10 40978 1 40980 3
659565,0 65536
661320,0 65536
664566,0 65536
666091,12 244 267 245 523 245 780 244 1036 244 1292 244 1549 243 1805 243 2061 243 2317 243 2574 242 2830 242 3087 241 3343 241 3599 241 3855 241 4111 241 4367 241 4624 165 4790 74 4880 165 5048 72 5136 165 5305 71 5392 165 5563 69 5649 165 5821 67 5905 167 6079 65 6161 168 6336 64 6417 168 6595 61 6673 169 6853 59 6930 169 7110 58 7186 169 7366 58 7443 168 7626 54 7699 168 7884 52 7955 168 8142 50 8211 168 8397 51 8467 169 8651 53 8723 169 8907 53 8979 169 9161 55 9236 168 9410 1 9417 55 9492 168 9663 65 9749 167 9919 60 9983 1 10005 167 10175 57 10261 167 10431 56 10517 166 10687 56 10773 166 10943 54 11030 166 11199 52 11262 2 11286 167 11454 47 11517 3 11543 213 11771 5 11799 196 12000 9 12027 5 12055 194 12283 5 12311 193 12538 6 12567 188 12793 7 12823 187 13049 7 13080 185 13304 8 13336 185 13559 9 13593 183 13815 9 13849 182 14072 8 14105 182 14328 8 14361 182 14584 8 14617 183 14840 8 14874 182 15057 2 15097 7 15130 175 15306 1 15310 5 15353 7 15386 174 15566 5 15608 8 15643 174 15864 8 15899 174 16082 2 16121 7 16155 176 16335 6 16376 8 16411 176 16589 9 16632 8 16667 188 16873 5 16887 9 16923 189 17125 8 17143 9 17180 193 17379 12 17398 10 17436 213 17652 12 17693 227 17949 227 18205 227 18461 227 18717 227 18974 226 19230 226 19487 225 19743 225 19999 225 20255 225 20511 225 20768 224 21024 224 21280 224 21536 224 21793 223 22049 223 22305 223 22561 223 22817 223 23073 223 23330 222 23587 221 23843 221 24099 221 24355 221 24611 221 24868 220 25124 220 25380 220 25637 219 25893 219 26149 219 26405 219 26661 219 26918 218 27174 218 27431 217 27687 217 27943 217 28199 217 28455 217 28712 216 28968 216 29224 216 29481 215 29737 215 29993 215 30249 215 30505 215 30762 214 31018 214 31274 214 31531 213 31787 213 32043 213 32299 213 32555 213 32811 213 33068 212 33324 212 33581 211 33837 211 34093 211 34349 211 34605 211 34862 210 35118 210 35374 210 35631 209 35887 209 36143 209 36399 209 36656 208 36912 208 37169 207 37425 207 37681 207 37937 207 38193 207 38450 206 38706 206 38962 206 39219 205 39475 205 39731 205 39987 205 40243 205 40500 204 40756 204 41013 203 41269 203 41525 203 41781 203 42037 203 42294 202 42550 202 42806 202 43063 201 43319 201 43575 201 43831 201 44087 201 44343 201 44599 201 44856 200 45112 200 45368 200 45624 200 45881 199 46137 199 46393 199 46649 199 46906 198 47162 198 47419 197 47675 197 47931 197 48187 197 48443 197 48699 197 48956 196 49212 196 49468 196 49725 195 49981 195 50237 195 50493 195 50749 195 51005 195 51261 195 51518 194 51774 194 52030 194 52287 193 52543 193 52799 193 53055 193 53311 193 53568 192 53824 192 54081 191 54337 191 54593 191 54849 191 55105 191 55361 191 55618 190 55874 190 56131 189 56387 189 56643 189 56899 189 57155 189 57411 189 57668 188 57924 188 58181 187 58437 187 58693 187 58949 187 59206 186 59462 186 59719 185 59975 185 60231 185 60487 185 60743 185 60999 185 61255 185 61512 184 61768 184 62024 184 62281 183 62537 183 62793 183 63049 183 63305 183 63561 183 63818 182 64074 182 64331 181 64587 181 64843 181 65099 181 65357 179
672675,1 197 256 197 512 197 768 197 1024 197 1280 197 1536 198 1792 199 2048 199 2304 199 2560 199 2816 200 3055 6 3072 200 3311 6 3328 201 3566 9 3584 201 3822 9 3840 141 3986 55 4078 10 4096 140 4243 54 4333 11 4352 139 4502 51 4589 10 4608 137 4759 50 4845 10 4864 137 5019 45 5101 10 5120 136 5275 44 5357 10 5376 125 5505 5 5531 8 5541 34 5613 10 5632 125 5787 8 5797 33 5869 10 5888 124 6043 8 6055 31 6125 9 6144 124 6299 8 6312 30 6381 8 6400 123 6556 7 6569 29 6637 6 6656 123 6812 7 6825 29 6893 6 6912 121 7051 5 7068 6 7082 27 7149 4 7168 121 7307 5 7324 6 7339 26 7406 2 7424 120 7562 7 7581 4 7596 23 7680 120 7818 7 7839 2 7853 22 7936 119 8074 8 8110 19 8192 119 8331 7 8375 8 8448 118 8587 6 8704 117 8844 5 8960 105 9216 105 9472 104 9728 103 9984 103 10240 102 10496 101 10752 101 11008 99 11264 99 11520 98 11776 98 12032 97 12288 97 12544 97 12800 97 13056 97 13312 97 13568 97 13824 98 14080 100 14336 103 14592 14 14610 85 14848 14 14867 84 15104 13 15125 82 15360 13 15382 81 15616 13 15641 79 15872 13 15898 78 16128 13 16160 71 16384 12 16417 69 16640 12 16677 64 16896 11 16934 63 17152 11 17190 63 17405 3 17409 10 17446 63 17661 3 17666 9 17702 65 17774 1 17916 4 17923 6 17959 64 18030 1 18172 4 18179 4 18221 58 18285 1 18427 5 18479 56 18541 1 18683 5 18735 53 18939 5 18972 3 18993 50 19195 5 19227 7 19251 47 19306 1 19451 5 19484 7 19509 44 19562 1 19657 2 19707 5 19739 10 19765 49 19911 5 19963 5 19996 10 20023 36 20063 7 20167 6 20219 5 20254 7 20281 35 20319 6 20326 1 20421 10 20475 5 20510 7 20537 36 20575 9 20677 10 20731 5 20768 4 20794 45 20840 3 20933 10 20987 5 21050 30 21081 12 21095 6 21189 10 21243 5 21307 26 21341 3 21345 1 21347 1 21351 6 21445 10 21500 4 21563 26 21603 1 21607 6 21702 8 21757 3 21821 24 21856 2 21863 6 21935 2 21958 9 22077 24 22112 3 22119 6 22191 2 22215 8 22239 5 22275 1 22335 20 22376 6 22445 4 22472 7 22483 1 22490 10 22530 3 22591 2 22595 16 22619 1 22628 11 22701 3 22729 6 22738 1 22741 18 22785 4 22853 6 22861 5 22875 3 22883 7 22891 5 22959 1 22985 6 22996 22 23041 4 23111 2 23117 4 23131 4 23141 4 23148 4 23242 3 23253 2 23256 19 23297 4 23396 5 23403 6 23499 1 23509 26 23553 4 23651 5 23658 7 23755 1 23763 30 23809 4 23907 2 23913 10 24010 3 24019 32 24067 1 24159 5 24169 10 24266 4 24271 1 24273 35 24413 26 24523 42 24667 29 24779 42 24878 1 24885 3 24921 32 25037 41 25134 5 25141 4 25177 33 25296 38 25390 11 25434 33 25552 39 25646 11 25690 33 25808 39 25890 9 25902 10 25946 3 25951 28 26033 2 26061 2 26064 38 26109 3 26145 10 26158 9 26201 4 26207 28 26289 2 26317 2 26321 36 26364 4 26401 14 26417 6 26455 6 26464 27 26546 2 26577 30 26619 5 26657 21 26711 6 26720 27 26802 2 26821 1 26833 30 26874 6 26912 15 26929 3 26958 1 26968 4 26976 27 27077 1 27089 35 27129 7 27168 15 27208 1 27210 1 27213 3 27226 1 27232 27 27268 1 27345 36 27385 7 27423 14 27463 8 27483 2 27487 28 27523 4 27595 1 27601 38 27641 7 27678 15 27718 9 27737 34 27778 5 27856 40 27898 6 27934 16 27973 13 27993 34 28034 5 28111 49 28191 14 28230 13 28248 36 28290 5 28367 49 28447 14 28467 1 28487 11 28503 37 28546 3 28621 51 28703 14 28723 2 28743 10 28758 13 28773 23 28803 2 28868 3 28876 52 28929 1 28963 8 28997 12 29013 6 29021 4 29029 22 29076 11 29093 2 29124 3 29131 53 29185 2 29223 4 29253 12 29269 6 29278 3 29286 21 29332 12 29347 4 29380 3 29387 53 29442 1 29510 13 29524 7 29535 2 29541 22 29587 22 29613 2 29642 50 29766 21 29797 22 29829 2 29842 25 29869 2 29897 51 30021 23 30053 22 30079 2 30084 4 30097 32 30130 2 30153 51 30208 1 30277 19 30297 2 30310 21 30335 2 30339 3 30343 41 30387 1 30406 1 30409 51 30465 2 30532 19 30567 20 30596 1 30598 41 30662 1 30667 49 30721 2 30724 1 30787 24 30823 20 30852 48 30903 2 30918 1 30924 2 30928 44 30977 6 31041 31 31079 21 31107 46 31157 2 31172 3 31185 43 31232 8 31297 32 31336 21 31359 2 31363 45 31427 4 31443 40 31488 9 31553 32 31593 20 31615 50 31667 3 31683 4 31699 40 31744 11 31809 32 31849 20 31871 50 31923 6 31939 4 31955 40 32000 11 32067 30 32106 11 32129 56 32187 1 32195 4 32211 40 32256 11 32323 30 32362 11 32385 55 32445 3 32451 3 32467 39 32512 12 32579 29 32619 8 32642 54 32708 2 32724 37 32768 13 32835 28 32875 8 32898 54 32964 2 32981 36 33024 12 33089 29 33133 5 33153 57 33220 1 33237 35 33280 11 33345 29 33391 2 33409 57 33493 35 33536 11 33585 2 33597 35 33656 3 33665 60 33744 1 33751 33 33792 11 33841 2 33853 36 33912 3 33919 62 33999 1 34008 31 34048 11 34095 2 34103 3 34108 37 34167 5 34175 66 34267 28 34304 14 34359 42 34423 74 34523 27 34560 15 34615 44 34680 73 34781 24 34816 21 34870 45 34936 74 35037 24 35072 9 35082 15 35123 7 35136 1 35139 10 35152 20 35192 74 35294 19 35328 27 35379 7 35395 11 35407 21 35448 74 35551 17 35584 27 35634 7 35646 1 35649 29 35680 5 35703 10 35715 62 35808 15 35840 28 35889 8 35900 3 35905 8 35914 19 35936 5 35958 11 35971 61 36065 12 36096 28 36140 9 36150 2 36159 21 36181 1 36183 6 36190 7 36212 76 36323 7 36352 27 36395 10 36414 24 36440 13 36468 72 36542 2 36581 3 36608 27 36651 10 36669 40 36724 67 36798 1 36864 27 36910 7 36924 42 36979 58 37039 6 37054 1 37120 26 37163 2 37166 7 37174 1 37178 45 37233 30 37265 19 37285 5 37303 8 37365 8 37376 25 37419 61 37487 31 37522 19 37542 2 37558 9 37619 40 37671 2 37675 62 37741 32 37779 21 37812 13 37873 42 37927 1 37931 62 37997 32 38035 20 38067 14 38127 44 38185 27 38213 37 38252 53 38321 19 38344 9 38382 45 38429 1 38441 120 38577 20 38599 12 38637 46 38685 1 38697 119 38832 36 38892 53 38951 120 39088 37 39147 54 39210 117 39343 41 39403 57 39465 105 39571 5 39577 5 39598 43 39659 163 39827 1 39833 4 39851 49 39915 163 40091 1 40104 53 40171 163 40347 1 40359 55 40427 163 40603 1 40615 55 40683 54 40739 108 40851 1 40858 2 40869 58 40938 165 41114 3 41124 59 41194 166 41369 71 41449 168 41623 73 41704 171 41882 70 41959 173 42138 70 42215 177 42394 70 42472 177 42650 70 42728 248 42985 247 43241 247 43498 246 43755 245 44013 243 44276 236 44533 235 44791 233 45048 232 45305 231 45562 229 45818 227 46074 226 46329 224 46585 223 46841 222 47097 221 47353 220 47607 222 47863 222 48103 6 48118 222 48349 4 48358 7 48373 224 48601 2 48605 4 48613 10 48627 228 48857 2 48861 4 48869 252 49125 253 49380 244 49625 254 49881 4364 54250 251 54507 250 54767 245 55025 242 55283 240 55540 239 55799 236 56057 234 56314 233 56571 232 56828 231 57086 1 57088 227 57344 227 57600 226 57856 225 58112 224 58368 223 58624 219 58880 219 59136 218 59392 217 59648 217 59904 216 60160 185 60351 20 60416 184 60609 16 60672 183 60865 11 60928 183 61120 11 61184 181 61377 11 61440 180 61633 11 61696 179 61890 10 61952 179 62147 9 62208 178 62405 3 62464 178 62661 2 62720 177 62917 2 62976 177 63232 177 63488 176 63744 176 64000 176 64256 177 64512 177 64768 177 65024 177 65280 177
675111,0 174 256 175 512 175 768 175 1024 175 1280 175 1536 175 1792 175 2048 176 2304 176 2560 176 2816 177 3072 177 3328 177 3584 177 3840 177 4096 177 4352 178 4608 178 4864 178 5120 179 5376 179 5632 179 5888 179 6144 179 6400 179 6656 180 6912 180 7168 180 7424 181 7680 181 7936 181 8192 181 8448 181 8704 181 8960 182 9216 182 9472 182 9728 182 9984 183 10240 183 10496 183 10752 183 11008 184 11264 184 11520 184 11776 184 12032 185 12288 185 12544 185 12800 185 13056 185 13312 185 13568 186 13824 186 14080 187 14336 187 14592 187 14848 187 15104 187 15360 187 15616 188 15872 187 16128 188 16384 188 16640 189 16896 189 17152 189 17408 189 17664 189 17920 189 18176 190 18432 190 18688 190 18944 190 19200 191 19456 191 19712 191 19968 191 20224 191 20480 192 20736 192 20992 192 21248 193 21504 193 21760 193 22016 193 22272 193 22528 194 22784 194 23040 194 23296 194 23552 194 23808 195 24064 195 24320 195 24576 195 24832 195 25088 196 25344 196 25600 196 25856 197 26112 197 26368 197 26624 197 26880 197 27136 197 27392 197 27648 198 27904 198 28160 198 28416 199 28672 199 28928 199 29184 199 29440 200 29696 200 29952 200 30208 200 30464 201 30720 201 30976 201 31232 201 31488 202 31744 202 32000 202 32256 203 32512 203 32768 203 33024 203 33280 203 33536 203 33792 203 34048 204 34304 204 34560 204 34816 204 35072 204 35328 204 35584 205 35840 205 36096 205 36352 205 36608 35 36645 168 36864 35 36900 169 37120 206 37376 206 37632 207 37888 207 38144 207 38400 207 38656 207 38912 207 39168 208 39424 208 39680 208 39936 209 40192 209 40448 209 40704 209 40960 209 41216 209 41472 209 41728 210 41984 211 42240 211 42496 211 42752 211 43008 211 43264 211 43520 211 43776 212 44032 212 44288 212 44544 213 44800 213 45056 213 45312 213 45568 213 45824 213 46080 213 46336 214 46592 214 46848 214 47104 215 47360 215 47616 215 47872 215 48128 215 48384 216 48640 216 48896 216 49152 216 49408 217 49664 217 49920 217 50176 217 50432 217 50688 217 50944 218 51200 218 51456 218 51712 219 51968 219 52224 219 52480 219 52736 219 52992 219 53248 220 53504 220 53760 220 54016 221 54272 221 54528 221 54784 221 55040 221 55296 221 55552 221 55808 222 56064 222 56320 223 56576 101 56681 118 56832 101 56937 118 57088 100 57192 119 57344 100 57447 120 57600 99 57703 120 57856 99 57959 120 58112 99 58216 120 58368 224 58624 224 58880 225 59136 225 59392 225 59648 225 59904 225 60160 225 60416 225 60672 226 60928 226 61184 227 61440 227 61696 227 61952 227 62208 227 62464 227 62720 227 62976 228 63232 228 63488 228 63744 228 64000 228 64256 229 64512 229 64768 229 65024 228 65280 229
677723,0 65536
680771,0 65536
682813,0 91 256 91 512 91 768 91 1024 91 1280 91 1536 91 1792 91 2048 91 2304 91 2560 91 2816 93 3072 93 3328 92 3584 92 3840 92 4096 93 4352 93 4608 93 4864 93 5120 93 5376 95 5632 94 5888 95 6144 95 6400 95 6656 95 6912 95 7168 95 7424 95 7680 95 7936 95 8192 96 8448 97 8704 97 8960 97 9216 97 9472 97 9728 97 9984 98 10240 98 10496 98 10752 98 11008 99 11264 98 11520 99 11776 99 12032 99 12288 99 12544 99 12800 99 13056 100 13312 101 13568 100 13824 100 14080 101 14336 101 14592 101 14848 101 15104 101 15360 102 15616 103 15872 103 16128 103 16384 103 16640 104 16896 103 17152 103 17408 104 17664 103 17920 104 18176 104 18432 105 18688 105 18944 106 19200 105 19456 105 19712 107 19968 107 20224 106 20480 106 20736 106 20992 107 21248 107 21504 108 21760 107 22016 107 22272 109 22528 108 22784 108 23040 109 23296 108 23552 108 23808 109 24064 109 24320 109 24576 109 24832 109 25088 109 25344 111 25600 111 25856 111 26112 111 26368 111 26624 111 26880 111 27136 112 27392 111 27648 112 27904 113 28160 113 28416 113 28672 114 28928 113 29184 113 29440 113 29696 113 29952 114 30208 115 30464 115 30720 115 30976 115 31232 116 31488 115 31744 116 32000 117 32256 116 32512 117 32768 117 33024 117 33280 117 33536 118 33792 117 34048 118 34304 119 34560 119 34816 118 35072 119 35328 119 35584 119 35840 120 36096 119 36352 119 36608 120 36864 120 37120 119 37376 120 37632 120 37888 121 38144 122 38400 122 38656 121 38912 122 39168 123 39424 122 39680 122 39936 123 40192 122 40448 122 40704 123 40960 123 41216 123 41472 125 41728 124 41984 124 42240 125 42496 125 42752 125 43008 125 43264 126 43520 125 43776 125 44032 126 44288 126 44544 127 44800 127 45056 127 45312 127 45568 128 45824 128 46080 127 46336 128 46592 128 46848 128 47104 129 47360 129 47616 129 47872 129 48128 129 48384 129 48640 129 48896 130 49152 129 49408 129 49664 130 49920 130 50176 130 50432 131 50688 131 50944 131 51200 132 51456 132 51712 132 51968 132 52224 132 52480 133 52736 133 52992 133 53248 133 53504 133 53760 133 54016 133 54272 134 54528 135 54784 134 55040 135 55296 135 55552 135 55808 135 56064 135 56320 135 56576 135 56832 136 57088 136 57344 136 57600 137 57856 137 58112 137 58368 138 58624 137 58880 137 59136 138 59392 138 59648 138 59904 139 60160 139 60416 139 60672 139 60928 139 61184 139 61440 140 61696 141 61952 140 62208 140 62464 141 62720 141 62976 141 63232 141 63488 141 63744 142 64000 143 64256 143 64512 143 64768 144 65024 145 65280 143
688285,12 244 267 245 523 245 779 245 1035 245 1292 244 1548 244 1804 244 2061 243 2317 243 2573 243 2829 243 3085 243 3342 242 3598 242 3854 242 4111 241 4367 241 4623 241 4879 241 5135 241 5391 241 5647 241 5904 240 6160 240 6417 239 6673 239 6929 239 7185 239 7441 239 7697 239 7954 238 8210 238 8466 238 8722 238 8979 237 9235 237 9491 237 9747 237 10003 237 10259 237 10516 236 10772 236 11028 236 11285 235 11541 235 11797 235 12053 235 12309 235 12565 235 12821 235 13078 234 13334 234 13590 234 13847 233 14103 233 14359 233 14615 233 14871 233 15127 233 15384 232 15640 232 15896 232 16153 231 16409 231 16665 231 16921 231 17177 231 17433 231 17690 230 17946 230 18203 229 18459 229 18715 229 18971 229 19227 229 19483 229 19740 228 19996 228 20253 227 20509 227 20765 227 21021 227 21277 227 21533 227 21789 227 22045 227 22302 226 22558 226 22815 225 23071 225 23327 225 23583 225 23839 225 24095 225 24351 225 24607 225 24864 224 25120 224 25376 224 25633 223 25889 223 26145 223 26401 223 26657 223 26913 223 27169 223 27425 223 27682 222 27938 222 28194 222 28451 221 28707 221 28963 221 29219 221 29475 221 29732 220 29988 220 30244 220 30501 219 30757 219 31013 219 31269 219 31525 219 31781 219 32038 218 32294 218 32551 217 32807 217 33063 217 33319 217 33575 217 33831 217 34087 217 34343 217 34600 216 34856 216 35112 216 35368 216 35625 215 35881 215 36137 215 36393 215 36649 215 36905 215 37162 214 37418 214 37674 214 37931 213 38187 213 38443 213 38699 213 38955 213 39211 213 39468 212 39724 212 39980 212 40237 211 40493 211 40749 211 41005 211 41261 211 41517 211 41773 211 42030 210 42286 210 42542 210 42799 209 43055 209 43311 209 43567 209 43823 209 44080 208 44336 208 44592 208 44849 207 45105 207 45361 207 45617 207 45873 207 46129 207 46386 206 46642 206 46898 206 47154 206 47411 205 47667 205 47923 205 48179 205 48435 205 48691 205 48948 204 49204 204 49460 204 49717 203 49973 203 50229 203 50485 203 50741 203 50998 202 51254 202 51510 202 51766 202 52023 201 52279 201 52535 201 52791 201 53047 201 53303 201 53560 200 53816 200 54072 200 54329 199 54585 199 54841 199 55097 199 55353 199 55609 199 55866 198 56122 198 56378 198 56635 197 56891 197 57147 197 57403 197 57659 197 57915 197 58172 196 58428 196 58684 196 58941 195 59197 195 59453 195 59709 195 59965 195 60221 195 60477 195 60734 194 60990 194 61247 193 61503 193 61759 193 62015 193 62271 193 62527 193 62784 192 63040 192 63296 192 63553 191 63809 191 64065 191 64321 191 64577 191 64833 191 65090 190 65347 189
689810,0 65536
692688,0 7424 7425 255 7681 255 7937 255 8193 255 8450 254 8706 254 8963 253 9219 253 9475 253 9731 253 9988 252 10244 252 10501 251 10757 251 11013 251 11269 251 11526 250 11782 250 12039 249 12295 249 12551 249 12807 249 13064 248 13320 248 13576 248 13833 247 14089 247 14345 247 14601 247 14858 246 15115 245 15371 245 15627 245 15883 245 16140 244 16396 244 16653 243 16909 243 17165 243 17421 243 17678 242 17934 242 18191 241 18447 241 18703 241 18959 241 19216 240 19472 240 19729 239 19985 239 20241 239 20498 238 20754 238 21011 237 21267 237 21523 237 21779 237 22036 236 22293 235 22549 235 22805 235 23061 235 23318 234 23574 234 23831 233 24087 233 24343 233 24599 233 24856 232 25112 232 25369 231 25625 231 25881 231 26138 230 26394 230 26651 229 26907 229 27163 229 27419 229 27676 228 27933 227 28189 227 28445 227 28701 227 28958 226 29214 226 29471 225 29727 225 29983 225 30239 225 30496 224 30752 224 31009 223 31265 223 31521 223 31778 222 32034 222 32290 222 32547 221 32803 221 33059 221 33315 221 33572 220 33828 220 34085 219 34341 219 34597 219 34854 218 35110 218 35367 217 35623 217 35879 217 36136 216 36392 216 36649 215 36905 215 37161 215 37417 215 37674 214 37930 214 38187 213 38443 213 38699 213 38956 212 39212 212 39469 211 39725 211 39981 211 40237 211 40493 211 40750 210 41006 210 41263 209 41519 209 41776 208 42032 208 42289 207 42545 207 42801 207 43057 207 43314 206 43570 206 43827 205 44083 205 44339 205 44595 205 44852 204 45108 204 45365 203 45621 203 45877 203 46133 203 46390 202 46646 202 46903 201 47159 201 47415 201 47671 201 47928 200 48184 200 48441 199 48697 199 48953 199 49209 199 49466 198 49723 197 49979 197 50235 197 50491 197 50748 196 51005 195 51261 195 51517 195 51773 195 52030 194 52286 194 52543 193 52799 193 53055 193 53311 193 53568 192 53824 192 54081 191 54337 191 54593 191 54849 191 55106 190 55362 190 55619 189 55875 189 56131 189 56387 189 56644 188 56900 188 57157 187 57413 187 57669 187 57926 186 58183 185 58439 185 58695 185 58951 185 59208 184 59464 184 59721 183 59977 183 60233 183 60489 183 60745 183 61002 182 61258 182 61515 181 61771 181 62027 181 62284 180 62540 180 62797 179 63053 179 63309 179 63565 179 63822 178 64078 178 64335 177 64591 177 64848 176 65104 176 65361 175
694806,54 58 118 45 169 53 228 15 251 4 311 56 376 41 426 51 488 1 493 1 567 56 633 40 683 50 823 56 889 40 939 8 949 41 1079 56 1145 40 1195 6 1206 41 1255 2 1333 57 1402 39 1450 7 1463 44 1509 8 1589 57 1659 38 1706 7 1719 54 1845 56 1917 36 1961 8 1976 53 2101 56 2174 35 2217 8 2233 52 2357 56 2431 34 2473 8 2491 50 2613 56 2689 32 2729 8 2747 50 2868 55 2947 31 2985 8 3003 51 3123 56 3204 30 3241 8 3259 51 3378 54 3461 30 3497 8 3515 51 3634 48 3685 1 3719 28 3755 6 3771 51 3889 47 3976 27 4012 4 4027 51 4146 45 4233 25 4282 52 4402 45 4493 8 4506 7 4537 52 4657 46 4750 7 4763 4 4793 52 4913 44 5048 53 5169 44 5303 54 5426 41 5559 54 5682 39 5814 54 5939 36 6069 54 6195 36 6325 54 6453 34 6580 55 6709 34 6783 4 6836 55 6971 28 7038 6 7092 41 7139 6 7169 2 7232 4 7241 14 7293 8 7348 41 7396 5 7424 3 7500 9 7550 7 7605 4 7611 34 7680 3 7759 6 7806 7 7861 4 7869 32 7936 3 8063 5 8125 32 8192 3 8320 3 8381 32 8449 2 8637 32 8699 8 8893 33 8955 9 9149 34 9211 9 9405 35 9467 10 9660 36 9723 10 9914 39 9979 10 10169 40 10223 6 10235 10 10425 42 10478 8 10491 10 10681 43 10733 10 10748 9 10937 43 10989 10 11005 8 11193 43 11244 11 11263 6 11450 43 11499 12 11519 6 11707 42 11755 12 11774 7 11963 42 12011 13 12030 7 12221 40 12267 13 12285 7 12363 4 12477 40 12523 13 12540 7 12617 8 12735 37 12780 11 12797 6 12871 10 12992 35 13037 10 13054 3 13101 3 13126 10 13251 30 13355 8 13382 10 13507 29 13607 15 13637 10 13763 30 13862 17 13894 8 14020 29 14116 20 14151 5 14277 30 14370 23 14408 3 14533 30 14623 26 14791 29 14879 26 15048 28 15130 31 15305 27 15385 32 15561 27 15640 33 15811 33 15896 33 16067 33 16151 36 16322 34 16407 37 16577 11 16590 22 16640 6 16663 38 16788 3 16833 11 16849 19 16896 6 16919 40 17041 8 17089 12 17107 17 17152 6 17176 40 17294 13 17345 12 17363 17 17408 6 17432 41 17549 15 17602 11 17619 17 17664 5 17688 41 17803 20 17859 10 17876 15 17920 5 17945 40 18057 22 18115 9 18132 15 18176 5 18201 40 18310 27 18375 1 18377 2 18389 14 18432 4 18457 40 18565 28 18645 12 18689 1 18713 40 18821 28 18903 6 18969 40 19076 29 19226 39 19332 29 19482 39 19588 29 19737 40 19844 29 19993 40 20100 29 20247 42 20356 28 20503 42 20612 27 20759 42 20869 25 21015 41 21125 24 21270 42 21382 21 21526 42 21639 19 21783 41 21897 11 22038 42 22294 42 22550 41 22805 42 23062 40 23319 38 23575 38 23833 35 24089 35 24320 1 24346 35 24576 1 24602 35 24864 30 25122 28 25380 27 25637 26 25894 26 26112 3 26150 27 26368 6 26390 1 26395 2 26407 26 26555 9 26624 7 26644 11 26663 26 26810 11 26880 11 26897 15 26921 24 27065 14 27136 13 27152 17 27177 23 27321 15 27392 35 27435 20 27576 17 27648 35 27692 19 27832 17 27904 36 27950 15 28059 4 28087 18 28160 36 28207 13 28314 5 28343 18 28416 37 28466 8 28569 6 28599 18 28672 37 28824 8 28856 17 28928 37 29078 10 29112 17 29184 37 29330 14 29368 17 29440 37 29585 15 29624 17 29696 37 29841 15 29881 16 29952 37 30095 16 30137 15 30208 37 30351 16 30393 14 30464 37 30607 17 30650 11 30720 37 30862 19 30907 10 30976 37 31117 22 31165 6 31232 37 31373 21 31488 37 31629 21 31744 37 31884 22 32000 36 32139 24 32256 36 32395 23 32512 35 32649 23 32768 35 32905 20 33024 33 33093 5 33161 14 33280 33 33346 13 33367 4 33417 13 33536 29 33600 28 33649 2 33675 6 33792 25 33856 28 33903 8 33932 3 34048 23 34111 30 34157 12 34203 2 34304 23 34367 30 34413 12 34457 5 34560 23 34623 30 34669 13 34706 13 34777 7 34816 23 34879 30 34925 13 34961 14 35032 9 35062 7 35072 23 35136 28 35181 14 35216 16 35287 11 35316 35 35392 28 35437 14 35471 17 35543 12 35571 36 35649 26 35694 13 35727 16 35799 13 35826 37 35907 16 35925 5 35951 12 35983 16 36055 13 36081 37 36164 13 36208 11 36239 16 36311 14 36337 36 36422 9 36464 10 36495 16 36567 14 36593 35 36682 2 36720 10 36751 17 36823 14 36848 18 36867 16 36975 12 37006 19 37079 14 37103 17 37129 8 37231 12 37261 20 37336 13 37359 17 37387 4 37486 14 37517 20 37593 12 37615 17 37739 18 37773 22 37836 5 37850 11 37869 19 37995 18 38029 22 38091 6 38106 11 38124 20 38248 23 38284 25 38341 15 38362 38 38503 24 38541 27 38595 18 38616 40 38758 27 38796 30 38849 63 38953 2 39013 28 39052 31 39104 64 39206 7 39269 29 39308 33 39359 65 39461 9 39524 31 39564 33 39615 64 39716 11 39779 32 39820 34 39870 63 39972 12 40035 31 40076 34 40125 63 40228 13 40289 33 40332 35 40380 59 40484 13 40544 34 40589 34 40633 60 40741 12 40798 36 40845 35 40887 60 40997 12 41052 38 41101 36 41140 63 41254 11 41308 38 41357 102 41511 9 41564 38 41614 101 41769 7 41820 38 41871 101 42025 6 42076 39 42127 102 42282 5 42333 38 42384 108 42539 4 42567 2 42589 38 42641 108 42763 14 42796 3 42803 2 42822 10 42846 38 42899 109 43015 20 43052 1 43057 6 43077 12 43102 38 43158 106 43269 27 43312 8 43333 14 43357 39 43417 103 43523 33 43567 10 43588 15 43613 39 43673 142 43822 14 43842 18 43869 39 43930 141 44077 39 44125 38 44186 142 44332 41 44381 38 44443 142 44588 42 44638 37 44699 142 44843 87 44956 141 45099 86 45213 140 45355 85 45470 138 45611 85 45727 136 45867 84 45985 133 46123 84 46241 130 46379 83 46493 131 46635 82 46748 131 46891 84 46992 8 47002 133 47148 83 47247 144 47405 83 47500 147 47661 84 47755 148 47917 86 48010 149 48173 88 48265 150 48429 242 48685 242 48940 242 49195 243 49451 242 49707 242 49963 241 50219 240 50474 241 50730 241 50986 241 51242 241 51499 240 51755 239 52010 240 52266 239 52523 238 52779 238 53035 238 53291 237 53549 234 53806 233 54063 231 54321 228 54582 73 54665 140 54839 2 54843 68 54921 139 55097 70 55178 137 55353 71 55434 137 55609 72 55689 138 55865 74 55945 138 56120 77 56201 138 56375 221 56630 179 56812 41 56886 179 57069 42 57142 179 57322 45 57398 226 57655 225 57913 223 58176 217 58432 217 58687 218 58943 218 59199 218 59455 218 59711 218 59967 217 60224 216 60480 216 60736 216 60992 216 61249 215 61505 214 61762 213 62018 113 62133 98 62273 113 62387 100 62529 107 62638 107 62784 107 62898 7 62910 92 63040 107 63153 1 63157 4 63165 94 63295 108 63408 1 63413 4 63418 98 63551 110 63667 5 63673 99 63806 111 63921 10 63933 95 64061 113 64177 10 64190 95 64317 126 64445 96 64573 124 64701 96 64829 119 64950 103 65085 119 65207 102 65341 120 65462 74
695503,0 65536
701596,1 74 91 132 239 89 349 72 427 50 496 88 606 71 683 49 753 87 862 73 937 51 1009 86 1118 126 1264 87 1373 127 1519 88 1629 127 1775 88 1885 126 2031 88 2141 123 2287 88 2397 122 2544 87 2653 48 2703 70 2799 25 2827 60 2909 46 2967 62 3057 22 3085 58 3166 44 3222 63 3314 22 3342 14 3359 8 3369 29 3425 40 3477 51 3531 8 3572 20 3599 13 3618 2 3626 27 3682 39 3734 47 3787 4 3794 1 3829 3 3835 13 3855 13 3883 22 3942 34 3990 43 4092 12 4111 12 4140 19 4199 32 4246 41 4348 13 4368 11 4399 12 4457 25 4503 39 4604 12 4625 9 4657 9 4714 23 4759 39 4859 13 4885 2 4973 18 5011 44 5113 15 5230 17 5267 44 5325 7 5367 18 5493 7 5522 45 5579 14 5621 20 5777 46 5835 18 5877 21 6033 44 6091 21 6131 24 6288 44 6347 22 6387 25 6541 47 6603 22 6643 25 6793 51 6859 23 6899 26 7047 52 7115 25 7154 27 7246 1 7301 54 7372 25 7410 29 7501 4 7553 56 7629 24 7667 29 7756 5 7808 56 7886 23 7923 31 8011 7 8062 57 8143 22 8180 31 8267 7 8317 56 8399 22 8437 32 8525 4 8572 55 8655 22 8693 32 8782 3 8828 55 8911 22 8949 32 9084 45 9130 9 9167 21 9205 32 9340 45 9386 3 9390 4 9423 22 9460 33 9596 45 9642 3 9679 21 9716 32 9852 45 9935 21 9972 29 10107 46 10191 20 10228 27 10296 3 10364 45 10447 20 10484 25 10553 4 10620 45 10703 19 10740 24 10809 4 10876 45 10959 19 10996 24 11066 2 11111 1 11131 45 11215 18 11253 23 11365 6 11387 45 11469 19 11509 23 11618 11 11631 2 11643 45 11725 16 11765 23 11873 15 11898 45 11981 16 12021 23 12099 2 12127 22 12150 3 12154 45 12236 15 12281 19 12353 6 12383 27 12412 43 12491 15 12538 17 12602 1 12606 10 12637 74 12720 7 12747 14 12796 15 12858 2 12861 12 12893 73 12975 9 13003 13 13056 11 13114 2 13117 15 13149 72 13230 13 13247 2 13258 15 13312 11 13369 20 13399 2 13405 70 13485 16 13502 3 13515 14 13562 2 13568 11 13617 32 13653 78 13736 29 13771 14 13817 3 13824 11 13871 35 13908 79 13992 29 14026 15 14080 10 14125 116 14242 1 14248 30 14282 15 14336 9 14381 116 14504 30 14539 14 14590 11 14635 120 14759 32 14795 13 14844 13 14891 120 15014 33 15051 13 15099 14 15145 159 15308 11 15355 16 15400 106 15510 50 15565 10 15611 16 15655 106 15767 50 15822 9 15866 17 15911 105 16023 50 16079 7 16121 20 16146 3 16165 103 16279 50 16336 5 16376 23 16401 6 16420 95 16516 4 16534 51 16593 3 16631 29 16673 98 16790 51 16887 29 16929 54 16984 43 17046 51 17143 29 17184 55 17241 43 17302 52 17399 29 17439 55 17497 44 17559 53 17654 34 17695 48 17753 44 17814 53 17897 4 17905 40 17951 46 18010 43 18070 53 18153 48 18207 46 18267 42 18326 53 18406 52 18461 48 18523 42 18582 52 18659 104 18781 40 18837 53 18908 111 19037 40 19093 52 19164 106 19272 1 19297 37 19349 51 19419 106 19555 35 19605 50 19675 105 19812 35 19861 48 19930 106 20068 35 20117 48 20186 109 20325 34 20374 47 20441 110 20581 34 20630 44 20676 1 20696 111 20838 21 20861 9 20887 42 20951 112 21095 20 21117 9 21143 42 21207 112 21323 1 21352 18 21374 5 21400 40 21460 115 21578 3 21609 17 21631 2 21657 39 21716 113 21833 4 21856 5 21866 15 21914 37 21972 113 22089 4 22111 8 22123 13 22170 37 22229 111 22344 8 22362 2 22367 8 22379 12 22427 35 22488 109 22599 10 22618 13 22637 10 22683 34 22735 1 22745 120 22876 11 22895 6 22940 33 22991 1 23003 118 23133 10 23151 7 23196 33 23247 1 23259 118 23389 11 23402 3 23406 11 23453 32 23502 4 23515 118 23644 13 23658 16 23709 32 23757 6 23772 117 23900 31 23966 29 24012 8 24028 117 24157 30 24223 28 24267 10 24285 115 24413 30 24479 26 24506 1 24517 19 24541 114 24669 30 24735 28 24767 1 24771 24 24797 112 24927 29 24989 96 25087 76 25184 28 25245 95 25344 25 25379 39 25441 28 25495 99 25600 25 25636 39 25696 30 25748 101 25856 21 25892 3 25897 35 25951 31 26000 105 26112 20 26154 34 26207 31 26255 106 26368 19 26410 34 26463 37 26510 106 26624 18 26666 34 26719 38 26765 107 26880 16 26917 1 26919 37 26975 38 27019 110 27136 15 27174 38 27231 41 27275 110 27392 15 27429 39 27486 155 27648 15 27685 40 27741 156 27904 15 27940 41 27995 157 28160 15 28197 40 28250 158 28416 15 28453 40 28505 160 28672 16 28709 40 28760 153 28915 5 28928 16 28966 39 29016 153 29184 16 29223 39 29272 153 29440 17 29479 41 29528 153 29696 17 29734 43 29784 154 29952 19 29989 46 30040 157 30207 20 30245 46 30296 159 30462 21 30501 46 30552 187 30757 47 30807 188 31009 242 31266 46 31313 192 31522 47 31571 1 31573 188 31778 48 31829 188 32035 43 32079 2 32089 184 32278 2 32292 33 32327 6 32335 1 32345 184 32533 2 32547 34 32583 3 32602 189 32794 6 32803 34 32858 234 33114 233 33370 217 33625 218 33862 1 33880 219 34133 1 34135 220 34389 222 34645 222 34898 226 35153 227 35409 227 35665 227 35921 125 36047 100 36177 124 36304 99 36434 122 36559 100 36691 222 36949 218 37188 5 37197 3 37205 217 37443 14 37462 166 37629 48 37698 16 37718 165 37885 48 37953 19 37973 167 38141 44 38190 2 38208 233 38443 5 38463 233 38699 5 38719 233 38956 3 38975 141 39118 90 39231 140 39375 42 39421 43 39487 140 39631 41 39677 42 39743 26 39770 111 39887 40 39933 41 39999 25 40026 99 40127 9 40143 40 40186 40 40255 24 40285 94 40399 77 40477 2 40511 24 40541 94 40655 80 40766 25 40799 90 40912 79 41009 3 41021 26 41056 89 41168 77 41265 39 41313 86 41425 75 41520 40 41569 86 41681 72 41775 40 41825 85 41937 72 42030 41 42080 86 42193 71 42284 43 42334 87 42450 70 42539 44 42590 87 42706 71 42795 44 42844 13 42860 73 42962 72 43040 2 43045 50 43099 14 43117 71 43217 70 43288 63 43355 14 43373 19 43398 46 43471 73 43546 61 43611 14 43629 19 43655 45 43727 136 43867 13 43891 12 43912 43 43981 138 44123 12 44148 9 44168 43 44235 141 44379 12 44425 40 44492 140 44635 12 44681 8 44690 31 44748 141 44891 13 44938 7 44954 4 44965 11 44978 1 44991 4 45005 140 45148 13 45195 6 45211 2 45221 11 45241 3 45246 5 45260 76 45337 64 45405 11 45480 9 45497 11 45515 77 45594 63 45663 9 45738 5 45752 13 45771 142 45922 6 45998 1 46005 18 46028 145 46178 7 46253 2 46259 20 46284 149 46434 9 46508 30 46540 159 46764 31 46797 158 47019 192 47274 192 47470 1 47493 2 47527 196 47726 1 47749 2 47783 196 47999 8 48022 5 48035 200 48255 9 48275 8 48291 201 48513 11 48526 2 48531 9 48546 203 48769 16 48787 10 48802 203 49023 237 49278 237 49533 238 49789 238 50045 238 50300 237 50555 238 50811 236 51067 235 51323 233 51579 233 51835 233 52092 233 52349 232 52605 231 52861 232 53115 234 53370 235 53625 236 53881 238 54134 243 54384 2234 56621 208 56831 42 56877 208 57087 41 57135 249 57392 247 57649 246 57906 243 58163 242 58420 240 58677 239 58933 239 59190 239 59447 238 59703 237 59959 237 60219 233 60475 232 60732 1 60734 229 60992 207 61203 14 61250 205 61461 11 61506 204 61721 4 61761 205 62017 205 62271 208 62527 208 62781 210 63035 1 63037 202 63242 4 63289 204 63496 7 63544 156 63707 52 63772 6 63800 152 63965 50 64027 7 64056 152 64224 48 64283 8 64311 154 64483 46 64538 9 64567 154 64741 45 64794 9 64820 156 64997 45 65050 9 65074 158 65254 43 65307 8 65329 159 65509 27
702433,0 65536
711772,0 65536
715702,0 65536
719371,0 21 41 1 43 232 309 222 569 218 826 3 830 1 832 211 1081 24 1107 194 1335 26 1364 193 1591 25 1620 196 1838 34 1875 200 2093 35 2129 3 2133 200 2349 37 2388 203 2605 37 2643 4 2649 198 2861 40 2912 192 3117 40 3169 191 3371 36 3429 187 3625 39 3677 2 3685 18 3704 168 3878 43 3943 88 4032 96 4133 44 4198 10 4210 173 4389 44 4458 4 4466 173 4645 44 4716 1 4721 174 4900 15 4917 30 4977 174 5156 14 5175 28 5234 173 5412 13 5432 25 5476 1 5491 172 5669 11 5688 19 5709 4 5748 171 5925 8 5946 13 5967 2 5991 2 6004 171 6203 10 6223 2 6248 2 6260 171 6505 2 6509 2 6513 175 6761 2 6765 179 7016 4 7023 177 7271 6 7279 177 7527 185 7784 184 8039 185 8295 186 8551 186 8807 186 9062 188 9318 188 9573 189 9829 188 10085 188 10341 187 10597 78 10683 100 10853 78 10939 98 11109 76 11195 97 11364 77 11451 96 11620 76 11707 96 11876 76 11963 95 12131 77 12219 96 12387 77 12473 98 12643 76 12728 99 12899 76 12983 102 13086 4 13157 74 13239 109 13415 72 13495 110 13679 65 13751 110 13935 66 14007 110 14192 66 14263 110 14448 65 14519 110 14705 64 14770 1 14775 110 14961 63 15026 1 15032 109 15220 60 15289 109 15478 58 15545 110 15683 7 15739 54 15800 111 15938 9 15995 54 16056 113 16193 12 16251 54 16311 116 16449 12 16508 53 16567 119 16705 12 16721 4 16765 32 16801 142 16961 13 16977 5 17021 31 17060 141 17217 13 17231 8 17278 22 17317 142 17474 12 17487 9 17535 21 17574 143 17730 11 17743 10 17798 14 17831 143 17987 9 17999 10 18054 14 18087 144 18243 8 18255 10 18309 16 18343 145 18499 6 18511 10 18565 16 18599 146 18767 10 18819 18 18855 146 19023 10 19075 18 19110 147 19279 10 19329 19 19366 121 19490 22 19535 10 19585 19 19621 120 19747 20 19791 9 19840 21 19877 120 20005 18 20047 9 20096 21 20134 118 20266 2 20274 1 20303 8 20351 22 20390 117 20559 8 20606 23 20647 115 20816 6 20859 26 20903 114 21073 4 21113 27 21159 113 21368 27 21417 111 21623 26 21673 110 21817 11 21878 27 21929 110 22073 12 22134 27 22185 108 22327 14 22390 27 22441 108 22582 16 22646 27 22696 109 22837 18 22902 28 22934 1 22952 109 23093 18 23158 21 23180 6 23189 3 23207 109 23349 18 23415 19 23438 4 23446 2 23463 109 23605 18 23633 5 23672 17 23694 3 23702 3 23719 109 23830 3 23861 18 23884 12 23930 15 23949 4 23960 1 23975 109 24086 4 24118 17 24139 14 24187 13 24205 3 24216 2 24231 108 24341 6 24376 15 24393 17 24445 10 24461 3 24471 4 24487 107 24596 7 24633 34 24707 4 24716 4 24727 5 24743 107 24851 8 24889 34 24940 11 24984 5 24999 116 25145 35 25195 14 25240 5 25255 116 25399 37 25449 19 25497 4 25511 117 25655 38 25705 20 25754 3 25767 120 25909 41 25960 22 26002 3 26009 6 26022 122 26145 6 26165 42 26216 22 26258 3 26264 8 26278 132 26415 49 26471 22 26515 16 26534 187 26727 22 26771 17 26789 190 26981 24 27027 234 27285 233 27541 233 27797 234 28052 236 28308 237 28564 238 28821 237 29077 238 29333 238 29589 238 29846 237 30101 238 30357 240 30613 244 30869 248 31125 248 31381 250 31636 251 31891 253 32146 1053 33200 255 33457 254 33713 1020 34736 253 34992 253 35248 252 35504 252 35760 14 35777 234 36016 13 36033 231 36275 8 36290 229 36533 4 36547 227 36781 3 36803 224 37036 4 37059 218 37292 4 37315 217 37548 4 37570 217 37803 5 37825 218 38059 5 38080 216 38316 4 38329 222 38573 2 38585 219 38839 220 39093 221 39347 222 39603 222 39858 222 40113 222 40369 222 40625 220 40883 218 41139 218 41401 212 41661 208 41923 203 42179 204 42436 203 42693 202 42949 202 43205 202 43462 200 43719 195 43978 191 44235 190 44493 188 44750 187 45008 185 45264 185 45521 184 45777 184 46012 3 46033 184 46265 9 46289 184 46518 14 46544 185 46773 16 46799 186 47029 17 47053 187 47284 212 47502 3 47539 212 47757 6 47795 211 48012 10 48031 8 48050 211 48268 10 48287 8 48305 211 48523 10 48544 8 48560 211 48779 10 48795 1 48799 10 48815 212 49035 10 49049 1 49055 12 49070 213 49291 10 49304 2 49308 2 49312 227 49547 9 49559 3 49563 2 49570 225 49803 8 49816 5 49826 226 50060 7 50072 5 50083 225 50317 6 50328 5 50339 226 50576 3 50580 2 50583 4 50595 226 50833 4 50840 3 50852 225 51089 6 51097 2 51107 226 51345 6 51354 2 51363 226 51600 13 51618 227 51856 15 51874 227 52111 16 52131 226 52367 17 52386 227 52622 18 52641 228 52878 17 52897 227 53133 246 53389 246 53645 246 53901 244 54157 244 54413 244 54669 244 54925 244 55182 17 55200 227 55438 246 55696 8 55707 234 55953 6 55963 235 56218 237 56475 236 56731 236 56987 237 57243 237 57500 237 57757 236 58018 125 58145 104 58274 11 58287 10 58299 100 58401 103 58530 11 58548 3 58557 98 58657 103 58787 8 58816 96 58913 4 58920 3 58924 91 59043 8 59073 99 59174 4 59180 91 59300 7 59331 97 59429 97 59556 7 59587 194 59812 6 59845 93 59939 97 60068 6 60102 189 60325 4 60361 8 60376 171 60582 3 60619 4 60633 170 60838 3 60890 169 61093 2 61146 168 61347 5 61402 168 61603 5 61658 167 61861 2 61914 167 62117 1 62170 167 62426 167 62682 167 62938 167 63194 167 63450 167 63706 166 63961 167 64216 167 64469 170 64725 170 64980 171 65236 171 65492 44
722180,0 229 256 231 512 231 768 231 1024 231 1280 231 1536 231 1792 231 2048 231 2304 231 2560 231 2816 231 3072 231 3328 231 3584 231 3840 231 4096 231 4352 232 4608 232 4864 233 5120 234 5376 234 5632 234 5888 235 6144 235 6400 234 6656 234 6912 235 7168 235 7424 236 7680 236 7936 235 8192 236 8448 237 8704 236 8960 237 9216 237 9472 236 9728 236 9984 237 10240 237 10496 237 10752 237 11008 237 11264 237 11520 238 11776 238 12032 239 12288 239 12544 239 12800 239 13056 240 13312 239 13568 240 13824 240 14080 240 14336 241 14592 242 14848 241 15104 241 15360 241 15616 241 15872 242 16128 243 16384 242 16640 243 16896 243 17152 243 17408 244 17664 245 17920 245 18176 245 18432 245 18688 245 18944 245 19200 246 19456 245 19712 246 19968 247 20224 247 20480 247 20736 247 20992 247 21248 247 21504 248 21760 248 22016 248 22272 249 22528 249 22784 249 23040 250 23296 250 23552 250 23808 251 24064 251 24320 251 24576 251 24832 251 25088 251 25344 252 25600 252 25856 253 26112 253 26368 253 26624 253 26880 253 27136 253 27392 253 27648 254 27904 254 28160 254 28416 255 28672 255 28928 255 29184 255 29440 255 29696 15877 45577 252 45834 251 46089 1038 47129 254 47385 254 47641 256 47905 248 48161 248 48417 247 48674 245 48931 244 49187 243 49445 240 49701 238 49959 236 50216 235 50474 233 50730 233 50986 233 51242 232 51498 231 51754 231 52010 231 52266 229 52523 228 52779 228 53036 228 53293 227 53550 226 53807 225 54062 226 54317 227 54571 229 54827 229 55081 231 55337 232 55591 234 55847 206 56057 24 56101 206 56313 24 56357 206 56569 24 56613 207 56825 25 56868 208 57081 26 57124 209 57337 26 57380 208 57593 27 57636 240 57892 240 58149 239 58405 239 58661 239 58917 238 59174 236 59430 235 59687 234 59945 230 60203 228 60459 226 60716 28 60749 191 60973 26 61005 186 61229 26 61262 43 61306 2 61310 137 61485 26 61518 185 61743 22 61773 186 62000 20 62029 186 62259 16 62285 186 62517 14 62541 186 62773 12 62796 187 63030 11 63052 187 63307 188 63563 187 63819 186 64075 186 64331 186 64587 184 64842 185 65098 182 65282 2 65354 182
726981,1 4 36 25 103 16 221 16 253 2 293 22 360 15 480 12 549 22 616 15 737 10 805 22 871 14 992 11 1061 22 1127 14 1248 11 1317 23 1383 13 1503 12 1573 23 1639 12 1759 12 1828 24 1895 12 2013 16 2084 24 2150 13 2268 17 2339 25 2406 13 2523 20 2595 24 2661 13 2779 20 2853 22 2917 12 3033 24 3062 10 3109 22 3173 12 3289 27 3317 11 3365 21 3430 11 3544 40 3621 21 3686 11 3800 40 3878 19 3943 9 4055 41 4135 17 4199 9 4311 41 4392 15 4456 6 4565 43 4648 13 4713 4 4821 43 4907 8 5075 45 5165 8 5331 45 5423 16 5585 47 5678 18 5841 47 5933 20 6097 47 6189 20 6353 47 6443 22 6608 48 6699 22 6863 52 6953 25 7114 57 7208 26 7369 58 7463 28 7624 59 7719 28 7879 60 7975 30 8135 60 8231 31 8391 57 8487 33 8646 58 8743 34 8902 58 8999 34 9158 58 9255 34 9413 59 9510 36 9669 59 9766 36 9925 59 10021 37 10181 59 10277 37 10353 1 10437 59 10533 36 10607 3 10693 59 10789 36 10864 2 10949 59 11031 1 11043 38 11121 1 11203 61 11299 38 11459 61 11553 39 11714 62 11799 4 11809 39 11970 59 12054 4 12063 40 12187 5 12226 59 12311 3 12317 42 12441 8 12481 59 12568 1 12572 44 12694 13 12737 57 12827 45 12946 19 12993 56 13083 44 13197 25 13249 52 13338 45 13452 27 13506 33 13549 6 13593 46 13705 31 13763 30 13849 46 13961 32 14020 29 14104 48 14215 34 14277 25 14360 48 14469 36 14533 26 14590 2 14616 49 14723 38 14788 36 14831 17 14872 49 14979 37 15044 37 15085 19 15128 49 15225 47 15300 60 15384 49 15479 49 15556 60 15640 49 15731 53 15813 59 15895 50 15987 53 16069 59 16151 50 16241 55 16309 4 16325 59 16406 51 16496 56 16564 6 16581 59 16661 52 16750 59 16819 8 16837 59 16917 52 17005 61 17075 10 17093 14 17109 43 17173 52 17260 83 17350 11 17364 44 17409 4 17429 52 17516 83 17606 11 17620 51 17683 53 17771 85 17863 6 17875 52 17939 52 18027 85 18120 4 18131 53 18194 53 18283 85 18387 53 18449 53 18539 86 18643 53 18704 53 18795 86 18898 54 18961 51 19051 86 19154 54 19217 50 19307 86 19409 54 19472 51 19563 86 19665 47 19727 50 19818 89 19919 49 19983 50 20073 90 20175 49 20237 51 20328 91 20429 51 20492 51 20583 92 20685 51 20747 52 20838 93 20940 52 21002 52 21093 94 21196 52 21257 52 21348 95 21451 53 21513 52 21603 96 21707 53 21768 55 21859 96 21961 55 22024 55 22115 96 22217 55 22279 57 22370 96 22473 55 22535 57 22625 97 22728 56 22789 59 22881 96 22984 56 23045 59 23137 96 23239 57 23301 59 23392 97 23495 57 23557 59 23647 98 23751 57 23812 59 23902 99 24006 58 24068 59 24158 99 24261 59 24324 57 24413 163 24580 55 24667 65 24735 97 24837 49 24923 61 24992 96 25094 47 25178 61 25248 96 25351 46 25434 59 25505 95 25609 43 25690 58 25761 95 25867 40 25945 58 26018 94 26125 36 26201 57 26274 94 26381 34 26457 56 26530 94 26627 5 26637 34 26713 56 26786 103 26893 26 26969 55 27041 106 27148 27 27225 54 27297 133 27482 52 27553 133 27739 50 27810 131 27996 48 28066 5 28076 121 28252 47 28322 4 28333 119 28509 46 28589 118 28765 45 28847 114 29026 39 29105 111 29283 37 29361 111 29541 30 29617 112 29797 30 29873 112 30053 28 30129 112 30309 28 30385 112 30563 28 30641 112 30819 28 30897 112 31073 28 31153 112 31322 35 31408 113 31575 36 31664 113 31830 36 31920 113 32085 31 32176 113 32341 30 32432 113 32597 30 32687 114 32853 30 32944 113 33109 30 33200 113 33365 30 33457 112 33622 27 33715 109 33879 25 33973 106 34135 24 34232 103 34391 24 34489 100 34627 3 34637 8 34648 22 34745 99 34880 8 34892 9 34905 20 35002 98 35134 24 35163 17 35259 97 35389 26 35421 14 35514 99 35645 26 35681 8 35769 100 35901 27 35941 2 36024 101 36156 29 36279 102 36412 29 36535 102 36669 29 36789 104 36925 30 37045 104 37181 30 37300 104 37438 29 37556 104 37695 28 37811 105 37953 26 38067 104 38211 24 38322 105 38469 21 38578 105 38732 14 38834 105 38989 14 39090 105 39246 13 39346 104 39502 13 39527 5 39601 105 39758 13 39781 10 39857 104 40014 13 40036 12 40113 104 40270 13 40291 15 40368 105 40526 13 40547 16 40624 105 40781 14 40801 21 40879 106 41037 14 41057 23 41135 105 41293 14 41312 27 41361 5 41390 105 41549 14 41567 36 41616 7 41645 105 41805 14 41821 43 41870 9 41901 104 42061 13 42077 43 42125 10 42156 105 42317 12 42332 44 42380 12 42411 18 42434 19 42457 59 42573 11 42588 44 42636 12 42666 19 42691 17 42714 56 42829 11 42844 44 42891 13 42921 20 42948 15 42971 6 42979 46 43071 4 43085 11 43099 45 43147 13 43176 21 43205 14 43227 6 43235 44 43326 6 43341 59 43404 11 43429 24 43463 12 43483 52 43581 7 43597 59 43660 11 43685 24 43721 10 43740 50 43837 7 43853 58 43917 10 43938 27 43979 8 43994 52 44093 8 44109 58 44173 9 44191 29 44235 8 44249 52 44347 9 44366 57 44430 6 44444 32 44491 8 44505 52 44603 9 44623 56 44688 2 44700 32 44746 9 44762 50 44859 8 44879 54 44955 33 44999 13 45019 48 45115 8 45135 54 45211 32 45255 14 45275 48 45369 10 45391 52 45467 32 45511 14 45530 49 45625 10 45647 52 45723 31 45771 10 45786 47 45879 12 45903 50 45979 31 46027 10 46041 48 46135 12 46159 49 46235 30 46283 11 46296 49 46390 13 46415 49 46491 30 46538 62 46645 14 46671 49 46747 30 46794 61 46901 14 46927 48 47003 28 47050 60 47157 14 47183 48 47259 28 47305 60 47413 14 47439 48 47515 27 47561 60 47669 14 47695 48 47771 26 47817 60 47925 12 47952 47 48026 27 48073 59 48181 12 48207 46 48275 34 48328 60 48439 7 48462 47 48529 35 48582 60 48695 6 48717 48 48785 35 48837 59 48973 43 49017 2 49040 35 49092 60 49228 41 49296 35 49347 61 49483 40 49553 33 49601 63 49738 41 49809 32 49857 63 49992 41 50066 31 50113 63 50247 42 50322 30 50368 54 50427 5 50501 42 50579 28 50623 50 50685 3 50757 41 50835 26 50879 50 50943 1 51013 34 51093 22 51133 50 51269 32 51349 22 51384 55 51525 31 51607 20 51638 55 51779 33 51865 18 51893 55 51971 2 52033 34 52125 13 52148 55 52225 4 52289 34 52381 13 52404 55 52480 7 52544 36 52639 12 52659 57 52737 7 52800 38 52896 11 52915 57 52993 7 53055 40 53151 14 53170 58 53251 5 53311 41 53359 1 53406 15 53424 61 53565 43 53613 6 53661 80 53819 44 53869 6 53916 81 54071 48 54124 7 54171 82 54326 50 54380 7 54427 82 54580 52 54637 6 54682 83 54836 53 54893 6 54938 83 55091 54 55151 2 55194 82 55346 55 55450 81 55601 55 55706 81 55857 54 55962 80 56111 54 56218 79 56367 54 56474 79 56621 56 56729 79 56877 55 56985 79 57131 57 57239 81 57344 2 57386 59 57494 81 57600 4 57640 61 57749 82 57856 4 57895 62 58005 82 58113 3 58149 64 58261 81 58369 3 58403 65 58516 82 58624 1 58655 68 58773 80 58911 68 59029 80 59165 65 59259 6 59285 80 59421 63 59515 6 59542 79 59676 62 59770 8 59800 5 59806 72 59932 61 60025 9 60063 71 60158 1 60187 58 60281 10 60321 69 60413 3 60443 58 60537 11 60577 69 60669 3 60698 59 60793 12 60834 49 60885 17 60925 3 60954 59 61049 11 61091 48 61142 3 61146 11 61181 2 61210 59 61306 10 61349 46 61403 10 61438 1 61466 59 61563 8 61605 46 61659 10 61693 3 61722 59 61821 4 61862 44 61917 8 61948 4 61978 59 62077 3 62118 43 62173 7 62204 4 62234 57 62373 44 62431 4 62459 5 62491 56 62611 2 62628 45 62688 2 62715 5 62747 53 62864 7 62883 45 62971 5 63003 52 63119 9 63138 45 63227 5 63261 48 63373 12 63393 45 63484 3 63517 48 63628 13 63649 45 63775 46 63883 16 63904 45 64031 46 64139 17 64159 46 64289 44 64393 68 64512 2 64545 44 64649 68 64768 3 64801 44 64905 68 65024 4 65057 44 65161 69 65280 4 65313 43 65417 69
732471, 
734470,1 41 57 28 103 28 256 8 267 30 317 20 361 24 512 7 527 25 574 18 619 22 768 3 787 21 831 16 875 24 1024 2 1041 23 1085 18 1129 26 1280 2 1297 23 1338 22 1383 30 1536 2 1553 23 1592 24 1638 31 1792 2 1811 20 1845 30 1893 32 2048 2 2051 1 2067 20 2100 31 2149 33 2304 4 2323 19 2355 33 2405 44 2560 4 2579 18 2610 35 2661 45 2817 1 2836 17 2865 36 2917 46 3092 17 3120 37 3173 47 3349 14 3376 37 3430 47 3605 13 3632 38 3687 46 3887 39 3943 48 4143 39 4200 49 4253 3 4399 39 4457 58 4655 39 4714 57 4909 40 4971 57 5164 41 5228 57 5418 43 5485 58 5673 44 5741 58 5929 43 5997 60 6184 44 6239 5 6251 62 6439 45 6493 9 6507 63 6695 45 6749 10 6762 64 6948 48 7005 11 7017 66 7171 5 7203 49 7261 78 7424 11 7456 51 7516 79 7680 13 7711 50 7772 79 7936 15 7966 50 8028 79 8192 15 8221 50 8285 77 8448 17 8477 49 8543 1 8549 70 8704 17 8733 48 8805 70 8960 20 8989 47 9054 1 9060 71 9216 21 9243 48 9315 72 9472 73 9571 72 9728 72 9827 73 9984 72 10083 74 10240 72 10339 76 10496 72 10594 77 10752 72 10849 78 11008 81 11105 78 11264 82 11361 78 11520 83 11616 79 11776 83 11872 79 12032 83 12128 78 12288 83 12384 77 12544 83 12640 77 12800 66 12867 16 12896 77 13056 63 13124 15 13152 77 13312 61 13381 14 13408 78 13568 60 13637 12 13664 79 13824 59 13895 10 13920 79 14080 57 14153 7 14176 79 14336 57 14409 6 14431 81 14592 57 14665 3 14685 84 14848 57 14939 86 15104 57 15194 87 15360 57 15449 88 15616 56 15686 7 15705 88 15872 55 15940 11 15961 88 16128 54 16195 14 16217 86 16384 53 16451 16 16473 84 16640 50 16706 18 16729 72 16896 50 16961 19 16985 72 17152 49 17217 20 17241 71 17408 49 17473 21 17497 71 17664 48 17728 96 17920 48 17984 96 18176 49 18241 94 18432 49 18497 94 18688 49 18753 94 18944 49 19009 94 19200 48 19265 94 19456 48 19521 95 19712 47 19778 95 19968 46 20034 96 20224 44 20291 98 20480 41 20547 101 20736 34 20802 104 20992 35 21058 105 21248 37 21314 105 21504 37 21569 106 21760 38 21825 106 22016 38 22081 106 22272 38 22337 107 22528 38 22593 108 22784 39 22848 109 23040 39 23104 109 23296 40 23359 110 23552 40 23609 116 23808 41 23857 124 24064 41 24109 128 24320 173 24576 173 24832 173 25088 173 25344 173 25600 173 25856 104 25963 1 25967 62 26112 103 26223 62 26368 101 26479 62 26624 101 26735 61 26880 101 26989 62 27073 6 27136 101 27244 62 27329 7 27392 100 27500 60 27583 9 27648 99 27756 59 27837 11 27904 99 28012 55 28091 13 28160 99 28268 53 28347 13 28416 97 28523 54 28601 13 28615 1 28672 95 28779 54 28855 15 28871 1 28928 92 29035 56 29111 14 29127 2 29184 91 29292 9 29303 44 29366 15 29440 91 29549 7 29561 2 29565 40 29622 14 29696 91 29808 3 29817 2 29821 40 29878 13 29952 90 30074 44 30134 13 30208 89 30329 46 30391 12 30464 89 30585 47 30647 12 30720 89 30841 47 30903 12 30976 90 31097 46 31160 12 31232 90 31353 46 31416 12 31489 90 31609 46 31672 13 31750 85 31865 47 31927 14 32009 84 32122 45 32181 16 32266 83 32379 44 32437 16 32523 82 32635 44 32693 16 32780 82 32891 43 32949 16 33037 81 33144 45 33204 16 33294 80 33399 46 33460 16 33550 80 33653 48 33715 17 33792 2 33806 80 33909 48 33971 16 34048 6 34062 80 34165 48 34227 16 34304 8 34317 81 34420 50 34483 15 34560 9 34573 81 34676 52 34739 13 34816 93 34931 53 34995 12 35072 93 35186 55 35252 8 35328 94 35441 56 35509 6 35584 94 35695 60 35840 95 35943 1 35949 62 36096 95 36197 70 36352 95 36453 71 36608 96 36708 73 36864 97 36963 74 37120 173 37376 172 37632 169 37888 167 38144 167 38400 167 38656 167 38912 166 39168 165 39351 8 39424 164 39606 10 39680 163 39861 12 39936 163 40116 13 40192 162 40371 15 40448 161 40626 16 40704 160 40881 18 40960 160 41137 18 41216 159 41393 19 41472 159 41649 19 41728 159 41904 20 41984 159 42160 20 42240 159 42416 20 42496 96 42595 60 42672 20 42752 95 42851 60 42929 19 43008 94 43107 61 43185 20 43264 93 43363 61 43441 22 43520 93 43619 61 43697 22 43776 91 43876 60 43952 25 44032 80 44115 8 44133 59 44207 26 44288 78 44391 56 44462 29 44544 77 44648 55 44717 30 44800 76 44909 44 44971 32 45056 75 45166 43 45227 32 45312 74 45423 41 45481 34 45568 73 45679 41 45737 35 45824 71 45936 40 45992 37 46080 68 46192 40 46248 37 46336 65 46450 41 46503 40 46592 63 46707 40 46759 40 46848 61 46965 42 47013 44 47104 61 47221 42 47269 44 47360 61 47479 42 47525 44 47616 60 47737 4 47742 35 47781 45 47872 57 47999 34 48036 46 48128 57 48255 34 48292 46 48384 56 48513 32 48548 47 48640 56 48732 3 48739 1 48771 30 48804 47 48896 57 48971 4 48986 7 49028 28 49061 45 49152 61 49225 7 49241 8 49285 26 49317 45 49408 67 49479 10 49496 11 49542 23 49573 44 49664 68 49733 13 49751 12 49799 21 49829 43 49920 101 50055 21 50085 36 50176 101 50311 21 50340 35 50432 101 50569 18 50597 32 50688 101 50825 18 50853 32 50944 101 51082 17 51109 32 51200 102 51339 15 51365 31 51456 102 51597 12 51623 28 51712 102 51854 11 51879 27 51968 104 52115 4 52139 22 52224 7 52232 96 52397 19 52480 5 52489 95 52655 16 52736 4 52746 94 52911 16 52992 3 53003 94 53166 15 53248 2 53259 94 53421 16 53504 3 53515 96 53674 16 53760 3 53772 95 53927 18 54016 3 54029 94 54183 16 54272 3 54287 92 54439 16 54528 3 54543 92 54695 14 54784 4 54799 92 54951 14 55040 5 55055 92 55210 1 55296 5 55312 90 55410 3 55552 5 55567 90 55665 6 55808 5 55823 90 55921 6 56064 7 56079 105 56320 8 56334 74 56409 31 56576 11 56589 74 56671 25 56832 87 56928 24 57088 87 57185 23 57344 88 57441 23 57600 89 57696 25 57856 89 57952 25 58112 89 58209 25 58368 89 58465 25 58624 90 58721 26 58880 91 58977 26 59136 91 59236 24 59392 91 59493 24 59648 91 59751 25 59905 90 60008 25 60163 88 60264 27 60419 88 60519 28 60675 89 60767 5 60775 29 60931 90 61023 4 61030 30 61184 94 61279 5 61285 32 61440 133 61696 133 61897 4 61952 132 62152 5 62208 131 62406 8 62464 131 62661 9 62720 126 62915 10 62976 123 63171 10 63232 123 63426 11 63488 122 63682 10 63744 121 63939 8 64000 121 64195 8 64256 120 64440 6 64451 9 64512 120 64695 8 64706 10 64768 119 64951 21 65024 119 65207 21 65280 119 65463 20
737692,0 65536
747518,0 65536
748680,0 65536
769836,0 109 256 109 512 109 768 110 1024 109 1280 109 1536 109 1792 109 2048 109 2304 110 2560 110 2816 111 3072 111 3328 111 3584 111 3840 112 4096 112 4352 113 4608 113 4864 113 5120 113 5376 114 5632 114 5888 115 6144 115 6400 115 6656 115 6912 116 7168 117 7424 117 7680 117 7936 117 8192 118 8448 118 8704 119 8960 119 9216 119 9472 119 9728 120 9984 120 10240 121 10496 121 10752 121 11008 121 11264 122 11520 122 11776 123 12032 123 12288 123 12544 123 12800 124 13056 125 13312 125 13568 125 13824 125 14080 126 14336 126 14592 127 14848 127 15104 127 15360 127 15616 128 15872 128 16128 129 16384 129 16640 129 16896 129 17152 130 17408 130 17664 131 17920 131 18176 131 18432 131 18688 132 18944 132 19200 133 19456 133 19712 133 19968 133 20224 134 20480 135 20736 135 20992 135 21248 135 21504 135 21760 136 22016 137 22272 137 22528 137 22784 138 23040 138 23296 139 23552 139 23808 139 24064 139 24320 139 24576 139 24832 140 25088 141 25344 141 25600 141 25856 141 26112 142 26368 142 26624 143 26880 143 27136 143 27392 143 27648 144 27904 144 28160 145 28416 145 28672 145 28928 145 29184 145 29440 146 29696 147 29952 147 30208 147 30464 147 30720 148 30976 149 31232 149 31488 149 31744 149 32000 150 32256 150 32512 151 32768 151 33024 151 33280 151 33536 152 33792 152 34048 153 34304 153 34560 153 34816 154 35072 154 35328 155 35584 155 35840 155 36096 155 36352 155 36608 156 36864 157 37120 157 37376 157 37632 157 37888 157 38144 158 38400 158 38656 159 38912 159 39168 159 39424 159 39680 160 39936 160 40192 161 40448 161 40704 161 40960 161 41216 162 41472 162 41728 163 41984 163 42240 163 42496 163 42752 164 43008 165 43264 165 43520 165 43776 165 44032 166 44288 166 44544 167 44800 167 45056 167 45312 167 45568 168 45824 168 46080 169 46336 169 46592 169 46848 169 47104 170 47360 171 47616 171 47872 171 48128 171 48384 171 48640 172 48896 173 49152 173 49408 173 49664 173 49920 174 50176 174 50432 175 50688 175 50944 175 51200 175 51456 175 51712 176 51968 177 52224 177 52480 177 52736 177 52992 177 53248 178 53504 178 53760 179 54016 179 54272 179 54528 180 54784 180 55040 181 55296 181 55552 181 55808 181 56064 181 56320 182 56576 182 56832 183 57088 183 57344 183 57600 183 57856 184 58112 184 58368 185 58624 185 58880 185 59136 186 59392 186 59648 187 59904 187 60160 187 60416 187 60672 188 60928 188 61184 189 61440 189 61696 189 61952 189 62208 190 62464 190 62720 191 62976 191 63232 191 63488 191 63744 192 64000 192 64256 193 64512 193 64768 193 65024 194 65280 195
772465,0 65536
777433,135 8 169 1 175 4 189 19 233 14 250 5 492 9 509 3 748 9 766 2 1004 9 1260 9 1417 4 1515 14 1673 4 1771 16 1907 2 1928 5 1961 2 2027 17 2162 4 2183 6 2193 8 2212 10 2281 20 2415 8 2439 5 2448 13 2467 14 2536 21 2671 9 2696 3 2704 8 2713 4 2723 15 2792 21 2929 7 2954 1 2959 8 2970 2 2977 17 3053 2 3060 9 3186 5 3216 7 3233 17 3317 3 3321 4 3474 4 3489 18 3573 1 3731 3 3745 18 3971 8 3987 3 4001 19 4225 12 4243 3 4258 19 4481 16 4500 2 4514 19 4736 17 4769 21 4992 18 5023 23 5108 3 5248 19 5279 23 5364 3 5504 20 5535 24 5621 2 5759 21 5791 24 6016 21 6047 24 6273 20 6295 1 6303 24 6529 22 6559 24 6629 1 6785 21 6815 24 6885 2 7042 19 7071 24 7298 19 7327 24 7555 18 7583 25 7811 18 7839 25 8067 18 8095 25 8324 17 8352 24 8581 16 8608 24 8837 16 8864 24 9095 48 9163 4 9274 2 9351 48 9413 10 9530 2 9607 48 9667 11 9786 2 9863 47 9924 9 10119 46 10181 7 10375 46 10436 7 10555 1 10631 46 10810 2 10887 46 11067 1 11143 44 11323 1 11399 44 11653 44 11776 1 11909 44 12032 2 12090 2 12165 43 12288 2 12346 2 12421 42 12544 3 12602 2 12676 40 12800 3 12858 2 12932 39 13056 5 13114 3 13187 38 13312 8 13370 3 13443 39 13568 11 13625 4 13698 40 13824 12 13881 3 13954 39 14080 12 14133 2 14137 3 14209 40 14336 13 14389 2 14393 3 14465 41 14542 7 14592 13 14645 1 14649 4 14722 39 14796 11 14848 12 14906 3 14979 38 15051 13 15104 12 15161 4 15235 37 15307 14 15360 12 15417 4 15491 37 15562 15 15616 6 15623 4 15652 3 15673 3 15747 35 15818 15 15872 5 15878 3 15907 4 15929 3 16004 33 16074 16 16128 3 16135 1 16163 4 16182 7 16261 31 16329 17 16384 3 16415 8 16437 8 16517 31 16585 17 16640 3 16652 3 16671 9 16695 6 16774 29 16841 17 16896 3 16927 9 16952 5 17031 26 17097 16 17152 3 17182 6 17209 3 17289 23 17353 16 17408 3 17437 7 17465 3 17545 22 17610 15 17664 5 17676 2 17694 5 17722 2 17803 19 17866 14 17920 5 17932 2 17950 5 17978 2 18060 17 18123 13 18176 7 18187 3 18206 5 18233 3 18317 16 18380 9 18432 7 18442 5 18453 1 18461 5 18489 4 18572 17 18688 7 18699 4 18707 4 18717 4 18745 4 18799 2 18829 16 18944 9 18956 3 18963 3 18974 2 19001 4 19085 15 19200 10 19214 1 19217 4 19231 1 19257 3 19342 12 19456 11 19470 7 19512 4 19599 10 19712 13 19727 6 19768 5 19808 4 19861 1 19968 20 20024 4 20064 5 20103 5 20224 20 20281 3 20317 8 20356 10 20480 21 20531 2 20536 4 20558 2 20572 10 20611 12 20736 18 20755 4 20763 2 20767 2 20787 2 20792 4 20828 11 20865 15 20992 16 21011 4 21019 1 21023 1 21043 2 21047 5 21083 12 21120 17 21248 2 21251 13 21267 5 21274 2 21279 2 21299 10 21339 12 21373 20 21504 16 21523 10 21535 3 21555 10 21595 12 21627 23 21760 2 21763 13 21778 11 21791 3 21811 10 21850 9 21882 25 22016 2 22019 12 22034 11 22066 10 22107 8 22138 25 22272 15 22290 11 22323 8 22351 2 22355 4 22365 6 22393 26 22528 14 22547 10 22579 9 22606 3 22611 5 22621 6 22629 1 22649 26 22784 15 22804 3 22808 6 22837 7 22862 2 22867 4 22879 6 22905 26 23040 15 23065 6 23097 2 23123 4 23136 4 23161 26 23296 16 23315 4 23321 4 23347 1 23354 1 23378 6 23417 26 23552 16 23571 4 23577 4 23634 5 23659 5 23673 26 23808 16 23828 3 23833 2 23866 2 23913 8 23927 28 24064 11 24077 3 24084 4 24089 2 24122 2 24167 12 24181 29 24320 11 24334 2 24341 3 24378 3 24420 45 24576 10 24597 3 24634 3 24647 2 24675 46 24832 9 24844 2 24853 4 24889 4 24930 47 25088 9 25101 1 25110 2 25145 4 25185 48 25344 9 25365 6 25401 4 25441 47 25600 10 25613 4 25621 7 25652 2 25655 6 25697 47 25856 10 25868 17 25908 14 25953 47 26112 9 26123 18 26164 13 26209 48 26368 9 26379 18 26419 13 26465 50 26624 9 26635 18 26675 12 26720 51 26880 31 26925 1 26930 11 26976 53 27136 31 27182 1 27186 11 27233 52 27392 9 27405 19 27438 1 27443 10 27489 27 27520 22 27648 9 27661 22 27684 3 27699 10 27745 28 27775 23 27904 10 27921 6 27929 10 27956 9 28001 24 28031 24 28160 10 28178 5 28185 4 28190 5 28212 9 28234 1 28258 21 28287 24 28416 10 28433 20 28461 1 28468 9 28489 3 28515 19 28543 24 28672 10 28689 30 28724 9 28744 1 28773 16 28798 25 28928 10 28947 11 28959 9 28969 6 28980 9 29031 13 29053 27 29184 11 29203 10 29216 7 29226 2 29230 1 29235 10 29251 1 29287 13 29309 27 29440 11 29460 9 29474 3 29486 1 29491 2 29494 7 29565 26 29696 10 29716 9 29728 5 29741 2 29745 12 29820 27 29952 10 29973 8 29983 4 29995 2 30001 12 30076 27 30208 9 30230 7 30238 5 30258 11 30332 27 30464 9 30487 13 30501 3 30515 10 30588 27 30720 9 30743 18 30771 10 30844 27 30976 13 30996 21 31026 11 31100 27 31232 14 31251 22 31282 11 31357 26 31488 15 31506 3 31510 21 31538 11 31612 27 31744 17 31762 24 31794 11 31868 27 32000 16 32019 22 32045 17 32123 28 32256 16 32275 4 32281 16 32301 3 32306 11 32379 27 32512 15 32537 15 32556 4 32564 9 32582 1 32603 1 32635 26 32768 15 32792 16 32811 4 32820 1 32822 7 32837 2 32891 26 33024 15 33043 21 33067 4 33079 6 33147 24 33280 15 33298 21 33323 4 33335 6 33403 24 33536 16 33555 20 33579 3 33589 8 33659 23 33792 17 33811 20 33835 4 33843 10 33867 1 33871 1 33916 18 34048 18 34067 22 34091 4 34096 13 34123 6 34173 15 34304 18 34323 18 34342 3 34347 4 34354 11 34379 6 34429 14 34560 37 34598 2 34601 4 34610 11 34639 1 34686 12 34816 45 34865 12 34943 10 35072 45 35119 1 35123 10 35201 4 35328 40 35369 6 35379 5 35385 4 35584 37 35629 2 35635 4 35641 4 35840 37 35885 2 35891 4 35897 4 36096 31 36129 2 36141 1 36153 3 36352 31 36410 1 36431 1 36608 30 36687 1 36864 30 36923 2 36943 2 37120 29 37178 3 37199 2 37376 29 37434 3 37455 1 37632 29 37689 4 37888 29 37945 4 38144 29 38201 2 38400 29 38458 1 38656 35 38713 3 38912 37 38969 3 39168 10 39179 26 39219 1 39226 2 39424 9 39435 25 39474 2 39482 2 39680 9 39691 25 39723 3 39729 4 39738 3 39936 9 39947 25 39979 3 39986 4 39993 4 40192 37 40235 3 40242 3 40250 3 40448 37 40490 4 40498 3 40506 3 40704 37 40746 3 40754 4 40762 3 40776 1 40960 44 41011 4 41017 4 41031 2 41216 42 41266 5 41273 4 41288 1 41472 41 41522 6 41529 4 41728 40 41778 11 41984 39 42034 11 42240 38 42291 4 42296 5 42496 37 42547 4 42553 4 42752 37 42810 1 43008 19 43028 17 43088 1 43264 18 43285 14 43322 1 43520 18 43541 14 43578 1 43776 19 43797 12 44032 18 44053 12 44288 18 44308 13 44369 1 44544 19 44565 8 44574 2 44800 28 45056 19 45076 8 45097 2 45312 27 45352 4 45568 27 45605 8 45824 24 45860 10 46080 23 46116 11 46336 22 46373 10 46592 22 46629 8 46848 21 47104 21 47360 21 47616 20 47872 19 48128 19 48156 1 48384 19 48406 1 48410 5 48640 23 48666 5 48896 31 49152 31 49408 24 49433 5 49441 4 49664 23 49690 3 49698 2 49920 19 50176 18 50432 18 50688 18 50863 1 50944 18 50979 2 51040 7 51059 6 51118 3 51200 19 51235 4 51295 10 51313 13 51374 4 51456 19 51491 6 51551 11 51569 15 51631 3 51712 18 51747 5 51807 12 51824 16 51887 2 51968 17 52003 5 52061 14 52080 18 52143 2 52224 17 52259 4 52317 14 52335 20 52364 1 52399 3 52480 17 52515 4 52572 16 52589 1 52591 20 52621 1 52655 4 52661 2 52736 17 52773 2 52822 3 52828 16 52847 20 52911 4 52916 5 52992 16 53077 24 53102 21 53166 11 53248 16 53317 1 53331 27 53359 20 53422 12 53504 15 53573 1 53587 27 53615 20 53677 12 53760 15 53842 27 53871 20 53915 2 53933 6 53941 4 54016 14 54098 26 54127 18 54190 4 54272 15 54355 24 54383 18 54447 2 54528 14 54611 22 54639 16 54704 1 54784 13 54867 20 54895 16 55041 11 55123 18 55151 15 55297 1 55299 8 55365 1 55379 18 55407 15 55553 5 55562 1 55621 2 55636 15 55664 14 55808 6 55877 2 55892 15 55920 14 56064 5 56133 2 56149 12 56177 13 56320 4 56389 2 56405 12 56433 13 56577 2 56584 4 56593 6 56645 2 56663 8 56690 11 56833 2 56841 3 56848 7 56901 2 56919 5 56926 1 56947 9 57089 1 57098 15 57157 2 57175 1 57187 1 57205 6 57244 3 57262 3 57345 2 57354 19 57403 2 57413 1 57429 5 57443 2 57463 3 57477 1 57481 2 57499 6 57515 7 57530 1 57601 2 57611 18 57657 5 57684 7 57736 3 57755 6 57773 6 57857 2 57868 17 57913 4 57926 1 57940 7 57992 1 58011 5 58030 5 58112 3 58120 24 58154 3 58167 8 58181 2 58195 8 58247 1 58287 2 58368 6 58375 25 58405 3 58409 22 58436 4 58450 9 58476 1 58504 1 58541 4 58549 2 58572 1 58624 33 58661 27 58692 3 58706 10 58723 4 58792 10 58805 3 58880 33 58916 27 58947 4 58963 8 58979 1 58981 2 59047 13 59062 2 59136 32 59173 26 59219 8 59238 1 59302 18 59321 3 59392 31 59429 26 59475 8 59552 30 59648 31 59685 26 59732 5 59749 1 59807 35 59904 33 59938 1 59941 26 59989 3 60063 35 60160 62 60317 16 60335 17 60416 62 60568 21 60591 16 60609 1 60672 61 60821 24 60848 13 60928 60 61077 10 61089 4 61094 7 61103 4 61109 8 61184 60 61333 10 61346 16 61370 1 61440 60 61588 11 61603 14 61696 61 61844 11 61857 5 61863 10 61952 61 62099 13 62113 4 62119 10 62208 64 62273 2 62347 5 62353 36 62402 1 62464 68 62601 45 62657 4 62720 63 62785 4 62820 1 62853 48 62913 2 62976 62 63042 2 63107 48 63170 1 63232 61 63363 16 63382 3 63387 22 63488 61 63619 14 63639 2 63643 22 63744 60 63875 11 63900 10 63911 7 64000 60 64131 3 64137 4 64157 8 64170 3 64256 60 64385 5 64391 6 64411 10 64425 6 64512 60 64640 14 64665 22 64768 59 64896 15 64917 27 65024 59 65152 17 65170 1 65174 26 65203 1 65280 59 65409 3 65415 12 65431 15 65447 9 65459 2
778684,133 8 391 8 646 9 899 14 1154 18 1409 23 1665 24 1921 24 2177 25 2432 27 2688 27 2944 28 3200 28 3457 28 3713 28 3970 29 4227 30 4485 30 4743 29 5001 28 5259 27 5516 28 5773 27 5937 6 6030 29 6191 12 6287 28 6444 17 6543 30 6699 20 6799 30 6954 25 7055 32 7209 27 7311 32 7465 29 7567 33 7720 31 7823 34 7976 32 8079 34 8232 33 8336 33 8488 34 8592 33 8744 35 8848 33 9001 35 9105 32 9257 35 9362 30 9516 32 9619 6 9633 13 9773 5 9782 22 9877 3 9893 8 10039 21 10295 21 10551 21 10807 20 11064 19 11321 16 11579 8 11837 4 18208 5 18463 6 18717 10 18973 10 19229 11 19459 4 19484 12 19712 11 19740 12 19968 12 19996 12 20224 13 20245 6 20252 11 20398 1 20480 15 20499 19 20550 2 20652 5 20736 16 20754 15 20798 15 20905 10 20992 32 21051 18 21161 10 21248 31 21305 22 21416 13 21504 31 21561 22 21672 13 21760 29 21815 24 21927 16 22016 28 22071 25 22183 17 22272 24 22298 1 22327 25 22439 18 22528 24 22583 25 22695 18 22784 24 22839 25 22952 17 23040 24 23095 25 23208 17 23296 23 23350 26 23465 16 23552 23 23605 28 23722 14 23808 23 23860 29 23979 12 24064 23 24115 30 24237 9 24320 23 24369 32 24576 23 24623 36 24832 23 24877 39 25088 22 25133 40 25344 21 25387 44 25600 21 25643 44 25856 20 25899 46 26112 17 26154 47 26368 15 26409 50 26624 13 26665 50 26880 13 26909 10 26920 52 27137 12 27165 64 27397 7 27420 67 27654 6 27675 68 27911 4 27931 69 28166 3 28187 69 28422 2 28443 69 28699 69 28955 68 29211 68 29466 69 29721 70 29858 1 29977 70 30109 14 30232 70 30363 16 30488 69 30611 26 30743 70 30865 28 30999 71 31119 32 31255 72 31375 32 31510 75 31631 33 31735 8 31765 76 31886 35 31990 10 32021 78 32142 35 32245 11 32278 77 32397 37 32501 11 32535 76 32653 38 32755 13 32791 75 32908 40 33011 13 33050 71 33163 42 33266 14 33307 69 33418 43 33522 14 33563 68 33673 45 33778 14 33819 68 33930 45 34035 13 34075 68 34185 46 34291 13 34331 68 34440 47 34547 13 34587 69 34695 50 34802 14 34843 69 34951 50 35057 15 35100 68 35205 52 35313 15 35356 69 35459 54 35569 15 35613 68 35715 54 35824 16 35870 67 35971 54 36080 16 36128 65 36226 55 36337 15 36385 64 36482 55 36593 15 36646 60 36737 55 36849 15 36906 56 36993 55 37105 15 37166 53 37249 54 37363 13 37423 52 37505 54 37619 13 37681 16 37698 33 37761 54 37877 11 37939 14 37955 32 38017 54 38133 11 38199 8 38211 32 38273 54 38395 5 38458 2 38468 31 38530 54 38725 30 38786 55 38981 30 39042 55 39239 28 39298 56 39495 28 39555 56 39753 25 39811 56 40009 24 40067 56 40266 19 40323 57 40522 18 40579 57 40779 17 40833 59 41035 16 41089 59 41291 16 41344 60 41547 16 41599 61 41803 14 41854 61 42059 14 42110 61 42315 13 42366 60 42572 12 42622 60 42756 7 42828 11 42878 60 43011 8 43085 10 43134 60 43266 10 43343 6 43391 59 43520 13 43602 1 43647 59 43776 13 43903 58 44032 14 44160 57 44288 15 44417 56 44544 15 44673 56 44800 15 44930 63 45056 16 45186 65 45312 16 45443 65 45568 16 45699 66 45824 17 45956 65 46080 17 46212 42 46255 22 46336 17 46469 40 46511 22 46559 1 46592 17 46726 39 46768 22 46814 5 46848 17 46984 36 47023 24 47069 9 47104 17 47241 34 47279 24 47323 12 47360 16 47500 32 47533 26 47577 16 47616 16 47757 5 47763 25 47789 26 47832 17 47872 15 48020 24 48045 26 48085 21 48128 15 48276 51 48340 23 48384 12 48532 49 48595 24 48640 11 48788 49 48851 24 48897 4 49045 48 49106 25 49153 5 49301 48 49362 25 49409 6 49557 48 49617 28 49664 8 49813 49 49873 32 49920 9 50071 46 50128 34 50176 11 50328 14 50345 28 50384 34 50432 13 50602 26 50639 36 50688 13 50858 26 50894 37 50944 13 51114 26 51151 36 51202 13 51371 25 51407 36 51459 13 51627 26 51663 24 51695 3 51715 14 51883 25 51919 22 51951 1 51972 15 52145 18 52175 22 52229 15 52402 15 52431 22 52485 16 52659 13 52687 23 52741 17 52915 12 52943 23 52997 18 53171 10 53198 25 53254 17 53428 9 53454 25 53510 17 53709 26 53766 17 53965 25 54023 16 54221 24 54280 15 54464 8 54476 25 54539 10 54579 4 54716 13 54732 25 54796 9 54832 8 54933 2 54971 42 55085 13 55183 10 55226 43 55340 15 55436 13 55482 43 55595 17 55691 16 55737 44 55851 17 55947 16 55993 43 56089 36 56202 19 56248 20 56271 5 56281 10 56344 37 56458 21 56486 2 56489 6 56504 19 56541 4 56600 39 56714 23 56741 16 56759 20 56856 39 56970 23 56995 38 57113 39 57227 60 57369 42 57413 2 57483 60 57625 47 57739 59 57882 47 57995 58 58138 50 58251 58 58348 7 58394 51 58508 55 58603 9 58654 47 58765 51 58859 10 58911 48 59021 44 59067 4 59114 12 59171 42 59278 42 59370 22 59428 40 59535 41 59627 21 59685 38 59792 39 59883 21 59941 38 60048 39 60139 21 60197 37 60305 38 60394 22 60452 37 60561 38 60627 1 60650 22 60708 36 60815 40 60879 9 60905 23 60964 36 61017 2 61071 40 61135 10 61161 23 61219 30 61253 2 61271 6 61327 40 61390 13 61417 23 61475 29 61509 1 61513 2 61526 9 61583 41 61645 14 61673 23 61731 28 61767 6 61781 10 61839 42 61899 16 61927 25 61986 29 62021 8 62033 2 62037 11 62095 42 62154 18 62182 26 62239 32 62275 29 62352 42 62410 18 62437 27 62495 32 62531 29 62608 42 62666 19 62693 27 62749 34 62787 30 62864 43 62909 2 62922 19 62948 28 63005 33 63044 31 63121 42 63165 4 63177 21 63204 28 63261 32 63300 37 63377 39 63417 9 63433 21 63460 28 63517 32 63556 39 63634 38 63673 10 63689 21 63716 28 63773 32 63812 44 63890 38 63929 11 63945 22 63971 29 64029 32 64068 46 64146 53 64201 22 64227 29 64285 32 64325 47 64403 76 64483 29 64541 32 64581 48 64659 76 64739 29 64798 31 64840 45 64916 30 64950 17 64968 23 64995 29 65055 30 65097 44 65172 30 65207 16 65225 21 65251 29 65311 30 65353 44 65429 30 65461 40 65508 28
787614,0 65536
797883,0 14211 14212 757 14970 255 15226 789 16016 236 16253 16 16272 235 16509 16 16528 235 16764 17 16783 226 17010 8 17020 17 17040 234 17276 12 17289 4 17296 2 17300 230 17532 11 17545 4 17552 1 17556 242 17800 3 17811 181 17993 6 18000 44 18045 9 18056 2 18066 215 18283 11 18295 5 18301 7 18311 2 18316 1 18320 217 18540 10 18552 4 18557 7 18567 1 18571 2 18576 95 18672 121 18797 8 18807 14 18823 1 18827 2 18831 186 19018 31 19053 8 19063 14 19078 1 19083 2 19087 9 19097 175 19275 20 19297 8 19309 9 19320 7 19331 4 19339 2 19343 8 19355 173 19531 20 19553 8 19566 8 19576 5 19586 5 19595 2 19599 8 19613 171 19787 19 19811 6 19823 8 19832 5 19841 1 19845 2 19857 6 19869 6 19877 163 20042 7 20051 10 20067 6 20077 10 20088 5 20096 1 20101 3 20113 6 20125 5 20133 172 20307 2 20313 4 20324 6 20333 16 20351 2 20357 6 20370 3 20381 4 20389 172 20563 2 20569 5 20580 6 20589 16 20607 2 20612 7 20626 2 20637 4 20645 170 20819 2 20826 4 20840 24 20867 8 20893 3 20901 170 21075 1 21083 4 21096 30 21129 2 21149 2 21156 172 21330 2 21340 3 21353 3 21357 24 21385 2 21393 1 21411 177 21596 3 21605 2 21609 2 21613 24 21641 5 21649 1 21655 2 21667 176 21853 2 21860 3 21869 11 21882 11 21897 9 21917 3 21923 174 22110 1 22116 3 22125 11 22141 8 22152 11 22173 3 22179 172 22366 1 22373 2 22377 6 22388 6 22397 24 22428 5 22435 2 22439 17 22460 143 22605 1 22618 6 22629 3 22634 4 22644 6 22653 28 22684 5 22691 2 22695 17 22717 140 22874 5 22885 2 22895 24 22924 13 22939 6 22947 4 22953 15 22973 139 23130 5 23142 1 23151 22 23182 11 23195 6 23203 4 23209 14 23229 45 23275 92 23373 2 23386 5 23402 2 23405 24 23434 10 23451 28 23483 140 23628 3 23643 4 23657 27 23688 13 23707 22 23733 1 23739 134 23875 4 23883 3 23917 22 23943 5 23949 8 23961 23 23988 1 23994 135 24131 4 24139 3 24144 2 24174 21 24199 4 24207 5 24217 23 24244 1 24250 124 24377 8 24387 5 24394 1 24396 8 24431 18 24457 4 24475 21 24505 124 24633 8 24644 4 24650 1 24653 7 24669 2 24687 17 24713 4 24732 21 24755 1 24761 124 24889 9 24901 2 24906 1 24908 8 24925 2 24942 16 24969 2 24979 7 24989 20 25011 1 25019 34 25055 86 25145 9 25157 2 25161 11 25181 7 25198 14 25224 2 25233 10 25245 19 25267 5 25275 3 25280 29 25311 7 25320 70 25391 7 25401 10 25412 3 25417 10 25435 15 25453 11 25479 2 25488 33 25523 7 25536 29 25567 6 25575 60 25636 10 25648 6 25656 13 25673 10 25689 26 25716 2 25734 2 25744 19 25767 10 25779 4 25784 1 25791 30 25823 67 25893 4 25901 1 25905 18 25929 10 25943 26 25995 23 26027 10 26045 32 26079 57 26137 4 26143 3 26150 2 26156 1 26161 17 26185 9 26199 24 26253 19 26284 7 26301 17 26320 13 26337 54 26393 3 26400 1 26411 2 26418 13 26439 10 26453 14 26477 2 26509 16 26541 8 26556 17 26575 14 26594 5 26600 47 26650 2 26656 1 26667 2 26674 13 26694 10 26708 11 26765 16 26798 7 26809 20 26831 14 26850 4 26857 42 26900 3 26911 2 26920 2 26925 1 26930 11 26948 25 27025 6 27040 9 27052 33 27087 14 27106 4 27113 42 27157 2 27166 4 27176 1 27187 9 27203 25 27295 10 27308 11 27320 21 27343 13 27362 4 27369 40 27422 5 27443 10 27457 26 27489 14 27548 13 27563 12 27576 19 27599 12 27618 3 27626 39 27679 4 27689 2 27695 2 27699 39 27745 14 27772 2 27803 48 27854 13 27875 2 27881 25 27908 12 27931 2 27936 3 27944 3 27949 45 28000 3 28007 4 28013 2 28027 5 28047 60 28108 15 28131 2 28137 25 28165 10 28187 1 28193 2 28200 7 28209 40 28251 3 28255 6 28264 1 28283 15 28302 11 28315 19 28337 10 28349 30 28393 25 28423 6 28459 4 28468 36 28506 16 28541 4 28547 8 28558 10 28571 8 28583 6 28595 9 28606 29 28649 25 28681 4 28716 2 28724 35 28761 17 28797 4 28807 5 28815 8 28827 2 28831 2 28839 7 28851 9 28862 29 28904 27 28937 3 28964 1 28979 46 29027 8 29055 1 29065 4 29086 3 29096 7 29106 42 29159 29 29220 1 29235 2 29238 43 29283 9 29303 2 29321 6 29341 3 29353 6 29362 42 29415 29 29472 5 29479 2 29494 60 29556 6 29581 2 29596 3 29606 7 29617 16 29636 25 29669 31 29722 2 29727 10 29741 1 29749 72 29828 4 29851 4 29862 4 29873 16 29892 25 29925 8 29935 21 29958 1 29962 2 29977 15 30004 73 30083 7 30107 2 30119 2 30128 18 30147 28 30181 6 30193 23 30217 3 30233 14 30259 74 30339 8 30363 2 30383 47 30437 4 30452 25 30484 18 30515 77 30594 9 30618 7 30628 2 30634 3 30638 47 30693 2 30708 3 30712 23 30737 21 30771 88 30873 13 30889 12 30903 38 30949 3 30956 2 30963 51 31027 88 31118 3 31123 3 31127 16 31145 11 31159 38 31205 9 31215 55 31283 128 31415 37 31461 65 31530 1 31539 71 31611 50 31663 4 31672 32 31707 2 31716 66 31786 1 31794 71 31868 43 31912 5 31919 4 31929 6 31937 22 31963 2 31968 2 31971 67 32050 13 32065 54 32125 42 32168 13 32185 6 32195 16 32214 1 32219 3 32223 71 32297 1 32306 69 32382 40 32423 14 32441 6 32452 11 32464 2 32475 76 32553 2 32561 52 32619 12 32639 38 32679 14 32696 2 32699 4 32709 12 32727 80 32809 2 32818 15 32835 33 32876 10 32895 38 32935 15 32951 2 32958 2 32964 13 32983 80 33065 3 33074 6 33081 5 33091 32 33132 11 33150 38 33193 16 33215 2 33218 14 33238 81 33321 3 33331 11 33346 7 33355 24 33388 12 33405 39 33449 14 33467 2 33471 16 33494 82 33577 2 33587 12 33601 7 33610 18 33643 15 33661 38 33704 21 33729 14 33749 83 33833 2 33843 20 33865 18 33899 15 33916 39 33959 22 33986 13 34003 85 34089 2 34093 2 34099 7 34108 6 34117 2 34121 18 34156 14 34172 39 34215 24 34243 10 34257 90 34355 7 34365 4 34378 17 34412 13 34429 38 34471 24 34499 8 34514 89 34612 5 34621 4 34635 4 34640 13 34669 12 34684 39 34727 38 34771 7 34781 78 34867 4 34877 4 34892 1 34896 13 34925 54 34983 38 35028 6 35037 66 35105 4 35112 3 35124 3 35133 3 35152 13 35182 7 35191 40 35239 38 35285 4 35293 66 35361 4 35380 4 35389 3 35408 13 35438 7 35448 39 35494 36 35542 3 35549 71 35637 4 35645 2 35656 3 35665 13 35682 4 35693 7 35703 39 35745 2 35750 36 35795 1 35799 2 35806 72 35893 4 35900 3 35912 3 35917 2 35921 14 35937 6 35949 7 35959 44 36006 37 36051 2 36056 3 36062 72 36137 2 36152 2 36156 3 36167 34 36203 57 36261 40 36313 2 36318 73 36393 2 36409 1 36412 4 36423 135 36569 2 36573 78 36666 1 36669 3 36679 140 36825 82 36925 4 36935 140 37082 4 37088 37 37126 29 37157 2 37160 3 37166 1 37183 2 37195 20 37219 22 37244 85 37339 2 37344 37 37383 27 37413 1 37417 1 37422 1 37439 2 37451 20 37475 21 37501 84 37596 1 37599 36 37639 26 37668 1 37672 1 37677 6 37693 4 37707 20 37731 21 37757 84 37855 11 37868 23 37895 25 37924 1 37933 8 37949 4 37962 21 37986 22 38013 84 38109 12 38124 23 38150 26 38184 14 38205 4 38216 49 38268 86 38364 13 38379 30 38410 22 38438 16 38462 3 38471 50 38523 87 38620 13 38635 26 38663 1 38666 23 38690 21 38719 1 38727 139 38869 2 38875 42 38919 1 38922 45 38975 1 38984 139 39124 3 39131 42 39175 1 39177 46 39229 1 39240 143 39386 43 39431 48 39495 144 39641 44 39686 48 39749 20 39771 219 40005 19 40027 20 40049 16 40067 178 40253 2 40261 18 40283 18 40306 13 40323 178 40509 2 40516 11 40529 6 40539 18 40562 13 40579 90 40670 87 40764 4 40771 12 40785 6 40795 18 40817 14 40835 80 40917 8 40927 86 41019 5 41026 13 41041 6 41051 2 41054 7 41065 4 41072 15 41090 81 41172 9 41182 86 41274 5 41282 13 41297 10 41311 5 41323 2 41327 26 41356 63 41421 4 41426 11 41439 84 41531 4 41538 13 41553 10 41567 5 41579 30 41612 63 41677 3 41682 10 41695 82 41780 1 41785 43 41834 31 41867 63 41932 3 41937 12 41950 83 42036 1 42038 46 42089 32 42123 62 42187 3 42193 12 42206 81 42291 50 42347 30 42378 63 42443 2 42449 93 42547 51 42603 30 42637 60 42705 86 42792 4 42801 54 42859 29 42893 60 42959 81 43041 4 43057 54 43115 29 43149 60 43215 71 43287 8 43304 1 43307 59 43369 31 43405 60 43470 71 43544 10 43558 53 43613 8 43624 33 43661 60 43725 93 43820 46 43869 6 43880 33 43916 53 43971 4 43981 92 44076 47 44125 5 44136 34 44171 54 44227 4 44236 90 44327 3 44332 53 44391 96 44491 70 44567 14 44585 55 44647 96 44747 57 44807 9 44825 10 44841 46 44891 6 44902 95 45002 58 45061 10 45081 9 45096 48 45146 106 45257 74 45337 8 45352 6 45359 146 45509 3 45513 75 45594 6 45607 6 45614 37 45652 109 45763 76 45843 3 45850 6 45868 39 45908 187 46099 12 46124 217 46342 9 46352 13 46379 215 46599 22 46634 157 46792 58 46852 26 46880 3 46884 163 47050 1 47053 86 47140 66 47208 95 47307 87 47397 64 47464 95 47563 86 47654 63 47720 95 47819 84 47910 63 47975 20 47999 72 48073 6 48081 78 48160 2 48166 76 48243 8 48255 80 48337 80 48420 2 48423 73 48501 5 48511 81 48593 80 48675 2 48679 72 48757 4 48766 81 48850 2 48853 75 48931 74 49014 3 49021 83 49106 2 49109 75 49189 72 49277 3 49281 80 49362 80 49445 70 49523 2 49539 78 49619 80 49701 70 49779 2 49795 79 49875 152 50035 4 50051 100 50154 2 50157 126 50291 2 50299 1 50307 98 50413 126 50553 3 50561 96 50677 119 50801 1 50809 3 50817 79 50898 14 50923 2 50934 123 51071 82 51157 10 51177 4 51189 124 51327 82 51413 10 51430 7 51445 124 51583 34 51619 46 51678 3 51682 11 51700 125 51839 35 51875 48 51933 15 51954 110 52065 14 52087 4 52093 87 52189 5 52195 8 52207 113 52321 14 52339 98 52444 5 52452 6 52461 129 52595 105 52702 4 52708 1 52711 2 52715 132 52850 106 52959 10 52972 135 53111 114 53233 130 53367 115 53489 130 53622 117 53742 133 53877 115 53993 3 53997 773 54772 254 55028 164 55195 78 55274 7 55283 165 55452 76 55530 7 55539 165 55709 59 55769 14 55786 7 55795 161 55957 3 55966 57 56025 14 56042 7 56051 160 56214 3 56220 58 56279 10 56290 5 56297 136 56434 33 56470 3 56475 58 56535 9 56546 4 56553 170 56726 62 56790 10 56802 4 56808 171 56982 62 57045 11 57058 177 57237 254 57493 4458 61952 255 62208 255 62464 255 62720 2815
798199,0 65536
798724,0 6095 6097 1022 7121 254 7379 251 7635 6 7644 237 7882 3 7891 6 7900 231 8133 4 8139 4 8147 6 8155 194 8351 37 8389 10 8403 5 8411 193 8606 12 8623 18 8643 12 8667 206 8878 19 8899 5 8905 4 8924 229 9155 4 9162 3 9182 228 9411 5 9418 3 9439 162 9602 50 9655 18 9675 3 9695 211 9911 18 9932 2 9954 102 10057 94 10166 19 10188 3 10210 7 10219 92 10313 86 10401 6 10418 29 10466 7 10475 144 10624 31 10658 7 10666 37 10723 6 10732 142 10879 32 10913 49 10979 6 10989 219 11209 5 11222 2 11234 8 11247 134 11383 6 11390 80 11479 2 11487 11 11503 222 11727 10 11743 3 11747 8 11761 232 11995 2 11999 1 12003 7 12017 132 12151 101 12260 7 12273 132 12407 100 12517 7 12529 234 12767 3 12774 7 12785 235 13023 4 13031 6 13040 243 13289 4 13299 239 13543 6 13550 1 13557 237 13797 12 13814 252 14070 252 14325 252 14581 252 14839 241 15082 3 15086 3 15095 232 15330 5 15338 1 15343 3 15353 230 15587 3 15599 3 15609 230 15855 3 15866 231 16111 3 16122 233 16357 2 16367 3 16379 237 16624 2 16635 237 16892 3 16896 231 17148 3 17152 230 17405 2 17408 227 17636 3 17661 2 17664 227 17892 5 17917 1 17920 227 18148 5 18176 193 18372 29 18404 6 18432 111 18544 80 18628 29 18661 5 18688 111 18801 45 18848 31 18883 31 18918 2 18944 111 19057 44 19105 29 19139 32 19174 1 19200 111 19314 43 19361 28 19395 20 19421 11 19456 111 19570 43 19617 4 19622 22 19651 20 19677 11 19712 111 19826 43 19873 4 19880 16 19907 20 19933 11 19968 110 20082 43 20129 4 20136 15 20163 19 20189 11 20224 110 20338 43 20385 3 20394 9 20419 18 20447 8 20480 109 20593 44 20641 2 20650 9 20663 3 20675 18 20704 7 20736 109 20848 44 20905 10 20917 7 20931 16 20961 6 20992 90 21083 18 21104 44 21160 21 21188 14 21218 5 21248 90 21339 18 21361 41 21415 26 21445 12 21476 3 21504 85 21592 1 21595 18 21617 5 21623 34 21670 27 21700 13 21733 1 21760 83 21851 18 21873 34 21925 44 22016 83 22107 18 22129 34 22181 44 22272 82 22363 18 22385 4 22393 26 22437 43 22528 82 22619 18 22641 3 22649 26 22693 43 22784 81 22873 20 22897 2 22903 28 22948 44 23040 81 23122 1 23129 21 23153 2 23157 30 23203 45 23296 83 23385 21 23409 34 23459 45 23552 83 23640 22 23665 34 23705 1 23715 45 23808 85 23895 24 23921 33 23961 2 23971 46 24064 86 24151 24 24176 34 24217 2 24226 47 24320 146 24472 4 24481 48 24576 145 24728 4 24737 48 24832 145 24983 4 24993 48 25088 145 25239 4 25249 48 25344 146 25495 4 25504 49 25600 146 25751 4 25760 50 25856 145 26007 3 26015 52 26069 8 26112 145 26263 2 26271 41 26315 18 26368 145 26518 3 26527 40 26571 20 26624 145 26773 4 26783 40 26827 20 26880 144 27029 4 27038 41 27084 7 27093 5 27136 144 27284 5 27294 41 27340 7 27350 4 27392 144 27540 4 27549 42 27597 5 27607 2 27648 144 27796 4 27805 41 27853 6 27863 2 27904 144 28051 5 28060 42 28109 6 28118 1 28126 1 28160 144 28307 5 28316 41 28365 6 28381 3 28416 144 28562 6 28571 38 28621 6 28637 3 28672 153 28827 38 28877 6 28894 1 28928 192 29140 2 29184 191 29396 3 29440 190 29645 11 29696 189 29900 13 29952 188 30153 15 30208 188 30407 16 30464 188 30661 12 30675 4 30693 2 30720 187 30916 11 30932 2 30949 2 30976 186 31169 12 31188 1 31204 2 31232 186 31423 13 31444 1 31460 2 31488 185 31678 13 31699 2 31744 184 31933 15 31955 1 32000 184 32189 16 32256 186 32445 16 32467 1 32512 187 32701 15 32722 2 32768 203 32977 3 33024 201 33233 3 33280 200 33489 2 33536 199 33743 3 33756 1 33792 198 33999 2 34009 4 34048 197 34254 3 34263 5 34304 196 34509 4 34518 5 34560 194 34765 3 34773 6 34816 193 35021 4 35028 7 35072 193 35277 2 35285 5 35328 194 35533 1 35541 5 35584 197 35797 4 35840 200 36053 4 36096 201 36308 5 36327 2 36352 201 36564 5 36583 2 36608 200 36819 6 36838 3 36864 200 37075 5 37094 3 37120 139 37261 59 37329 7 37349 5 37376 139 37517 60 37583 10 37605 5 37632 201 37837 12 37861 4 37888 201 38092 14 38117 4 38144 191 38347 17 38373 3 38400 190 38602 18 38629 4 38656 189 38849 27 38885 4 38912 189 39105 27 39141 4 39168 188 39359 28 39397 5 39420 1 39424 188 39614 29 39652 6 39675 2 39680 183 39865 34 39907 5 39931 1 39936 218 40162 5 40192 181 40376 33 40418 2 40442 4 40448 181 40632 32 40673 2 40685 1 40699 4 40704 181 40887 32 40929 1 40939 4 40956 3 40960 181 41142 33 41190 2 41194 5 41211 4 41216 215 41446 9 41467 4 41472 214 41695 1 41702 8 41722 5 41728 214 41957 9 41976 221 42211 17 42232 221 42467 18 42488 221 42719 1 42722 19 42743 222 42974 246 43229 231 43461 14 43485 226 43713 2 43718 13 43740 226 43975 7 43985 6 43995 227 44231 6 44242 5 44251 28 44280 198 44489 4 44499 2 44507 227 44746 2 44755 2 44763 228 44997 6 45011 2 45017 233 45252 8 45266 4 45272 9 45282 244 45528 8 45539 252 45795 250 46046 1 46053 247 46302 1 46309 252 46566 251 46823 252 47079 252 47335 252 47591 251 47848 249 48104 249 48359 251 48614 252 48871 252 49127 253 49383 254 49641 254 49898 253 50155 252 50409 1 50411 4625 55037 253 55293 253 55549 252 55804 253 56060 253 56315 254 56571 253 56827 253 57083 248 57339 248 57595 249 57850 251 58106 254 58361 498 58861 254 59118 252 59375 3 59379 247 59632 1 59637 246 59894 245 60144 2 60150 245 60398 5 60405 246 60654 767 61422 4114
799155,0 8450 8451 255 8708 253 8965 252 9221 251 9478 14 9495 233 9735 13 9751 233 9994 9 10008 2 10011 229 10250 7 10264 1 10267 1 10269 227 10505 8 10520 1 10523 229 10761 9 10779 1 10782 226 11016 11 11041 223 11272 11 11297 223 11527 12 11554 222 11783 13 11811 221 12040 13 12067 13 12083 205 12296 13 12324 9 12339 205 12551 14 12566 3 12595 205 12807 13 12822 3 12852 204 13063 13 13078 5 13107 205 13319 20 13363 205 13575 18 13621 203 13831 18 13877 203 14087 10 14101 4 14134 202 14344 9 14357 4 14390 202 14603 6 14647 201 14859 6 14903 201 15117 4 15158 202 15374 2 15414 202 15627 4 15669 203 15883 2 15925 203 16138 3 16143 2 16181 203 16393 9 16405 1 16437 203 16648 12 16692 29 16722 54 16779 1 16781 115 16903 14 16949 26 16978 54 17038 114 17153 1 17158 17 17205 20 17234 56 17295 144 17461 19 17490 57 17552 143 17707 6 17717 20 17749 55 17817 135 17961 10 17973 22 18009 51 18073 136 18215 37 18265 52 18331 134 18470 38 18511 2 18521 52 18587 134 18725 47 18781 49 18843 134 18981 16 18999 29 19037 50 19099 134 19236 17 19255 30 19294 49 19355 135 19491 18 19511 33 19550 49 19611 135 19747 54 19806 49 19869 132 20003 56 20062 49 20124 133 20259 22 20283 85 20379 158 20539 84 20634 160 20799 81 20882 2 20889 161 21056 79 21138 3 21143 164 21313 79 21393 172 21569 253 21826 83 21912 166 22082 83 22168 145 22315 21 22340 80 22423 146 22571 21 22597 79 22679 148 22829 20 22853 77 22933 116 23050 31 23085 3 23090 15 23109 72 23183 2 23189 116 23307 3 23315 22 23341 20 23364 72 23442 119 23571 11 23583 10 23596 21 23620 69 23691 1 23697 121 23840 2 23850 95 23952 122 24097 3 24102 2 24105 95 24208 123 24350 107 24461 126 24604 110 24716 129 24860 241 25117 241 25374 241 25630 242 25885 244 26142 244 26397 246 26653 248 26910 247 27166 247 27423 247 27679 247 27934 248 28190 248 28445 248 28701 248 28957 247 29213 247 29469 247 29725 247 29983 245 30239 245 30495 4 30501 239 30750 6 30757 240 31004 249 31260 249 31515 8 31525 239 31771 8 31783 230 32016 3 32026 3 32030 4 32041 217 32259 9 32273 2 32282 2 32287 2 32297 216 32542 2 32547 1 32553 216 32798 2 32803 1 32809 215 33058 3 33063 3 33067 213 33313 9 33323 213 33563 229 33819 229 34075 229 34331 229 34586 230 34842 230 35097 231 35353 231 35607 233 35863 233 36118 234 36373 235 36629 235 36884 236 37138 238 37392 240 37647 241 37903 241 38159 241 38414 245 38661 3 38670 251 38922 2 38926 254 39181 6573 45755 254 46013 14 46029 236 46269 1 46271 11 46287 228 46519 2 46525 4 46546 225 46781 5 46803 223 47037 6 47060 221 47293 6 47317 219 47550 5 47581 207 47789 3 47806 5 47837 194 48038 2 48047 2 48060 7 48099 4 48108 179 48303 2 48311 2 48315 8 48364 173 48560 1 48569 11 48620 173 48825 11 48876 169 49046 2 49071 2 49082 11 49133 168 49303 2 49327 3 49338 11 49389 172 49585 1 49593 13 49645 172 49821 6 49850 12 49901 183 50097 7 50107 10 50157 184 50352 9 50363 10 50413 185 50607 20 50669 187 50863 18 50925 190 51117 19 51181 210 51437 208 51693 208 51949 209 52206 209 52461 210 52715 212 52970 215 53223 219 53475 223 53731 222 53986 225 54241 226 54496 229 54749 232 55005 232 55260 233 55515 234 55766 3 55770 235 56021 241 56276 242 56532 243 56787 244 57043 244 57298 245 57553 247 57809 247 58065 247 58321 247 58577 247 58833 246 59089 246 59345 246 59602 243 59859 242 60115 242 60371 243 60627 244 60885 242 61141 242 61397 242 61655 240 61914 93 62012 140 62171 91 62270 5 62276 132 62435 85 62526 3 62533 131 62691 87 62791 130 62947 87 63049 128 63195 1 63203 89 63305 128 63449 3 63460 88 63558 132 63693 4 63698 10 63715 89 63811 153 63969 4 63974 86 64066 154 64224 4 64231 2 64237 79 64321 156 64479 6 64493 80 64577 155 64736 5 64749 79 64833 155 64993 4 65005 78 65089 154 65248 4 65261 78 65345 155 65503 5 65517 19
799282,1 7 47 40 91 78 260 2 304 37 349 74 560 36 605 73 815 37 861 73 1071 37 1117 73 1328 36 1373 73 1584 36 1629 73 1840 35 1885 73 2096 36 2142 73 2352 36 2398 73 2561 1 2609 35 2654 74 2817 1 2865 35 2910 74 3073 1 3122 34 3167 72 3379 32 3423 70 3635 32 3680 69 3840 2 3859 2 3892 29 3936 69 4096 2 4112 7 4149 28 4192 68 4352 2 4367 10 4407 24 4449 66 4608 2 4623 10 4663 23 4705 66 4864 2 4879 11 4920 21 4961 64 5120 2 5135 12 5176 21 5217 64 5376 1 5391 12 5433 18 5473 62 5647 12 5689 18 5730 61 5903 12 5947 14 5987 58 6159 12 6205 11 6243 58 6415 12 6499 58 6673 10 6755 58 6933 3 7013 55 7271 53 7496 6 7527 54 7750 8 7783 38 7823 14 7936 4 7943 2 8003 12 8039 36 8081 11 8192 11 8259 12 8293 37 8337 11 8448 14 8493 1 8513 14 8548 37 8594 11 8704 15 8747 6 8769 14 8804 37 8850 10 8960 16 9001 12 9025 15 9059 39 9110 6 9216 17 9256 14 9281 15 9315 39 9367 4 9472 19 9511 16 9536 17 9563 2 9569 41 9728 19 9766 17 9791 18 9818 49 9984 20 10021 19 10047 22 10072 51 10240 21 10276 21 10303 75 10496 21 10521 32 10557 76 10752 21 10777 32 10813 75 11008 59 11069 75 11264 60 11325 74 11520 59 11583 69 11776 59 11839 67 12032 60 12095 1 12097 62 12288 60 12353 58 12412 1 12544 63 12610 55 12800 63 12867 51 13056 61 13122 47 13312 61 13378 45 13568 61 13631 38 13671 3 13824 96 13923 2 14080 91 14177 2 14336 79 14416 10 14592 79 14675 2 14848 79 15104 79 15360 77 15616 65 15685 4 15873 64 15943 1 16130 63 16386 62 16643 62 16899 60 17156 56 17412 54 17669 42 17715 1 17927 38 18187 31 18445 26 18707 8 18965 2
804179,0 65536
809952,1533 2 1789 2 2045 3 2299 5 2551 9 2805 11 3057 15 3311 17 3563 21 3817 23 4069 27 4324 28 4576 32 4830 34 5081 39 5335 41 5587 45 5841 47 6093 51 6347 53 6598 58 6852 60 7105 63 7358 66 7609 71 7863 73 8115 77 8369 79 8621 83 8876 84 9127 89 9381 91 9633 95 9887 97 10139 101 10385 2 10391 105 10637 2 10643 109 10891 3 10897 111 11143 4 11149 115 11397 4 11403 117 11648 4 11655 121 11902 4 11909 123 12161 127 12415 129 12662 1 12667 133 12921 135 13172 140 13426 142 13678 146 13932 148 14184 152 14438 154 14689 159 14943 161 15195 165 15449 167 15701 171 15955 173 16207 177 16461 179 16713 183 16967 185 17219 189 17473 191 17724 196 17978 198 18230 202 18483 205 18735 209 18989 211 19241 215 19495 217 19748 220 20001 223 20253 227 20508 228 20759 233 21013 235 21265 239 21519 241 21770 246 22017 2 22024 248 22273 1 22277 251 22529 43007
810943,7 16 24 232 263 249 521 247 775 249 1028 252 1283 1 1286 250 1539 1 1541 15 1557 235 1795 1 1797 14 1813 235 2050 16 2067 237 2306 3 2313 8 2323 237 2562 3 2570 3 2574 1 2579 237 2818 3 2826 2 2833 239 3074 3 3081 2 3089 239 3330 1 3336 2 3341 1 3345 239 3591 2 3597 243 3847 1 3851 2 3854 242 4106 246 4361 4 4366 242 4617 3 4621 244 4874 250 5130 251 5384 254 5640 248 5890 3 5895 12 5910 234 6151 10 6165 235 6403 2 6407 1 6409 5 6415 3 6419 237 6658 254 6913 16 6930 238 7169 1 7171 3837 11009 255 11265 255 11521 255 11778 254 12034 254 12290 254 12546 17 12566 234 12802 11 12815 4 12822 234 13059 10 13078 1 13080 232 13315 10 13330 1 13333 1 13336 232 13586 4 13591 233 13842 238 14096 9 14107 229 14351 6 14363 1 14365 227 14607 2 14613 1 14617 2 14621 227 14863 1 14867 3 14873 2 14877 3 14881 223 15121 5 15129 6 15137 223 15377 6 15384 6 15391 225 15633 239 15889 239 16144 1 16146 238 16399 241 16654 242 16910 242 17166 242 17422 242 17679 241 17931 1 17934 242 18187 245 18443 245 18700 244 18957 243 19213 243 19469 243 19727 241 19986 238 20243 237 20500 2 20503 233 20763 12 20777 2 20781 211 21020 11 21033 2 21037 211 21275 14 21291 213 21531 3 21535 10 21547 213 21786 5 21792 5 21801 215 22042 1 22045 6 22057 6 22064 208 22302 3 22318 210 22558 3 22573 211 22814 3 22827 213 23070 3 23082 214 23326 1 23334 218 23590 1 23593 215 23841 2 23847 217 24097 1 24103 217 24351 2 24357 219 24607 1 24611 221 24861 2 24865 223 25117 2 25120 224 25371 229 25626 230 25880 232 26135 233 26392 232 26648 232 26903 233 27159 233 27415 233 27671 233 27920 2 27930 5 27936 1 27939 221 28186 5 28195 221 28419 6 28441 8 28452 220 28675 6 28697 4 28702 3 28709 219 28931 6 28952 4 28959 2 28966 6 28973 211 29187 6 29209 2 29223 4 29229 211 29443 6 29487 209 29700 4 29743 209 29956 3 29999 209 30213 2 30255 209 30514 206 30769 207 31023 11 31038 1 31042 190 31280 5 31298 190 31556 188 31806 1 31811 189 32061 4 32067 189 32317 3 32322 190 32572 3 32577 191 32828 3 32832 192 33083 2 33086 194 33293 1 33341 195 33547 4 33595 197 33802 5 33850 198 34059 5 34105 199 34315 5 34360 200 34571 4 34615 201 34827 4 34870 202 35123 205 35369 1 35378 206 35595 1 35622 4 35631 209 35850 2 35877 7 35885 211 36105 2 36132 220 36362 1 36387 221 36643 221 36898 222 37153 226 37381 1 37409 231 37666 231 37921 231 38169 2 38177 231 38424 3 38433 223 38661 4 38679 233 38918 3 38935 233 39190 234 39445 235 39693 1 39701 235 39957 235 40213 235 40468 2 40471 233 40723 237 40978 34 41013 203 41234 238 41490 3 41495 233 41731 3 41745 4 41750 234 41987 4 42001 239 42243 4 42255 241 42499 5 42510 242 42755 6 42764 244 43011 253 43267 253 43523 253 43778 254 44033 21503
822622,3834 2 4083 12 4338 13 4588 20 4842 22 5094 26 5348 28 5599 33 5853 35 6104 1 6107 37 6355 45 6606 50 6859 53 7110 58 7363 61 7614 66 7867 69 8119 73 8372 76 8623 81 8877 83 9128 88 9382 90 9633 95 9887 97 10135 105 10388 108 10639 113 10893 115 11144 120 11399 121 11648 128 11901 131 12152 136 12406 138 12655 145 12909 147 13159 153 13413 155 13664 160 13917 163 14168 168 14422 170 14672 176 14926 178 15176 184 15429 187 15679 193 15933 195 16183 201 16437 203 16689 207 16942 210 17193 215 17447 217 17698 222 17951 225 18201 231 18455 233 18705 239 18958 242 19201 2 19209 247 19457 2 19463 26098 45563 253 45819 253 46074 2 46079 254 46334 1271 47609 251 47865 248 48121 248 48377 250 48631 252 48887 251 49142 249 49392 1 49397 249 49653 249 49909 249 50165 249 50421 249 50677 248 50933 248 51183 2 51189 248 51439 2 51445 248 51695 2 51701 248 51950 2 51957 248 52213 248 52469 248 52719 2 52725 248 52974 3 52981 252 53237 253 53493 504 53998 2547 56547 253 56803 252 57059 249 57316 247 57572 247 57828 5 57835 8 57845 229 58085 4 58091 3 58097 1 58101 228 58341 4 58347 2 58358 227 58597 5 58615 227 58853 4 58871 227 59109 4 59127 226 59366 1 59381 228 59636 229 59891 230 60147 230 60403 230 60656 1 60659 231 60913 1 60916 231 61169 1 61173 230 61425 234 61674 2 61681 235 61926 1 61929 5 61937 235 62181 2 62184 6 62193 236 62437 3099
826515,0 65536
830714,0 65536
839719,0 65536
841484,6329 2 6583 7 6837 11 7091 22 7345 27 7599 30 7855 30 8109 32 8365 31 8619 33 8875 33 9131 33 9387 33 9643 32 9899 32 10155 32 10411 32 10667 30 10923 30 11180 29 11436 28 11692 28 11948 28 12204 28 12460 29 12715 30 12971 30 13227 30 13483 30 13739 30 13995 30 14251 28 14508 25 14765 21 15021 20 15277 20 15533 20 15789 20 16045 20 16301 21 16557 22 16813 23 17069 24 17325 24 17581 26 17838 25 18094 25 18351 25 18607 25 18865 23 19122 22 19381 18 19637 18 19895 15 20152 14 20411 10 20667 10 20925 8 21181 8 21438 6 21696 3 26564 5 26819 8 27074 11 27329 12 27585 13 27841 14 28096 16 28352 16 28607 18 28853 7 28862 19 29073 6 29106 33 29147 5 29173 4 29327 9 29361 34 29401 8 29429 4 29580 14 29616 35 29653 14 29681 9 29835 16 29871 53 29934 13 30090 21 30127 76 30346 22 30383 76 30601 24 30638 77 30857 24 30894 77 31112 26 31149 78 31368 26 31405 78 31624 28 31661 79 31881 28 31916 80 32117 3 32139 27 32171 82 32357 4 32373 6 32395 28 32427 82 32612 6 32630 7 32654 25 32683 80 32764 1 32867 8 32885 8 32915 21 32939 78 33018 1 33123 8 33142 8 33171 102 33378 9 33398 7 33427 104 33633 10 33655 2 33683 104 33889 9 33939 104 34049 3 34145 8 34196 103 34304 6 34401 8 34423 2 34452 103 34560 9 34657 8 34677 6 34708 103 34816 11 34912 8 34932 9 34965 102 35072 13 35168 7 35189 10 35207 4 35221 104 35328 13 35424 7 35445 10 35463 4 35477 104 35584 15 35680 7 35700 11 35719 5 35733 122 35937 6 35956 12 35976 4 35989 122 36193 6 36213 11 36233 2 36245 122 36449 6 36469 12 36501 121 36705 5 36725 12 36756 121 36961 5 36981 12 37012 118 37218 3 37238 11 37267 118 37453 1 37475 1 37495 10 37523 109 37707 12 37751 10 37779 109 37963 15 38008 8 38035 109 38218 17 38267 2 38290 110 38473 19 38546 110 38729 20 38803 109 38985 20 39059 109 39241 21 39315 109 39496 23 39571 109 39751 26 39828 108 40007 27 40046 1 40084 108 40263 28 40297 8 40341 107 40518 28 40551 10 40597 82 40681 23 40773 29 40807 11 40846 2 40854 80 40937 23 41027 31 41062 13 41100 7 41111 78 41193 23 41281 32 41318 13 41355 9 41367 78 41448 24 41525 4 41537 32 41574 13 41610 11 41623 77 41704 24 41779 8 41792 33 41829 14 41865 90 41960 12 41973 11 42035 9 42047 35 42085 14 42121 14 42137 73 42216 11 42233 7 42289 50 42341 14 42376 14 42393 72 42473 9 42492 4 42545 50 42596 15 42631 15 42649 71 42729 8 42799 69 42886 16 42912 59 42986 6 43055 70 43141 18 43169 57 43243 3 43309 71 43396 19 43426 54 43565 71 43652 19 43683 52 43821 70 43907 20 43939 36 43980 8 44077 70 44161 22 44195 36 44333 64 44416 23 44451 34 44590 54 44646 7 44672 23 44708 33 44847 52 44903 14 44929 21 44964 32 45104 52 45161 15 45185 22 45221 30 45361 54 45417 18 45440 23 45478 29 45617 74 45697 22 45734 29 45874 77 45953 22 45991 26 46131 100 46247 26 46393 94 46503 24 46651 92 46759 22 46907 22 46933 66 47016 15 47164 21 47190 65 47272 15 47421 19 47446 65 47529 11 47679 16 47701 66 47787 6 47939 10 47957 28 47987 35 48196 9 48213 28 48243 34 48413 7 48468 30 48501 31 48669 7 48724 30 48758 29 48923 10 48981 29 49016 22 49179 10 49237 29 49272 21 49433 12 49493 30 49529 20 49689 12 49749 30 49785 19 49944 12 50007 28 50041 19 50200 12 50263 28 50298 17 50455 12 50520 8 50533 13 50555 16 50711 11 50777 6 50790 11 50813 14 50937 6 50967 10 51049 8 51073 8 51191 9 51223 10 51307 5 51330 7 51447 9 51479 10 51701 11 51734 11 51957 11 51987 15 52193 8 52213 11 52243 16 52449 8 52469 11 52499 16 52701 14 52725 11 52755 16 52956 15 52981 11 53013 14 53210 19 53237 11 53271 12 53465 22 53493 11 53532 4 53715 45 53968 48 54221 51 54476 52 54730 54 54985 55 55241 55 55497 55 55753 55 56009 55 56265 55 56521 55 56777 55 57034 54 57291 53 57547 53 57805 51 58061 51 58199 6 58319 49 58454 7 58576 48 58709 10 58833 47 58965 10 59090 46 59220 11 59349 43 59475 13 59607 41 59731 12 59868 25 59897 7 59987 12 60125 24 60153 7 60243 11 60383 22 60409 7 60499 10 60639 21 60665 7 60756 7 60897 18 60921 7 61013 6 61161 10 61177 7 61433 7 61689 7 61945 7 62202 6 62458 6 62713 7 62969 7 63225 7 63482 6 63738 6 63994 6 64251 5 64507 5 64763 5 65019 5 65275 5 65531 4
842508,173 83 394 1 431 81 650 1 687 81 943 81 1198 82 1453 83 1708 84 1964 84 2219 85 2471 89 2729 87 2979 2 2987 85 3235 2 3243 85 3499 66 3567 17 3755 64 3825 15 4011 59 4082 14 4266 59 4338 14 4522 59 4594 14 4777 60 4850 14 5011 8 5034 60 5106 14 5267 8 5290 60 5362 14 5522 11 5545 60 5621 11 5778 11 5801 59 5877 11 6033 14 6057 56 6136 8 6287 16 6313 56 6393 7 6545 12 6569 18 6591 9 6605 12 6622 2 6651 5 6801 11 6825 18 6850 5 6863 8 6909 3 7056 11 7080 17 7165 3 7313 10 7335 18 7421 3 7568 11 7592 14 7677 3 7824 11 7849 13 7934 1 8081 9 8105 13 8190 1 8337 8 8361 12 8594 6 8618 11 8851 1 8874 10 9107 1 13521 4 13736 6 13771 14 13989 9 14026 16 14243 12 14281 19 14491 21 14537 20 14747 26 14793 20 15002 29 15048 21 15255 36 15302 23 15511 37 15557 24 15767 37 15808 29 16022 39 16063 30 16094 1 16279 70 16535 70 16791 69 17047 68 17303 68 17559 68 17815 69 18071 70 18328 69 18584 69 18840 69 19097 69 19353 69 19609 70 19866 69 20122 68 20378 67 20635 65 20891 62 21147 62 21403 19 21424 39 21659 19 21680 37 21915 18 21936 37 22171 18 22192 37 22428 13 22442 2 22448 38 22684 12 22698 1 22704 38 22941 15 22960 36 23197 11 23209 3 23216 36 23453 10 23465 3 23473 35 23709 10 23721 2 23729 36 23967 2 23971 2 23996 25 24223 2 24253 24 24510 22 24767 20 25024 18 25281 16 25538 14 25794 13 26053 10 26310 9 26562 2 26569 4 26809 14 26825 1 27060 23 27315 24 27571 26 27828 25 28085 26 28341 28 28597 35 28853 35 29111 34 29367 34 29623 34 29880 34 30137 32 30394 31 30650 32 30905 33 31160 35 31415 36 31671 34 31927 35 32184 35 32440 35 32695 36 32951 37 33207 39 33463 40 33719 42 33975 42 34230 45 34485 47 34741 46 34997 46 35253 46 35509 47 35766 45 36022 45 36279 44 36535 37 36574 5 36791 37 36829 5 37048 41 37305 34 37561 34 37818 33 38075 32 38331 32 38588 30 38845 27 39101 26 39357 22 39613 22 39869 20 40125 20 40381 18 40637 17 40893 12 41149 11 41404 11 41660 11 41915 13 42171 13 42427 14 42683 13 42939 13 43195 13 43451 13 43707 13 43963 13 44220 12 44235 4 44477 10 44490 6 44501 6 44534 2 44733 11 44746 17 44790 2 44794 3 44798 2 44994 26 45043 13 45250 27 45297 15 45505 29 45548 20 45761 30 45803 21 46016 31 46057 23 46272 32 46312 24 46527 34 46565 27 46781 35 46821 27 47037 35 47077 27 47294 34 47332 28 47551 33 47589 27 47807 32 47845 27 48063 32 48101 27 48320 31 48357 27 48578 29 48612 28 48835 28 48869 27 49093 22 49126 26 49349 20 49382 26 49607 16 49639 25 49863 16 49896 24 50119 14 50155 3 50161 8 50173 3 50377 12 50419 6 50429 3 50637 7 50657 6 50677 3 50683 5 50894 5 50912 9 50934 1 50939 5 51167 13 51197 3 51421 16 51453 3 51677 15 51711 1 51932 15 52187 16 52218 1 52441 18 52678 5 52694 23 52735 1 52933 7 52947 1 52949 24 52990 2 53187 43 53237 11 53443 44 53491 13 53698 62 53954 62 54210 62 54466 62 54714 1 54723 61 54970 1 54980 60 55237 59 55493 59 55738 1 55749 59 56005 59 56250 2 56261 59 56506 2 56516 60 56762 4 56771 61 57018 4 57027 61 57275 69 57531 69 57787 69 58043 69 58299 69 58555 69 58811 69 59067 69 59323 69 59579 38 59618 30 59835 69 60091 69 60347 69 60604 68 60860 32 60895 33 61116 32 61151 33 61373 31 61408 32 61629 31 61664 32 61885 30 61923 29 62141 30 62179 29 62397 31 62435 29 62654 32 62687 33 62910 66 63167 65 63423 65 63679 65 63935 65 64191 65 64448 28 64477 35 64704 64 64960 64 65217 63 65473 63
844747,0 175 229 202 486 201 742 201 995 2 999 200 1251 2 1255 199 1511 199 1767 198 2023 198 2279 201 2536 200 2794 197 3050 195 3305 194 3552 202 3807 200 4061 200 4313 204 4568 204 4822 147 4970 2 4976 52 5069 6 5078 147 5227 1 5232 53 5325 8 5334 146 5484 1 5486 1 5497 47 5579 157 5740 3 5755 46 5835 156 5995 5 6013 46 6091 155 6251 6 6272 8 6281 34 6347 142 6490 25 6540 2 6545 2 6548 25 6603 141 6749 22 6801 2 6809 21 6859 62 6923 77 7013 20 7066 23 7114 17 7133 44 7179 77 7269 22 7322 25 7368 65 7436 74 7526 24 7579 26 7618 71 7693 73 7782 25 7835 26 7873 71 7950 71 8037 26 8093 26 8129 71 8207 70 8292 28 8349 25 8384 71 8464 69 8547 30 8605 24 8641 70 8721 68 8803 30 8861 24 8897 70 8979 66 9058 32 9117 24 9153 70 9235 66 9313 33 9373 24 9409 70 9493 64 9565 38 9629 25 9665 70 9750 63 9821 38 9885 26 9921 68 10011 58 10078 37 10141 26 10178 67 10270 1 10273 8 10282 42 10333 38 10396 28 10434 66 10539 40 10589 38 10652 29 10689 66 10795 40 10845 38 10908 29 10945 65 11051 40 11099 40 11163 30 11202 43 11249 15 11307 41 11355 39 11419 32 11460 41 11506 14 11563 41 11611 38 11675 32 11717 1 11719 39 11764 12 11815 1 11818 1 11821 2 11825 35 11867 38 11932 31 11974 40 12021 11 12069 10 12081 38 12123 37 12189 30 12221 3 12231 40 12277 11 12323 12 12337 38 12379 37 12445 30 12476 3 12480 1 12487 40 12533 11 12579 52 12635 35 12671 1 12701 34 12743 40 12793 1 12795 5 12835 52 12891 34 12957 35 12999 40 13050 6 13091 12 13104 77 13214 34 13254 42 13306 6 13347 90 13471 34 13509 43 13561 7 13607 3 13615 1 13617 74 13728 32 13765 44 13817 7 13864 1 13875 1 13881 64 13984 32 14022 43 14073 7 14137 62 14230 2 14240 32 14279 42 14329 7 14393 62 14486 3 14494 33 14535 42 14585 7 14649 62 14723 15 14740 7 14749 36 14789 1 14791 42 14842 6 14905 62 14978 17 14996 44 15046 43 15098 6 15161 62 15228 68 15303 42 15354 6 15416 64 15483 70 15557 1 15559 42 15610 6 15672 137 15813 1 15815 44 15865 7 15928 137 16070 45 16121 7 16183 1 16185 50 16238 83 16326 45 16375 9 16441 49 16495 83 16581 46 16631 9 16699 47 16752 82 16837 59 16955 48 17010 81 17093 59 17214 45 17266 81 17348 60 17471 44 17524 140 17681 7 17728 43 17779 141 17934 11 17984 43 18035 141 18187 16 18239 44 18291 141 18443 17 18495 45 18541 1 18547 141 18693 1 18697 20 18745 56 18803 141 18953 20 18999 58 19059 141 19207 23 19253 203 19463 23 19509 58 19568 144 19720 23 19767 56 19828 140 19977 22 20006 2 20023 56 20085 139 20231 25 20257 8 20279 57 20342 138 20487 34 20536 55 20598 138 20744 33 20792 56 20854 138 21000 33 21049 55 21110 138 21256 35 21305 55 21365 40 21409 95 21512 35 21557 1 21561 55 21621 40 21663 97 21768 47 21816 55 21877 139 22024 48 22073 54 22133 139 22280 103 22389 139 22536 103 22645 139 22791 104 22901 139 23047 104 23157 139 23303 104 23414 138 23559 104 23670 138 23814 105 23926 138 24070 104 24182 138 24326 105 24437 139 24582 106 24693 139 24838 106 24951 137 25094 107 25207 137 25350 109 25465 135 25607 108 25721 135 25864 107 25978 134 26121 105 26235 133 26378 22 26405 78 26490 134 26635 20 26661 78 26745 135 26919 76 27001 135 27175 76 27257 135 27432 75 27513 135 27688 75 27769 135 27945 73 28025 135 28202 71 28282 134 28459 69 28539 133 28715 10 28726 57 28796 132 28977 3 28982 55 29052 132 29239 54 29309 131 29497 50 29565 131 29753 49 29821 131 30011 45 30078 130 30267 45 30334 91 30427 1 30430 34 30523 41 30565 3 30591 92 30692 28 30777 47 30847 92 30949 27 31032 47 31103 93 31199 2 31205 27 31287 47 31358 95 31455 2 31461 27 31543 32 31579 1 31582 7 31609 99 31718 1 31720 24 31799 32 31835 10 31864 99 31974 1 31976 24 32054 34 32089 4 32100 1 32121 98 32231 25 32310 34 32346 3 32357 2 32377 98 32489 23 32566 35 32603 2 32609 6 32633 106 32743 1 32746 22 32778 2 32822 39 32864 8 32874 1 32888 70 32959 2 32963 32 32997 27 33033 3 33078 53 33144 69 33220 60 33289 3 33334 53 33391 1 33400 68 33477 59 33545 3 33589 56 33646 3 33655 64 33722 1 33734 58 33801 4 33845 61 33911 64 33990 58 34057 2 34101 61 34165 63 34229 4 34247 57 34310 1 34357 62 34421 63 34485 4 34503 57 34565 2 34613 134 34759 57 34821 3 34869 135 35015 57 35078 2 35127 134 35271 57 35334 2 35383 52 35438 79 35526 58 35639 50 35690 1 35694 59 35755 18 35786 54 35894 53 35951 57 36011 19 36043 53 36103 2 36111 6 36149 53 36207 46 36261 3 36267 19 36303 49 36359 2 36367 8 36405 52 36463 45 36517 3 36523 20 36559 49 36615 2 36621 12 36661 54 36718 46 36773 4 36778 20 36816 48 36871 3 36877 12 36916 55 36973 47 37028 25 37072 48 37128 1 37133 12 37173 54 37229 46 37285 23 37327 49 37384 1 37389 13 37429 54 37485 45 37541 23 37583 49 37640 3 37645 7 37654 5 37685 54 37741 44 37797 22 37838 50 37896 3 37901 7 37910 5 37941 53 37996 45 38053 21 38095 49 38152 19 38197 52 38253 46 38309 18 38352 48 38408 19 38453 52 38510 39 38566 15 38609 47 38665 18 38709 52 38767 37 38822 1 38827 1 38865 47 38921 16 38965 52 39023 37 39121 47 39177 16 39221 52 39277 39 39377 47 39433 16 39477 52 39533 39 39633 47 39689 16 39733 51 39789 38 39891 45 39945 16 39989 50 40046 37 40147 45 40202 15 40245 50 40303 35 40403 45 40458 15 40501 50 40559 34 40659 45 40715 16 40758 48 40816 36 40915 45 40971 16 41014 47 41072 37 41171 45 41227 17 41271 46 41328 38 41416 6 41427 45 41483 18 41527 46 41584 39 41634 5 41669 10 41682 46 41739 20 41784 44 41841 43 41889 8 41924 60 41995 22 42040 44 42097 44 42144 10 42179 61 42252 22 42297 42 42353 44 42400 11 42414 3 42427 2 42435 61 42508 23 42553 42 42609 44 42656 11 42670 2 42683 2 42691 61 42765 22 42809 40 42867 42 42913 9 42947 61 43021 22 43066 39 43123 42 43168 10 43196 1 43204 60 43277 22 43322 37 43379 42 43424 9 43451 2 43455 3 43459 61 43533 22 43579 34 43635 41 43680 9 43706 3 43711 65 43789 22 43836 25 43894 3 43898 35 43935 13 43962 3 43966 66 44045 21 44092 24 44149 40 44191 14 44217 71 44302 19 44349 22 44403 42 44447 16 44472 72 44558 19 44607 20 44659 42 44706 7 44716 1 44727 73 44815 19 44867 15 44915 43 44983 73 45071 20 45124 13 45171 43 45235 3 45239 73 45327 20 45384 5 45425 46 45489 2 45492 2 45495 73 45583 20 45681 46 45745 2 45750 74 45839 20 45935 48 46000 3 46006 74 46095 20 46151 2 46189 50 46244 2 46255 7 46263 73 46351 20 46405 5 46445 52 46501 2 46511 6 46520 72 46608 19 46659 8 46701 50 46767 5 46775 73 46864 19 46913 11 46957 50 47023 5 47031 73 47121 18 47169 12 47212 51 47279 4 47284 2 47287 73 47377 18 47423 15 47468 51 47522 1 47535 81 47633 18 47679 16 47723 56 47791 81 47889 18 47935 17 47979 61 48047 70 48122 6 48146 17 48190 18 48235 62 48302 71 48379 5 48403 16 48446 18 48490 63 48554 75 48638 2 48659 16 48702 18 48746 140 48894 1 48915 14 48958 18 49001 140 49147 1 49172 13 49214 18 49256 141 49429 10 49471 17 49509 141 49685 7 49727 17 49750 5 49766 139 49941 4 49983 17 50004 7 50021 141 50198 3 50237 20 50259 9 50273 2 50276 143 50426 2 50492 33 50526 4 50533 142 50682 3 50687 1 50748 37 50790 141 50939 1 50943 1 51003 37 51047 140 51195 1 51198 2 51259 36 51303 141 51449 7 51514 37 51559 142 51702 10 51770 37 51816 152 52025 39 52072 141 52215 9 52280 41 52328 141 52471 9 52537 40 52584 131 52716 20 52793 40 52840 130 52973 19 53047 44 53094 154 53275 1 53303 44 53349 155 53557 46 53605 155 53813 46 53861 155 54067 205 54317 1 54322 183 54506 22 54555 3 54576 1 54578 104 54684 100 54813 1 54831 2 54834 105 54940 57 54999 41 55069 2 55089 104 55194 58 55255 2 55262 34 55325 2 55345 163 55510 3 55517 35 55580 3 55601 54 55659 110 55771 37 55836 4 55857 48 55915 109 56026 38 56093 3 56113 48 56173 42 56219 56 56277 2 56286 34 56349 3 56369 48 56429 42 56479 52 56532 3 56541 1 56543 33 56605 3 56625 48 56687 39 56735 53 56789 2 56799 33 56861 3 56881 47 56943 39 56991 50 57042 1 57046 1 57055 33 57117 4 57137 47 57200 36 57237 1 57247 49 57309 35 57374 3 57393 47 57457 33 57493 2 57503 44 57549 4 57564 36 57630 3 57649 47 57715 30 57757 44 57805 4 57819 37 57886 3 57905 47 57971 30 58014 42 58062 1 58075 37 58142 4 58161 46 58230 27 58270 41 58332 36 58399 3 58417 46 58487 26 58527 40 58588 36 58655 4 58675 42 58744 21 58774 1 58783 38 58835 6 58845 35 58911 4 58931 41 59001 20 59043 34 59093 3 59101 35 59167 4 59188 36 59258 22 59284 3 59301 33 59358 34 59424 3 59444 35 59515 21 59540 3 59557 34 59614 34 59680 3 59701 32 59772 1 59776 13 59791 2 59813 27 59843 4 59856 3 59867 37 59937 3 59957 32 60033 10 60070 25 60099 1 60112 4 60123 37 60193 3 60215 29 60291 2 60329 20 60369 5 60376 40 60449 3 60472 27 60585 18 60612 1 60627 45 60706 1 60729 25 60842 15 60885 43 60986 23 61099 12 61143 41 61218 1 61243 20 61357 11 61399 41 61474 1 61501 18 61619 10 61656 40 61731 1 61759 13 61879 5 61912 40 61987 1 62016 11 62135 1 62138 2 62167 41 62243 8 62276 7 62394 2 62423 41 62499 9 62533 7 62597 2 62649 3 62677 1 62679 41 62755 10 62790 5 62852 3 62905 3 62916 4 62932 44 63011 10 63047 3 63109 2 63172 4 63187 45 63267 12 63429 4 63442 46 63523 12 63685 3 63695 49 63780 12 63940 3 63949 51 64036 12 64197 2 64205 51 64292 13 64317 4 64461 51 64549 12 64573 5 64708 1 64717 51 64805 11 64829 6 64901 4 64973 51 65061 10 65085 7 65157 6 65229 51 65319 8 65341 7 65412 7 65485 51
846389,53 118 235 21 323 60 385 2 393 33 495 17 579 32 612 23 650 31 751 17 837 29 869 21 905 32 1007 17 1094 28 1126 19 1162 31 1263 17 1357 21 1383 20 1419 30 1520 16 1614 19 1640 17 1675 29 1776 16 1843 4 1853 2 1871 18 1897 15 1931 29 2033 15 2099 6 2107 4 2127 18 2153 15 2187 30 2288 16 2355 13 2370 1 2384 16 2411 12 2443 30 2545 15 2610 17 2641 15 2667 12 2699 30 2801 15 2866 17 2898 14 2922 13 2955 30 3057 15 3122 17 3155 14 3177 14 3212 29 3313 15 3378 17 3411 14 3427 1 3430 16 3469 29 3569 15 3634 17 3667 35 3725 29 3825 15 3890 16 3926 30 3981 28 4081 15 4146 15 4185 26 4237 28 4336 16 4402 10 4447 20 4494 27 4592 16 4659 8 4703 20 4750 26 4848 16 4917 3 4960 18 5005 27 5103 17 5215 19 5261 27 5359 17 5471 18 5515 28 5615 17 5728 17 5771 28 5871 17 5984 17 6026 29 6127 17 6241 16 6282 29 6383 17 6501 12 6538 29 6638 18 6759 6 6767 2 6793 31 6894 18 6987 2 7023 1 7049 31 7151 17 7243 2 7305 32 7407 17 7497 4 7561 32 7664 16 7753 4 7817 32 7920 16 7989 6 8074 31 8179 13 8243 9 8330 32 8436 12 8469 2 8497 12 8587 32 8693 11 8752 13 8798 6 8843 32 8949 11 9008 13 9053 7 9099 32 9204 12 9263 14 9309 8 9356 31 9458 14 9519 14 9564 11 9612 31 9698 30 9775 14 9820 11 9868 31 9953 31 10031 14 10076 11 10124 31 10207 33 10287 14 10333 10 10380 30 10462 34 10543 13 10589 11 10636 28 10718 34 10800 11 10845 11 10893 26 10975 33 11057 9 11102 10 11149 25 11231 33 11315 6 11358 10 11405 24 11489 31 11616 7 11661 22 11749 27 11873 6 11918 19 12006 26 12130 3 12175 18 12263 25 12432 17 12519 25 12691 14 12775 25 12947 14 13029 27 13207 10 13283 29 13463 9 13533 35 13569 1 13720 7 13787 39 13977 6 14043 39 14233 5 14299 39 14489 4 14555 39 14811 37 14849 1 15067 37 15323 37 15419 2 15579 37 15673 5 15837 35 15928 6 16093 35 16182 8 16219 2 16350 34 16437 10 16474 4 16607 33 16692 11 16729 7 16863 33 16948 11 16984 9 17119 33 17204 11 17239 11 17376 32 17460 11 17495 12 17633 31 17716 11 17751 12 17890 30 17972 10 18007 13 18146 30 18235 2 18264 12 18402 30 18508 6 18520 13 18658 30 18763 8 18776 13 18915 29 19019 8 19031 14 19171 29 19273 11 19287 13 19428 28 19528 12 19543 13 19684 28 19784 27 19941 27 20040 25 20197 27 20297 22 20453 27 20554 21 20709 27 20813 14 20965 27 21071 2 21080 2 21221 27 21293 7 21345 2 21351 4 21477 27 21549 9 21599 13 21733 27 21803 12 21853 16 21941 7 21989 27 22059 11 22109 16 22196 10 22245 27 22316 11 22365 16 22452 14 22501 27 22573 10 22621 16 22709 15 22757 27 22829 10 22877 16 22965 16 23011 29 23086 9 23133 16 23221 17 23265 31 23343 7 23388 19 23477 17 23517 35 23602 3 23644 19 23733 17 23773 35 23900 19 23990 15 24028 36 24156 19 24247 15 24283 37 24411 21 24503 15 24538 38 24614 3 24666 22 24760 14 24794 38 24869 6 24921 22 25019 10 25049 39 25125 6 25177 22 25276 8 25306 38 25381 6 25432 23 25535 3 25562 38 25638 5 25688 23 25818 38 25895 4 25944 23 26075 37 26153 2 26200 23 26332 36 26457 22 26589 35 26713 22 26845 35 26969 22 27103 33 27225 22 27359 33 27482 19 27617 31 27739 10 27853 2 27873 31 27996 7 28108 5 28129 31 28253 5 28364 5 28385 31 28505 6 28513 2 28620 5 28639 33 28760 11 28876 5 28895 33 29015 13 29085 1 29132 6 29150 34 29270 15 29340 3 29388 7 29407 24 29433 7 29525 18 29594 6 29643 8 29662 23 29694 2 29781 18 29849 8 29899 9 29918 6 29926 14 30036 20 30103 12 30154 11 30175 5 30183 12 30292 20 30355 17 30409 12 30430 5 30439 12 30547 21 30609 22 30665 12 30687 4 30696 11 30803 21 30865 23 30920 13 30943 3 30952 10 31057 23 31123 22 31177 11 31209 8 31313 23 31379 24 31433 11 31465 7 31569 24 31633 27 31689 10 31825 24 31889 28 31947 6 32083 22 32145 30 32339 22 32402 29 32596 22 32659 29 32855 19 32915 4 32922 3 32927 18 33115 16 33171 4 33183 18 33241 12 33372 15 33428 3 33440 17 33497 13 33511 1 33629 14 33684 3 33696 17 33751 17 33885 14 33940 4 33953 16 34007 18 34141 15 34196 2 34200 1 34211 13 34264 18 34396 16 34470 8 34521 17 34652 16 34777 17 34877 4 34908 16 35034 16 35131 10 35163 17 35291 15 35386 11 35419 17 35547 14 35642 14 35676 17 35803 14 35841 2 35897 16 35931 18 36003 2 36059 12 36096 5 36153 17 36183 22 36251 12 36315 12 36339 4 36352 5 36409 18 36437 24 36507 12 36571 11 36595 5 36608 6 36665 18 36691 26 36762 14 36829 12 36851 5 36864 6 36920 19 36946 27 37017 16 37085 13 37107 4 37120 6 37176 20 37200 30 37272 19 37316 2 37341 14 37363 1 37376 6 37431 22 37455 31 37529 18 37571 5 37597 14 37632 6 37687 54 37784 19 37824 7 37851 17 37888 6 37943 55 38040 19 38076 1 38079 8 38103 23 38144 5 38199 55 38295 19 38331 13 38359 25 38387 1 38400 5 38455 55 38551 18 38586 14 38614 30 38656 3 38711 55 38807 18 38841 16 38869 31 38912 2 38967 55 39063 18 39097 16 39124 33 39223 54 39290 2 39318 18 39351 21 39379 35 39417 7 39479 54 39574 18 39597 1 39607 21 39635 36 39673 7 39735 53 39802 9 39831 16 39851 4 39858 27 39889 47 39991 52 40057 12 40087 16 40107 4 40113 29 40144 48 40249 50 40305 2 40312 15 40328 1 40343 15 40363 3 40369 79 40506 51 40558 5 40566 19 40599 14 40620 2 40624 80 40763 78 40855 14 40877 83 41020 77 41109 15 41132 84 41275 78 41364 15 41387 85 41531 78 41619 16 41642 86 41786 80 41872 19 41898 1 41901 83 42042 81 42126 21 42157 83 42255 11 42297 107 42412 84 42510 13 42538 2 42553 108 42663 2 42667 85 42765 38 42808 200 43021 39 43063 45 43109 155 43277 87 43365 155 43534 85 43621 26 43649 131 43791 80 43878 23 43907 130 44047 78 44133 24 44164 130 44305 75 44390 2 44393 22 44421 129 44562 74 44649 22 44677 130 44819 75 44897 1 44901 27 44933 131 45075 110 45189 131 45331 110 45445 132 45589 108 45700 133 45846 107 45956 133 46103 106 46211 135 46358 230 46591 11 46611 232 46847 12 46863 233 47101 251 47355 8 47365 244 47610 9 47621 243 47866 253 48121 254 48377 254 48632 266 48900 12070 60971 4565
850742,0 16921 16925 252 17181 4 17186 247 17437 258 17699 252 17955 250 18211 251 18467 1270 19739 254 19997 256 20255 12185 32441 33095
863209,0 14591 14592 249 14848 247 15104 233 15339 4 15344 1 15360 230 15595 1 15597 1 15616 227 15872 226 16128 223 16384 221 16640 216 16896 213 17110 1 17152 208 17408 207 17664 202 17920 200 18176 195 18432 191 18688 186 18944 182 19200 175 19376 1 19378 1 19456 170 19627 3 19712 169 19968 166 20224 161 20480 159 20640 1 20736 153 20992 151 21248 145 21504 143 21760 138 22016 135 22272 131 22528 127 22784 124 23040 120 23296 115 23412 1 23552 115 23808 109 24064 107 24320 95 24416 5 24576 95 24672 2 24832 91 25088 89 25178 1 25344 84 25600 83 25856 78 26112 75 26368 71 26624 69 26880 63 27136 61 27392 56 27648 53 27904 48 28160 45 28416 40 28672 37 28928 31 29184 29 29440 25 29696 21 29952 16 30208 13 30464 6 30720 5
863364,0 26 43 2 49 1 52 229 319 217 575 216 831 216 1084 220 1328 232 1584 232 1827 1 1840 233 2081 4 2096 6 2104 2 2107 222 2335 5 2344 3 2352 6 2364 96 2461 124 2591 5 2597 6 2608 4 2623 91 2716 126 2849 9 2863 2 2879 90 2971 127 3105 9 3119 3 3135 89 3227 128 3362 9 3373 5 3391 89 3482 129 3618 16 3647 88 3737 131 3872 19 3903 88 3992 156 4157 247 4413 247 4669 247 4925 247 5181 246 5437 246 5693 246 5948 247 6204 247 6459 249 6715 252 6970 253 7225 10584 17811 249 18068 247 18324 247 18580 164 18746 80 18837 163 19001 81 19093 162 19256 81 19349 244 19605 243 19861 242 20116 243 20372 242 20628 240 20883 240 21139 141 21283 92 21395 140 21540 91 21651 140 21798 87 21907 140 22055 85 22162 140 22313 82 22418 139 22570 81 22674 139 22827 79 22929 139 23083 79 23185 138 23339 80 23441 136 23596 80 23697 132 23852 80 23952 132 24108 79 24208 132 24364 78 24445 4 24463 133 24620 77 24701 5 24719 133 24876 86 24965 4 24973 136 25132 86 25221 4 25229 136 25388 79 25469 14 25485 136 25644 79 25725 152 25901 79 25981 152 26157 76 26237 152 26413 72 26493 152 26669 71 26749 152 26927 68 27005 152 27183 67 27253 2 27261 151 27439 71 27518 151 27695 70 27774 151 27951 70 28031 151 28207 71 28287 153 28463 72 28544 153 28719 72 28800 153 28976 71 29059 151 29232 70 29315 152 29488 69 29571 152 29745 68 29828 151 30000 70 30083 152 30251 74 30329 7 30338 153 30505 76 30584 163 30758 79 30839 166 31012 251 31266 104 31373 204 31579 46 31630 203 31836 46 31888 199 32093 44 32148 195 32349 44 32406 193 32605 44 32663 192 32860 44 32920 192 33116 44 33179 189 33373 43 33435 189 33629 43 33691 190 33884 44 33946 240 34201 241 34457 242 34713 242 34968 244 35223 246 35479 247 35735 247 35991 247 36247 248 36504 247 36760 247 37016 246 37273 245 37529 244 37785 244 38040 244 38296 243 38553 241 38809 240 39065 237 39322 235 39579 232 39835 232 40092 228 40349 227 40606 224 40862 223 41119 222 41375 221 41632 219 41889 218 42145 218 42403 215 42659 142 42802 71 42917 137 43059 40 43100 29 43173 135 43315 70 43429 134 43571 70 43685 118 43805 10 43827 69 43941 118 44062 9 44082 70 44197 119 44322 5 44338 69 44419 6 44453 120 44579 2 44594 69 44674 7 44709 121 44835 2 44851 68 44929 10 44963 6 44972 115 45091 1 45108 41 45150 26 45185 10 45219 6 45231 112 45365 68 45440 11 45467 2 45475 4 45490 109 45622 67 45696 11 45723 2 45727 7 45747 108 45879 70 45951 12 45979 1 45981 10 46003 108 46137 82 46236 12 46259 107 46394 81 46491 14 46516 106 46631 4 46651 80 46747 14 46773 104 46885 8 46907 80 47003 14 47029 103 47141 11 47163 80 47259 15 47285 104 47397 102 47514 16 47541 104 47652 104 47770 16 47797 104 47907 105 48025 18 48053 105 48163 106 48280 20 48309 248 48570 243 48827 243 49083 41 49127 200 49339 40 49383 200 49595 40 49638 111 49750 90 49851 40 49893 204 50106 249 50361 250 50617 249 50873 142 51021 101 51129 142 51277 102 51384 142 51535 100 51640 142 51791 101 51897 140 52047 102 52153 140 52303 103 52408 140 52561 102 52664 1 52667 136 52817 103 52923 40 52965 2 52968 91 53073 103 53179 4 53185 8 53195 20 53224 90 53329 103 53435 4 53443 6 53451 19 53480 89 53585 103 53693 2 53700 5 53707 10 53721 4 53736 28 53765 60 53842 102 53950 1 53956 5 53964 9 53977 2 53992 28 54022 21 54045 1 54050 31 54099 102 54205 2 54213 4 54219 9 54248 27 54278 21 54301 1 54308 29 54355 104 54461 3 54468 16 54501 1 54503 27 54535 19 54565 28 54611 109 54724 16 54749 35 54792 17 54821 28 54868 108 54981 15 55005 35 55049 16 55076 28 55123 103 55231 1 55237 14 55261 1 55265 31 55308 12 55331 29 55379 102 55487 2 55492 16 55515 3 55521 31 55583 33 55629 108 55743 21 55769 39 55838 34 55885 108 55999 22 56023 41 56092 35 56140 108 56255 65 56348 35 56395 110 56511 65 56603 17 56621 18 56652 109 56767 5 56773 59 56859 17 56878 17 56907 110 57023 5 57029 59 57114 18 57133 17 57166 107 57279 65 57369 19 57390 15 57423 106 57535 5 57542 58 57625 19 57646 14 57678 109 57791 65 57881 19 57902 13 57934 109 58046 1 58049 63 58141 15 58159 10 58189 179 58393 1 58397 14 58415 10 58445 179 58655 12 58671 9 58701 179 58907 2 58912 11 58927 8 58957 179 59168 11 59182 9 59213 179 59421 1 59423 12 59437 10 59469 179 59677 27 59727 177 59935 25 59984 176 60192 25 60240 114 60355 61 60449 24 60484 2 60495 177 60705 41 60750 178 60963 40 61005 179 61221 2 61225 34 61260 180 61481 215 61737 215 61993 215 62249 215 62505 215 62760 216 63015 217 63271 217 63525 219 63776 224 64031 225 64285 227 64540 228 64769 1 64795 232 65051 229 65281 4 65305 231
863933,0 65536
863998,12779 3 13033 4 13283 6 13537 10 13792 13 13810 5 14047 16 14066 5 14302 18 14321 7 14557 19 14577 8 14789 7 14811 30 15040 12 15067 30 15291 18 15322 31 15545 20 15577 31 15797 23 15830 34 16053 23 16086 33 16309 25 16342 32 16553 2 16563 28 16599 30 16813 34 16858 25 17066 37 17114 25 17308 2 17321 2 17325 2 17329 32 17369 26 17584 33 17625 26 17821 2 17825 4 17840 33 17881 26 18071 1 18074 1 18077 8 18097 31 18137 25 18327 20 18348 1 18353 32 18392 25 18582 22 18609 34 18647 26 18837 22 18864 35 18901 28 19093 22 19120 34 19157 28 19346 25 19376 64 19600 27 19631 65 19857 20 19879 3 19887 64 19966 1 20113 20 20135 4 20142 65 20369 20 20394 2 20398 66 20478 1 20625 21 20649 71 20732 4 20880 23 20905 72 20984 8 21136 23 21161 71 21239 9 21365 2 21392 18 21412 76 21489 3 21494 10 21621 2 21625 6 21648 17 21666 82 21749 11 21877 12 21905 15 21922 94 22133 12 22161 15 22177 84 22262 10 22387 16 22417 15 22433 17 22453 62 22518 10 22643 16 22673 33 22709 63 22773 11 22899 17 22929 32 22965 75 23155 17 23184 33 23221 75 23411 16 23439 35 23477 75 23667 16 23695 31 23727 4 23734 74 23923 16 23945 1 23950 31 23983 3 23991 4 23999 65 24179 16 24202 1 24206 31 24238 4 24256 64 24427 4 24437 14 24464 29 24494 5 24513 63 24681 7 24693 13 24720 29 24753 1 24769 2 24772 60 24937 8 24949 12 24978 25 25028 60 25193 8 25204 13 25235 25 25285 59 25449 9 25459 13 25492 16 25509 7 25541 59 25602 1 25704 23 25748 15 25766 5 25796 60 25857 2 25959 24 25994 2 26005 13 26023 3 26052 60 26113 2 26214 25 26250 1 26262 11 26279 2 26309 64 26469 27 26510 1 26521 1 26525 2 26565 66 26725 27 26765 1 26821 67 26981 27 27071 2 27079 65 27231 4 27237 27 27327 2 27335 66 27486 34 27543 1 27553 6 27583 2 27589 68 27741 36 27792 1 27798 3 27803 2 27808 8 27836 2 27839 2 27845 67 27996 37 28046 4 28053 21 28092 2 28095 1 28099 69 28252 37 28302 5 28308 23 28348 4 28355 68 28509 35 28557 32 28603 5 28609 70 28765 35 28813 35 28859 75 29021 35 29068 37 29114 26 29145 45 29278 32 29311 1 29324 37 29370 26 29403 42 29536 33 29581 37 29625 26 29659 42 29793 32 29837 38 29881 25 29916 41 30049 32 30093 16 30113 18 30137 9 30147 15 30173 40 30305 32 30350 14 30369 18 30393 4 30398 3 30403 15 30429 40 30559 33 30607 6 30615 2 30618 1 30624 20 30649 3 30660 3 30666 8 30684 41 30769 2 30813 32 30863 6 30879 22 30905 2 30916 2 30922 8 30940 39 31022 7 31071 1 31077 23 31119 5 31129 4 31134 23 31178 57 31277 9 31334 21 31375 5 31385 28 31434 56 31532 11 31594 15 31631 38 31689 55 31788 11 31851 11 31888 37 31944 56 32044 9 32146 34 32199 57 32300 9 32402 33 32455 57 32555 10 32657 32 32711 59 32772 1 32811 10 32913 32 32967 62 33066 11 33169 32 33216 2 33220 65 33323 10 33426 31 33472 1 33477 67 33576 1 33580 12 33682 31 33730 69 33831 18 33939 30 33986 69 34079 26 34195 30 34242 69 34335 26 34451 30 34498 69 34589 28 34686 2 34707 30 34754 68 34843 30 34942 2 34963 30 35009 68 35081 1 35098 33 35177 5 35186 9 35219 30 35263 70 35354 34 35433 6 35442 9 35454 1 35475 30 35519 69 35609 34 35689 6 35697 14 35731 30 35771 2 35775 68 35865 34 35916 1 35945 6 35953 14 35987 31 36027 2 36031 68 36121 34 36158 1 36171 5 36204 20 36244 34 36282 3 36287 4 36293 62 36377 34 36414 1 36426 6 36463 18 36501 34 36537 10 36550 61 36632 35 36680 7 36719 18 36757 16 36775 6 36783 20 36806 61 36888 35 36936 6 36975 18 37015 11 37031 6 37040 19 37061 62 37144 35 37192 3 37231 18 37273 8 37289 2 37301 12 37317 61 37400 35 37487 18 37530 6 37558 9 37575 58 37641 2 37656 37 37743 18 37815 5 37831 58 37896 3 37912 37 37999 18 38072 3 38085 7 38093 51 38150 5 38168 39 38256 16 38320 2 38341 7 38349 51 38405 4 38424 39 38512 15 38575 2 38597 61 38662 2 38681 38 38767 16 38831 2 38853 59 38913 1 38937 38 39023 15 39087 2 39108 29 39138 30 39194 37 39280 13 39361 30 39394 30 39450 37 39536 13 39617 30 39651 29 39707 36 39793 12 39871 33 39911 25 39963 35 40050 11 40127 33 40167 25 40221 31 40379 37 40423 25 40477 30 40635 38 40679 14 40694 10 40735 28 40890 39 40937 12 40950 10 40992 27 41136 2 41145 40 41193 23 41249 25 41392 2 41399 42 41451 10 41463 9 41507 22 41648 2 41654 44 41707 1 41710 7 41719 9 41764 23 41872 1 41905 50 41965 8 41975 9 42020 15 42036 8 42127 3 42161 49 42218 12 42231 9 42277 13 42291 9 42383 3 42417 48 42473 4 42481 6 42488 8 42533 11 42547 2 42551 5 42640 1 42673 11 42686 35 42737 6 42744 8 42787 12 42930 9 42941 35 42994 14 43033 4 43041 13 43187 8 43197 35 43249 15 43289 4 43295 6 43323 1 43443 46 43504 16 43545 8 43554 3 43577 4 43699 46 43754 1 43760 16 43801 7 43833 4 43919 3 43962 39 44010 22 44057 6 44088 12 44175 4 44201 1 44217 42 44265 23 44313 5 44339 4 44345 13 44403 1 44431 4 44457 1 44472 1 44475 41 44521 23 44569 4 44594 4 44601 14 44648 5 44658 5 44686 5 44733 39 44777 23 44823 11 44848 7 44857 14 44901 10 44912 11 44943 4 44989 40 45033 23 45079 11 45103 9 45113 15 45145 2 45157 24 45199 4 45225 1 45246 37 45285 2 45289 23 45333 13 45358 10 45370 17 45401 2 45405 2 45408 1 45411 28 45456 3 45503 36 45545 23 45589 12 45613 12 45626 17 45657 2 45660 5 45666 30 45713 4 45759 36 45801 23 45834 3 45845 8 45869 30 45910 48 45967 6 45988 1 46014 37 46057 23 46089 4 46100 9 46112 2 46124 31 46165 52 46223 6 46244 1 46269 38 46313 23 46341 1 46343 6 46355 2 46359 6 46368 1 46378 36 46417 57 46476 9 46509 8 46522 41 46569 23 46597 7 46611 1 46615 6 46627 1 46632 19 46652 18 46674 67 46765 8 46777 42 46825 23 46855 5 46871 6 46878 7 46886 21 46911 16 46930 68 47021 54 47081 23 47111 4 47127 36 47167 9 47177 6 47187 68 47276 58 47337 23 47366 5 47387 32 47426 5 47433 5 47444 67 47531 85 47623 4 47643 32 47683 3 47689 4 47701 66 47787 87 47881 2 47899 32 47945 3 47950 1 47962 62 48042 88 48153 34 48201 8 48216 65 48297 89 48408 37 48457 5 48472 65 48555 87 48664 42 48713 4 48727 66 48811 86 48918 42 48970 2 48983 66 49067 76 49144 8 49174 41 49221 1 49226 2 49237 1 49239 67 49323 74 49401 7 49429 40 49483 1 49491 71 49577 74 49657 7 49685 40 49739 1 49747 2 49750 68 49833 74 49912 9 49940 41 49994 1 50007 69 50089 74 50167 11 50192 1 50196 42 50249 2 50256 2 50263 69 50344 76 50423 11 50448 2 50452 44 50501 2 50512 1 50517 1 50519 68 50601 89 50704 3 50709 43 50757 2 50774 69 50857 64 50923 24 50965 44 51012 3 51031 66 51099 1 51113 64 51179 25 51217 1 51221 50 51276 1 51287 66 51355 2 51368 65 51435 26 51477 50 51530 3 51544 63 51610 2 51625 54 51682 7 51690 27 51734 48 51787 2 51800 63 51866 1 51881 54 51938 37 51989 50 52057 48 52107 1 52110 7 52126 1 52137 54 52197 33 52244 51 52312 43 52357 3 52362 12 52382 1 52392 57 52453 34 52493 2 52499 54 52567 15 52584 31 52618 16 52648 57 52709 34 52750 1 52756 52 52823 5 52829 8 52841 30 52874 15 52904 57 52965 34 53006 1 53014 49 53074 1 53079 3 53085 7 53098 29 53130 4 53135 5 53141 3 53161 56 53221 34 53271 48 53329 2 53336 1 53341 6 53358 25 53385 9 53417 56 53477 34 53528 49 53579 2 53583 4 53600 1 53615 16 53632 6 53641 4 53647 2 53659 2 53675 54 53732 35 53785 48 53834 3 53839 4 53872 14 53888 5 53898 2 53915 2 53931 92 54037 2 54041 36 54078 21 54127 22 54162 1 54187 92 54293 2 54296 36 54335 19 54383 22 54417 2 54443 91 54549 38 54591 12 54605 5 54643 18 54664 3 54669 2 54673 2 54676 2 54699 90 54805 38 54849 8 54862 4 54901 16 54919 4 54924 3 54930 1 54938 2 54955 90 55059 40 55106 6 55117 4 55158 16 55176 11 55189 1 55194 3 55213 52 55267 35 55316 39 55362 6 55373 4 55414 29 55444 3 55450 4 55469 2 55472 89 55572 16 55591 19 55617 8 55627 6 55640 5 55670 33 55705 4 55717 1 55729 82 55813 3 55829 6 55849 16 55873 8 55882 7 55894 7 55927 31 55963 2 55984 83 56069 2 56073 2 56109 10 56127 30 56183 22 56207 3 56221 2 56239 30 56271 5 56279 4 56287 1 56289 2 56292 31 56325 2 56328 2 56368 1 56371 3 56380 1 56383 2 56387 26 56437 24 56475 3 56494 17 56515 1 56519 4 56527 4 56536 2 56544 2 56548 30 56579 3 56583 3 56628 1 56641 10 56653 16 56693 18 56712 3 56731 2 56749 16 56776 2 56784 2 56787 11 56803 31 56835 3 56839 3 56890 2 56897 10 56909 6 56917 7 56950 17 56969 2 57005 12 57032 1 57039 1 57043 10 57059 39 57113 2 57145 4 57153 6 57166 2 57178 2 57206 21 57255 3 57259 9 57288 1 57302 6 57314 39 57367 4 57400 6 57409 6 57422 1 57461 22 57511 12 57543 2 57560 3 57570 38 57621 8 57655 6 57669 1 57720 21 57766 13 57798 3 57826 37 57877 8 57911 6 57926 1 57976 20 58022 13 58044 1 58054 3 58081 36 58132 9 58165 8 58180 3 58232 19 58275 16 58292 6 58299 8 58335 38 58387 11 58420 9 58435 4 58479 1 58488 19 58531 11 58544 19 58591 37 58643 14 58675 10 58691 4 58734 3 58744 19 58788 9 58800 20 58847 36 58899 4 58905 8 58933 8 58947 3 58986 1 58998 21 59044 8 59056 20 59103 36 59155 2 59162 7 59255 2 59261 13 59300 9 59310 23 59359 36 59402 1 59405 1 59409 1 59411 2 59418 8 59518 12 59556 33 59615 37 59660 2 59665 1 59668 2 59671 11 59724 1 59746 5 59775 11 59812 34 59850 6 59871 38 59916 1 59926 10 60000 11 60030 12 60068 34 60105 7 60127 41 60185 4 60254 15 60287 12 60311 1 60319 50 60382 42 60442 2 60509 16 60543 12 60565 5 60574 52 60637 44 60682 1 60764 18 60797 16 60821 5 60829 54 60895 44 61014 2 61019 19 61053 16 61078 3 61085 54 61151 45 61267 28 61309 16 61339 57 61407 46 61520 33 61563 18 61595 57 61663 47 61774 36 61816 21 61849 62 61920 47 62010 1 62030 35 62069 24 62105 62 62177 47 62225 2 62256 11 62285 35 62324 25 62353 2 62358 65 62434 50 62511 13 62540 36 62580 26 62609 2 62613 66 62689 52 62743 12 62766 15 62795 36 62835 28 62865 74 62944 52 62999 12 63023 10 63035 1 63051 36 63091 28 63121 70 63193 2 63199 52 63254 13 63280 9 63307 68 63377 68 63454 53 63511 12 63536 3 63541 4 63563 68 63633 68 63715 46 63767 12 63819 68 63890 67 63965 1 63968 49 64023 12 64075 69 64146 66 64221 71 64305 3 64323 1 64326 142 64475 73 64561 4 64579 2 64582 143 64730 73 64815 12 64838 143 64985 73 65063 1 65069 14 65094 143 65241 72 65319 4 65325 14 65350 143 65497 39
867180,0 94 114 1 123 102 227 19 248 7 256 75 333 6 343 1 381 94 493 3 507 80 590 5 638 91 763 1 765 77 846 4 895 20 919 68 1005 3 1019 4 1024 74 1101 4 1151 20 1175 69 1261 3 1274 5 1280 75 1356 5 1407 15 1429 72 1517 4 1528 7 1536 81 1663 14 1682 75 1772 5 1782 9 1792 81 1919 14 1937 81 2028 3 2035 12 2048 83 2175 14 2193 6 2201 73 2285 2 2291 12 2304 85 2432 19 2458 73 2547 12 2560 84 2689 16 2712 75 2803 12 2816 77 2949 4 2957 2 2966 77 3059 12 3072 77 3221 79 3316 11 3328 77 3477 78 3573 10 3584 77 3733 77 3829 10 3840 4 3846 73 3991 12 4007 59 4087 6 4094 1 4096 4 4102 73 4249 10 4263 60 4343 5 4350 5 4358 33 4393 5 4400 23 4425 6 4505 74 4600 4 4606 5 4613 33 4650 4 4656 22 4681 6 4760 75 4856 4 4862 5 4869 30 4906 28 4937 4 4965 2 5014 78 5095 3 5113 2 5119 4 5125 30 5161 4 5167 23 5193 4 5221 2 5270 85 5375 27 5403 8 5425 20 5449 2 5526 66 5593 18 5632 25 5659 7 5683 18 5782 65 5849 18 5888 34 5931 2 5938 16 5998 3 6039 64 6105 20 6144 24 6169 10 6187 2 6193 15 6254 5 6295 65 6361 20 6400 23 6425 10 6442 6 6449 13 6477 1 6511 5 6533 4 6550 88 6656 23 6680 11 6698 20 6734 2 6767 6 6788 7 6805 90 6912 35 6955 21 6991 1 7023 6 7033 20 7061 90 7168 35 7211 14 7227 6 7279 4 7289 20 7317 91 7424 36 7463 26 7536 2 7545 20 7573 91 7680 36 7719 26 7801 20 7829 6 7836 35 7875 45 7936 35 7975 26 8057 22 8085 42 8131 46 8192 35 8231 25 8275 1 8312 23 8341 42 8387 48 8448 35 8487 24 8516 2 8568 25 8595 23 8621 18 8645 44 8690 2 8704 35 8743 24 8772 2 8823 51 8876 19 8902 42 8946 1 8952 1 8960 35 8999 30 9079 72 9157 30 9189 14 9205 47 9255 29 9335 72 9412 97 9510 30 9542 5 9592 1 9597 66 9667 6 9675 120 9799 5 9852 67 9923 5 9931 119 10055 6 10095 4 10102 75 10180 3 10185 109 10295 11 10311 6 10350 5 10357 75 10437 2 10440 4 10446 104 10553 10 10567 5 10607 79 10694 1 10696 111 10809 4 10816 4 10823 3 10863 79 10950 1 10953 93 11048 20 11072 5 11090 4 11118 82 11205 2 11211 91 11303 21 11328 5 11345 6 11374 7 11383 74 11461 2 11464 117 11585 4 11600 7 11630 6 11640 73 11717 44 11763 74 11841 4 11854 9 11886 6 11896 61 11958 11 11973 44 12018 75 12096 5 12109 10 12120 1 12143 6 12151 18 12173 16 12191 30 12222 3 12231 118 12351 5 12365 12 12399 6 12409 16 12429 16 12447 34 12485 121 12607 5 12623 10 12655 4 12673 8 12685 17 12704 36 12741 121 12863 2 12867 1 12879 10 12911 4 12929 9 12940 18 12961 34 12997 121 13123 2 13127 5 13136 9 13167 2 13186 17 13206 7 13215 158 13378 10 13391 11 13415 1 13433 4 13442 15 13463 7 13471 158 13634 11 13647 12 13670 3 13687 24 13719 36 13757 128 13890 25 13926 3 13943 24 13975 36 14013 127 14147 25 14182 4 14197 26 14230 167 14403 25 14438 4 14452 27 14485 199 14693 20 14715 20 14740 175 14917 24 14949 17 14970 22 14995 175 15173 75 15251 174 15429 75 15507 5 15514 167 15685 36 15722 37 15770 167 15939 36 15978 35 16026 203 16231 28 16261 7 16281 232 16517 8 16536 232 16773 9 16789 236 17029 9 17043 251 17298 253 17555 252 17811 253 18066 173 18241 254 18496 47040
874368,0 64 67 252 324 250 580 53 634 165 802 1 805 26 833 223 1058 1 1061 252 1314 1 1319 248 1575 246 1831 247 2088 247 2344 241 2586 5 2600 237 2842 9 2857 28 2889 204 3098 9 3113 27 3145 203 3354 5 3361 3 3371 24 3400 204 3610 5 3618 1 3627 24 3655 206 3866 5 3877 3 3883 23 3911 206 4122 6 4133 4 4138 24 4167 206 4379 5 4389 27 4421 198 4621 7 4636 4 4645 26 4676 199 4877 6 4885 5 4894 2 4901 24 4931 169 5101 30 5133 5 5141 6 5157 23 5186 169 5357 36 5397 6 5412 17 5431 4 5440 7 5448 163 5612 37 5653 1 5656 1 5658 2 5668 9 5678 4 5687 4 5695 8 5705 199 5914 2 5924 6 5943 4 5949 212 6170 1 6179 6 6199 3 6205 211 6429 2 6435 5 6447 3 6453 4 6465 207 6685 1 6691 5 6703 3 6709 3 6720 207 6947 4 6957 4 6965 2 6971 212 7203 2 7213 4 7221 2 7227 214 7467 6 7476 3 7483 4 7488 150 7639 57 7723 6 7731 4 7738 4 7745 149 7895 56 7955 2 7978 5 7987 4 7992 6 7999 209 8211 2 8233 5 8243 226 8489 1 8492 1 8497 13 8513 207 8721 4 8753 13 8769 206 8978 3 9007 15 9023 208 9235 2 9247 1 9261 226 9491 2 9515 228 9747 2 9769 231 10003 2 10009 2 10024 29 10054 202 10259 3 10265 2 10280 24 10305 4 10310 202 10516 3 10520 4 10536 23 10561 206 10773 2 10776 4 10791 23 10817 207 11029 2 11032 5 11050 19 11071 6 11078 203 11285 2 11289 4 11309 16 11327 209 11546 2 11565 16 11582 210 11803 1 11819 228 12072 73 12146 157 12328 229 12560 3 12583 4 12590 223 12815 4 12839 3 12848 228 13093 4 13104 227 13348 5 13356 1 13360 227 13603 5 13611 1 13615 228 13858 6 13870 224 14095 3 14113 6 14125 229 14363 2 14369 2 14377 2 14381 231 14617 4 14624 3 14631 4 14636 232 14873 4 14879 3 14887 236 15127 11 15142 237 15383 11 15397 238 15637 253 15892 1015 16909 254 17166 253 17422 253 17678 254 17934 774 18711 254 18967 254 19223 254 19479 254 19737 27 19765 223 19993 250 20246 2 20249 250 20502 252 20757 252 21013 251 21269 250 21524 251 21779 251 22035 251 22289 39 22331 211 22545 38 22586 213 22800 39 22841 214 23056 38 23097 214 23313 36 23350 217 23569 253 23826 251 24083 251 24341 218 24562 29 24597 34 24632 183 24819 30 24856 24 24883 4 24889 182 25076 29 25113 22 25139 188 25333 28 25365 2 25369 20 25393 186 25581 5 25589 56 25648 187 25837 6 25844 234 26079 254 26335 52 26388 19 26409 180 26591 52 26644 6 26651 10 26665 180 26846 48 26895 4 26900 4 26907 9 26920 195 27117 38 27156 4 27163 9 27175 196 27373 42 27419 8 27431 196 27628 43 27675 8 27685 1 27687 196 27884 43 27929 2 27933 5 27941 6 27949 231 28181 3 28185 2 28189 4 28197 6 28205 224 28432 15 28454 5 28460 225 28687 15 28709 6 28716 241 28965 6 28973 240 29220 7 29229 240 29475 6 29485 240 29730 7 29741 240 29985 8 29997 240 30240 9 30254 239 30494 10 30509 251 30765 201 30967 9 30977 40 31019 213 31233 255 31490 244 31735 254 31991 254 32248 28 32277 11 32289 212 32503 39 32547 251 32804 250 33064 247 33321 238 33562 6 33578 238 33817 7 33835 246 34091 246 34339 2 34347 251 34604 251 34861 234 35097 14 35117 234 35353 15 35373 251 35629 200 35831 44 35876 5 35885 200 36087 43 36131 6 36141 244 36387 6 36397 243 36642 7 36652 245 36898 7 36908 252 37165 241 37409 6 37421 240 37664 7 37677 239 37920 7 37932 240 38176 7 38188 190 38380 47 38432 6 38444 15 38460 174 38636 47 38687 6 38699 190 38892 5 38898 51 38955 190 39148 5 39154 50 39209 192 39403 57 39465 192 39659 56 39719 252 39975 251 40228 253 40483 17 40502 234 40739 16 40763 2 40766 226 40994 16 41019 2 41023 224 41249 17 41273 4 41280 222 41505 17 41528 5 41536 217 41760 19 41783 6 41792 169 41963 44 42015 20 42039 6 42046 159 42207 10 42218 45 42267 24 42295 166 42463 56 42521 25 42551 250 42806 6 42814 241 43061 7 43070 239 43317 6 43326 237 43572 7 43582 20 43603 212 43826 9 43839 16 43859 162 44023 48 44081 10 44095 16 44115 161 44279 38 44320 5 44335 12 44352 14 44370 161 44533 10 44544 29 44576 5 44589 14 44609 1 44611 10 44626 161 44789 8 44800 60 44867 10 44881 170 45053 2 45056 61 45123 184 45309 66 45379 166 45547 20 45568 65 45634 167 45803 20 45824 11 45836 240 46077 2 46080 11 46092 239 46336 221 46559 10 46572 13 46592 16 46610 65 46677 136 46816 9 46829 3 46835 6 46848 15 46866 49 46916 6 46925 5 46932 135 47073 8 47085 2 47091 4 47101 2 47104 67 47172 7 47180 143 47329 8 47341 1 47347 2 47355 24 47380 46 47428 150 47582 9 47596 2 47603 1 47609 26 47637 45 47685 148 47838 1 47841 6 47850 4 47865 73 47941 16 47959 128 48097 6 48106 4 48120 74 48197 16 48215 128 48348 2 48353 7 48362 4 48374 75 48453 147 48602 4 48609 8 48619 2 48628 77 48709 153 48865 7 48875 3 48883 78 48965 162 49131 4 49139 9 49149 68 49220 164 49387 4 49395 7 49405 67 49476 9 49487 154 49643 4 49651 6 49661 67 49731 9 49743 160 49907 6 49917 66 49987 8 49998 153 50153 6 50163 9 50173 66 50243 8 50254 153 50409 6 50418 77 50499 23 50527 135 50665 6 50674 77 50755 21 50786 34 50822 95 50921 6 50930 77 51011 19 51043 31 51078 95 51175 9 51189 74 51267 19 51299 30 51333 108 51446 73 51523 11 51535 8 51545 8 51557 27 51588 109 51703 72 51779 1 51781 8 51791 8 51801 8 51815 5 51821 18 51844 110 51959 73 52036 9 52047 8 52058 9 52078 16 52097 112 52215 74 52292 2 52297 4 52303 8 52315 9 52335 11 52347 3 52352 113 52471 74 52553 3 52559 6 52578 6 52592 14 52607 115 52726 75 52808 4 52815 5 52835 9 52849 12 52862 116 52982 75 53062 13 53093 10 53106 125 53233 6 53241 72 53318 13 53337 1 53349 10 53362 125 53491 4 53496 71 53573 2 53577 1 53581 6 53591 5 53606 9 53622 113 53738 5 53747 74 53829 3 53839 4 53847 6 53863 8 53879 112 53995 5 54003 68 54083 5 54095 14 54111 3 54121 6 54134 113 54251 6 54260 67 54337 7 54347 1 54351 22 54378 1 54381 3 54390 113 54507 7 54515 70 54591 13 54605 26 54637 204 54845 15 54861 26 54893 249 55148 251 55403 136 55541 84 55627 164 55797 250 56053 250 56308 162 56471 75 56549 10 56563 67 56632 93 56727 75 56807 174 56983 75 57061 2 57064 129 57195 221 57419 30 57450 221 57675 146 57823 8 57833 11 57846 81 57931 146 58079 8 58089 11 58102 81 58186 7 58195 245 58441 8 58452 152 58607 96 58711 148 58865 94 58962 2 58967 148 59122 86 59210 3 59217 153 59375 83 59461 2 59467 2 59472 154 59629 80 59711 1 59721 2 59727 147 59875 6 59885 79 59973 6 59983 146 60131 6 60141 60 60204 15 60223 12 60237 148 60391 2 60397 59 60459 16 60477 164 60645 5 60653 8 60662 48 60715 16 60732 165 60899 7 60909 7 60917 48 60969 17 60988 165 61154 9 61166 5 61173 68 61243 108 61354 65 61423 2 61428 69 61499 107 61610 65 61679 2 61683 179 61863 69 61935 174 62111 77 62191 10 62205 26 62233 212 62447 10 62459 28 62489 514 63005 10 63017 240 63260 3 63264 7 63275 193 63470 43 63516 3 63521 3 63525 2 63531 193 63725 45 63783 196 63983 44 64039 196 64239 44 64297 172 64471 10 64486 4 64495 45 64553 172 64727 10 64751 45 64809 182 65005 7 65015 2 65019 33 65065 182 65261 6 65271 2 65275 32 65321 182 65515 9 65527 1 65531 4
877548,0 65536
890795,0 27156 27158 252 27417 248 27673 246 27931 243 28187 238 28443 238 28700 235 28956 235 29212 235 29467 236 29721 237 29968 246 30223 248 30478 249 30733 250 30984 1 30987 254 31242 1451 32699 250 32956 249 33213 248 33473 246 33733 243 33989 243 34246 243 34503 242 34760 241 35017 240 35273 240 35529 240 35785 241 36041 241 36304 234 36563 232 36819 232 37073 1 37075 232 37329 235 37584 236 37838 240 38084 1945 40031 254 40287 253 40543 254 40798 252 41051 253 41306 254 41562 253 41821 248 42077 244 42333 187 42525 52 42591 183 42783 49 42847 182 43039 49 43103 182 43294 49 43362 9 43373 167 43550 49 43618 8 43630 166 43806 47 43876 3 43886 166 44062 46 44113 1 44133 2 44141 166 44318 45 44369 2 44388 4 44398 166 44574 45 44625 2 44643 5 44655 166 44831 48 44897 8 44909 168 45087 50 45151 68 45221 113 45343 50 45407 63 45479 112 45599 50 45661 12 45674 51 45735 111 45855 50 45915 14 45931 49 45992 109 46112 49 46171 14 46186 39 46228 3 46233 1 46248 99 46351 5 46369 47 46427 10 46442 38 46504 97 46608 3 46630 41 46684 8 46699 36 46761 95 46887 34 46940 8 46954 34 47017 96 47143 34 47197 6 47210 33 47272 98 47399 34 47467 31 47527 100 47655 35 47725 28 47782 101 47909 38 47981 28 48035 105 48163 40 48237 28 48288 110 48417 42 48493 27 48543 111 48672 43 48749 26 48798 113 48928 43 49001 28 49043 4 49048 119 49183 45 49256 27 49299 129 49439 46 49511 22 49555 129 49694 48 49767 21 49810 131 49950 49 50023 20 50065 132 50205 51 50278 19 50321 134 50461 52 50535 14 50576 135 50717 52 50791 12 50833 134 50973 52 51048 9 51089 133 51229 53 51304 9 51346 131 51485 53 51561 6 51604 129 51741 52 51818 3 51862 3 51866 122 51997 52 52123 121 52253 52 52379 120 52509 52 52635 120 52765 52 52891 121 53021 52 53133 2 53147 121 53277 52 53388 3 53403 120 53533 51 53659 120 53787 53 53915 120 54042 40 54085 10 54171 120 54297 41 54343 8 54427 112 54541 6 54553 40 54660 8 54681 113 54797 6 54809 40 54916 9 54937 112 55054 4 55063 42 55171 12 55192 112 55319 42 55426 14 55448 111 55565 2 55572 47 55682 15 55703 112 55820 3 55829 46 55938 16 55959 111 56075 5 56083 48 56195 16 56215 111 56331 57 56451 19 56471 112 56585 60 56708 160 56869 32 56965 158 57129 28 57200 4 57220 159 57385 28 57455 7 57476 158 57642 26 57709 10 57731 158 57899 24 57965 11 57986 153 58141 2 58154 21 58221 12 58240 149 58407 23 58476 13 58495 150 58661 26 58731 169 58917 26 58987 168 59171 28 59243 168 59426 29 59498 166 59679 31 59753 167 59934 32 60009 166 60189 33 60249 7 60258 172 60445 33 60503 182 60699 34 60756 184 60955 34 61012 183 61207 37 61267 185 61461 39 61521 189 61717 39 61776 191 61974 2 61977 34 62031 194 62232 35 62286 196 62487 36 62541 197 62740 39 62795 198 62995 40 63051 240 63305 242 63560 243 63816 243 64071 244 64325 245 64579 248 64833 252 65089 447
891930,78 2 116 57 208 20 333 4 374 50 464 20 589 4 630 47 721 19 845 4 886 47 976 19 1101 4 1142 47 1232 19 1358 3 1397 48 1453 5 1489 17 1615 2 1654 48 1708 7 1747 14 1871 2 1910 7 1920 39 1963 10 2004 12 2166 7 2176 41 2218 11 2261 10 2421 9 2432 39 2473 14 2519 7 2677 9 2689 35 2729 14 2775 6 2933 8 2945 34 2985 14 3189 7 3203 31 3241 13 3461 28 3497 12 3717 28 3753 12 3933 4 3951 3 3972 27 4009 12 4189 6 4207 4 4227 28 4265 12 4445 5 4462 5 4482 29 4521 12 4547 5 4701 4 4718 5 4737 30 4777 12 4803 6 4958 1 4975 4 4989 34 5035 9 5059 8 5231 4 5242 37 5291 8 5315 8 5488 47 5570 10 5745 46 5825 11 6001 47 6081 11 6257 47 6336 12 6394 3 6513 47 6591 12 6649 5 6769 47 6841 1 6845 14 6905 5 7025 47 7094 22 7154 3 7159 8 7282 46 7349 23 7409 14 7539 45 7595 6 7602 27 7659 21 7795 46 7850 35 7914 22 8052 45 8106 37 8170 22 8309 44 8361 38 8426 22 8567 42 8617 47 8683 4 8691 13 8823 42 8873 48 8923 4 8940 3 8947 13 9081 39 9129 60 9203 13 9337 39 9378 3 9384 63 9457 15 9593 32 9628 1 9630 38 9674 35 9711 17 9849 31 9887 36 9930 54 10104 31 10143 36 10186 37 10224 16 10360 31 10399 36 10442 37 10480 16 10616 31 10654 36 10698 54 10872 15 10889 14 10910 36 10954 54 11129 13 11150 9 11165 38 11210 54 11385 12 11407 8 11419 40 11466 54 11647 4 11663 8 11675 41 11721 55 11919 8 11930 43 11976 56 12175 9 12187 101 12431 95 12527 17 12688 112 12944 9 12954 102 13200 9 13218 77 13301 11 13455 9 13476 75 13558 10 13712 8 13734 72 13815 9 13969 7 13991 68 14071 9 14227 4 14250 63 14328 8 14509 60 14585 7 14765 60 14841 7 15021 60 15098 6 15277 60 15355 5 15533 60 15611 5 15755 5 15788 61 15868 4 16009 8 16044 61 16125 3 16263 12 16283 2 16300 61 16382 1 16519 13 16537 6 16555 68 16774 14 16791 9 16812 69 17029 28 17067 71 17285 28 17323 72 17540 31 17579 72 17795 32 17835 72 18048 36 18090 73 18301 40 18345 69 18415 6 18532 1 18555 42 18600 78 18787 3 18809 126 19044 3 19064 127 19300 3 19317 131 19556 4 19573 131 19812 8 19828 133 20068 7 20084 133 20325 5 20334 1 20340 133 20581 5 20597 132 20837 5 20850 2 20853 132 21093 6 21105 136 21350 98 21452 45 21606 98 21708 45 21863 95 21965 44 22119 94 22221 44 22375 92 22478 42 22631 90 22734 41 22887 90 22991 38 23143 90 23247 28 23400 89 23505 25 23656 89 23762 24 23806 1 23913 88 24019 22 24058 6 24169 88 24276 15 24292 4 24313 7 24425 88 24533 11 24569 7 24681 87 24790 9 24824 8 24938 86 25047 4 25079 9 25194 85 25335 9 25451 84 25591 9 25707 82 25846 10 25963 82 26101 11 26219 81 26357 11 26475 78 26613 11 26731 78 26869 11 26988 75 27125 11 27244 75 27380 12 27501 73 27635 13 27757 74 27891 13 28013 75 28147 13 28269 75 28403 13 28526 75 28658 14 28782 75 28913 15 29039 74 29169 15 29295 74 29425 15 29551 60 29613 11 29682 14 29808 58 29870 10 29939 13 30064 56 30127 8 30195 13 30321 54 30384 7 30397 2 30451 13 30577 52 30650 9 30707 13 30833 52 30905 12 30962 14 31090 51 31161 15 31219 13 31347 50 31417 17 31475 13 31603 49 31672 24 31730 14 31859 48 31928 27 31985 15 32115 47 32185 28 32241 15 32371 46 32441 28 32497 15 32627 45 32697 28 32754 14 32883 45 32952 29 33010 14 33140 44 33207 30 33267 13 33396 44 33462 32 33523 13 33653 12 33667 30 33717 34 33781 11 33909 12 33923 30 33972 35 34037 11 34166 1 34173 36 34227 36 34295 9 34430 35 34483 36 34551 9 34687 32 34737 42 34808 8 34944 31 34993 43 35065 7 35201 28 35247 46 35321 7 35457 28 35501 49 35577 7 35715 24 35756 51 35833 7 35973 22 36011 52 36089 7 36232 17 36267 53 36345 7 36490 15 36523 53 36601 7 36748 11 36779 56 36857 7 37005 9 37035 60 37113 7 37291 64 37368 8 37547 66 37624 8 37804 84 38050 1 38060 84 38305 4 38314 86 38561 4 38569 87 38817 95 39073 95 39327 97 39582 98 39829 107 40083 109 40335 113 40589 115 40843 117 41099 117 41354 118 41610 118 41866 118 42122 118 42379 117 42635 117 42893 115 43149 115 43405 115 43661 115 43917 115 44173 115 44429 115 44685 115 44940 116 45195 117 45451 117 45707 117 45962 118 46217 119 46469 2 46472 120 46725 123 46981 123 47237 123 47493 123 47749 123 48005 123 48261 123 48518 122 48774 119 49030 116 49287 114 49543 114 49799 103 49903 10 50055 57 50117 26 50145 11 50160 8 50311 56 50374 21 50404 7 50416 7 50567 55 50631 19 50673 6 50824 54 50889 16 50930 3 51080 55 51149 10 51336 56 51406 8 51593 66 51661 8 51849 76 52105 30 52139 42 52362 27 52400 37 52619 26 52665 28 52875 26 52921 28 53131 26 53178 28 53387 26 53434 28 53643 26 53691 28 53900 25 53947 29 54156 25 54204 29 54243 1 54413 23 54461 28 54498 3 54669 23 54717 30 54753 6 54925 23 54973 30 55009 7 55181 22 55229 30 55265 8 55438 21 55486 30 55521 8 55694 20 55743 29 55777 9 55951 18 55999 29 56033 10 56207 17 56255 29 56289 10 56463 17 56512 28 56545 11 56719 14 56769 26 56801 12 56975 14 57033 18 57057 12 57232 11 57291 13 57313 12 57337 2 57488 11 57555 2 57569 12 57591 6 57745 7 57825 12 57845 11 58001 6 58082 11 58101 11 58258 5 58338 11 58357 11 58514 5 58594 11 58613 11 58771 4 58851 10 58870 10 59027 4 59107 10 59127 9 59283 4 59365 7 59383 9 59540 3 59621 6 59639 9 59796 2 59879 3 59896 8 60052 3 60152 8 60309 2 60408 8 60565 3 60665 7 60821 3 60921 7 61077 4 61177 7 61333 5 61433 7 61590 6 61597 3 61689 7 61847 13 61945 7 62103 13 62201 7 62359 14 62446 7 62457 7 62615 14 62700 9 62713 7 62871 14 62947 29 63127 14 63202 30 63383 15 63457 31 63640 14 63713 31 63896 14 63969 15 63985 15 64152 14 64225 14 64242 14 64408 15 64481 14 64498 14 64664 15 64738 13 64754 14 64920 15 64994 13 65011 13 65176 15 65251 12 65266 14 65433 14 65506 13 65523 13
892843,1 134 140 5 169 30 207 51 275 6 287 7 297 76 427 14 447 5 475 13 501 12 546 2 554 73 683 13 732 9 757 13 799 2 809 74 939 14 989 2 1012 14 1048 4 1054 5 1065 74 1145 1 1195 17 1219 2 1253 4 1266 15 1290 27 1321 82 1451 26 1501 2 1506 31 1545 27 1577 83 1708 25 1755 37 1798 14 1813 1 1815 13 1830 86 1919 2 1965 23 2011 37 2053 30 2086 85 2175 2 2221 23 2267 37 2309 30 2342 1 2345 80 2432 1 2475 24 2523 37 2565 31 2598 1 2601 80 2730 23 2779 37 2821 31 2857 79 2984 25 3036 36 3077 14 3094 13 3113 78 3240 25 3293 35 3342 5 3351 4 3357 4 3370 75 3497 24 3549 15 3565 19 3598 6 3607 4 3615 1 3626 75 3753 24 3806 13 3821 9 3831 9 3854 11 3866 2 3882 73 4009 26 4063 10 4077 6 4087 9 4110 15 4139 72 4264 27 4319 6 4326 3 4332 7 4343 9 4369 2 4373 10 4395 70 4520 28 4575 6 4586 7 4599 9 4625 1 4629 10 4651 1 4653 67 4777 27 4832 13 4855 9 4881 1 4885 11 4914 60 5033 28 5088 15 5110 10 5137 2 5140 12 5169 60 5289 28 5343 16 5365 11 5392 16 5424 59 5545 28 5599 17 5621 11 5648 16 5681 57 5801 28 5855 18 5878 7 5901 19 5938 33 5973 19 6057 29 6111 18 6133 3 6156 20 6194 33 6230 18 6313 29 6366 25 6411 2 6417 14 6445 2 6450 33 6487 16 6569 31 6619 27 6662 1 6673 14 6701 2 6706 33 6747 10 6825 32 6875 27 6912 1 6931 12 6962 33 7005 2 7023 1 7081 32 7129 29 7168 1 7187 11 7218 32 7261 2 7337 32 7385 30 7424 2 7442 3 7447 5 7470 36 7517 2 7594 31 7640 31 7680 2 7698 3 7703 5 7726 35 7774 1 7851 30 7896 31 7930 2 7934 4 7941 4 7953 6 7961 2 7981 35 8107 30 8152 31 8185 4 8190 11 8209 5 8217 2 8235 22 8259 12 8362 31 8408 49 8491 18 8520 1 8618 31 8664 49 8747 2 8751 13 8873 31 8920 49 9006 1 9010 3 9016 3 9125 34 9176 49 9261 3 9267 2 9273 2 9381 34 9432 48 9516 5 9637 34 9677 58 9773 4 9887 1 9893 34 9933 59 10029 4 10141 43 10187 62 10286 4 10394 47 10442 63 10544 2 10617 1 10649 63 10715 46 10800 2 10905 47 10954 14 10971 46 11057 1 11161 47 11209 15 11229 44 11416 48 11465 15 11485 24 11511 5 11517 15 11671 49 11721 16 11741 23 11767 5 11774 15 11927 48 11977 16 11999 2 12008 12 12024 4 12031 14 12182 67 12267 2 12274 2 12282 2 12287 12 12437 68 12530 2 12538 2 12543 12 12594 4 12693 68 12786 1 12794 1 12799 10 12850 3 12854 1 12949 68 13050 1 13055 9 13110 1 13205 67 13312 9 13461 67 13562 2 13568 7 13718 65 13819 1 13824 5 13974 45 14021 18 14080 4 14229 46 14277 16 14336 4 14485 46 14533 2 14536 13 14592 3 14684 2 14741 44 14786 5 14793 12 14848 3 14855 1 14858 1 14906 1 14941 2 14950 1 14997 44 15049 12 15104 3 15110 6 15162 1 15205 2 15247 2 15252 45 15307 10 15360 3 15365 8 15452 2 15460 3 15503 2 15508 45 15563 11 15616 13 15648 2 15709 1 15717 1 15759 2 15765 43 15823 1 15870 14 15903 4 16015 2 16021 43 16123 1 16125 15 16159 6 16229 2 16271 1 16278 42 16376 21 16416 7 16481 2 16484 6 16535 42 16630 21 16667 2 16672 7 16728 1 16737 9 16794 39 16884 21 16922 13 16983 1 16993 8 17053 34 17139 22 17178 13 17235 1 17237 4 17249 9 17311 30 17394 23 17433 14 17491 6 17505 10 17567 30 17649 24 17689 14 17747 5 17761 4 17766 5 17823 30 17855 3 17883 2 17903 26 17945 14 18002 3 18006 2 18023 4 18080 29 18111 2 18139 5 18159 26 18201 12 18259 2 18262 1 18281 2 18337 27 18367 2 18395 8 18414 28 18457 12 18515 1 18518 2 18595 25 18623 3 18651 10 18669 30 18713 12 18739 1 18853 22 18879 2 18907 10 18925 30 18969 12 18995 1 19109 22 19159 1 19163 10 19181 30 19225 11 19250 2 19306 2 19367 20 19414 15 19435 31 19481 11 19505 4 19562 2 19575 4 19626 17 19670 16 19691 30 19738 9 19762 1 19817 4 19823 3 19829 8 19839 5 19883 14 19925 18 19945 31 19995 6 20074 2 20080 3 20085 15 20139 13 20179 20 20201 26 20234 2 20330 2 20336 3 20342 15 20358 2 20391 1 20395 9 20435 21 20457 26 20487 6 20586 3 20593 23 20654 3 20691 47 20743 3 20841 4 20849 24 20947 47 20999 1 21097 33 21203 47 21353 32 21459 20 21481 26 21597 2 21609 32 21715 21 21738 25 21853 1 21866 31 21972 19 21995 24 22122 33 22228 20 22251 23 22275 1 22376 35 22484 20 22506 22 22529 1 22531 2 22632 35 22739 45 22889 12 22903 20 22995 45 23145 12 23159 20 23250 46 23403 9 23416 19 23501 28 23533 19 23659 4 23665 3 23672 19 23755 30 23789 4 23794 14 23921 2 23926 21 23979 4 24011 28 24045 3 24050 14 24186 17 24234 5 24241 2 24266 28 24301 2 24306 14 24443 14 24485 15 24517 2 24521 28 24556 20 24623 1 24699 14 24720 1 24740 15 24773 32 24812 20 24957 10 24996 15 25028 32 25077 1 25082 6 25213 8 25252 16 25284 32 25339 5 25508 17 25539 33 25595 2 25598 2 25658 2 25678 11 25764 17 25795 33 25846 1 25851 2 25854 2 25870 6 25879 7 25932 16 26021 16 26049 36 26101 2 26107 5 26125 18 26187 18 26277 16 26305 36 26363 5 26381 22 26442 21 26469 1 26533 16 26560 37 26622 2 26635 24 26697 23 26723 4 26789 16 26815 39 26878 2 26891 25 26951 34 27045 19 27071 39 27134 2 27146 27 27205 36 27243 2 27301 16 27327 39 27390 2 27402 27 27459 36 27498 3 27556 16 27574 1 27581 41 27646 2 27657 28 27715 36 27754 3 27812 16 27830 1 27836 42 27899 5 27913 29 27967 41 28010 3 28067 20 28091 42 28154 6 28169 29 28224 40 28266 3 28323 20 28347 42 28395 2 28410 6 28425 30 28479 41 28523 1 28579 20 28603 42 28650 4 28666 6 28680 31 28734 42 28835 20 28859 42 28907 3 28920 8 28936 31 28989 46 29091 21 29114 44 29169 2 29175 9 29193 29 29246 45 29347 18 29369 45 29426 1 29432 8 29449 28 29501 47 29552 1 29593 4 29602 18 29626 46 29688 8 29705 27 29757 47 29808 1 29849 8 29858 20 29882 46 29943 9 29962 26 30013 42 30093 2 30102 1 30105 8 30119 14 30138 45 30199 9 30218 25 30268 43 30349 2 30358 1 30361 8 30376 10 30394 45 30455 9 30474 25 30525 43 30606 17 30639 2 30649 46 30712 8 30731 24 30781 43 30862 17 30903 48 30968 8 30987 22 31037 42 31094 1 31114 19 31142 1 31156 53 31224 8 31244 20 31293 42 31370 19 31398 1 31412 54 31480 8 31501 19 31549 40 31626 19 31653 2 31667 1 31675 47 31723 3 31736 8 31758 19 31805 38 31876 3 31882 19 31909 2 31922 2 31931 51 31988 1 31991 9 32017 2 32024 12 32062 35 32132 25 32165 3 32174 6 32187 52 32243 13 32281 11 32318 35 32389 24 32421 3 32430 7 32443 54 32498 14 32537 12 32573 35 32645 23 32675 18 32699 69 32793 12 32829 34 32901 22 32931 18 32955 69 33051 10 33085 31 33117 1 33157 20 33186 17 33214 66 33307 10 33341 27 33413 20 33441 16 33471 65 33562 13 33597 28 33627 1 33669 18 33692 21 33727 65 33816 15 33853 28 33883 1 33925 16 33947 24 33983 65 34070 18 34109 26 34181 15 34206 22 34240 64 34326 18 34365 26 34438 13 34463 21 34496 64 34581 19 34621 27 34649 2 34694 11 34712 3 34718 22 34752 64 34837 18 34877 30 34950 9 34963 8 34973 24 35008 64 35093 16 35132 29 35207 2 35220 7 35231 22 35263 65 35349 16 35387 30 35477 5 35487 22 35519 65 35604 15 35643 32 35734 4 35743 22 35773 67 35855 3 35859 16 35899 32 35999 22 36029 67 36110 19 36154 34 36255 22 36281 71 36367 17 36410 34 36510 23 36538 70 36623 15 36665 36 36765 24 36793 71 36877 16 36920 37 37019 27 37047 73 37132 17 37175 38 37273 38 37312 64 37388 17 37431 38 37529 32 37563 4 37569 3 37573 59 37643 16 37662 1 37687 37 37785 31 37819 4 37826 1 37829 59 37893 2 37899 16 37918 2 37943 36 38039 41 38081 63 38149 24 38199 36 38294 46 38342 58 38405 24 38455 36 38550 37 38589 6 38598 58 38661 24 38712 33 38806 45 38854 54 38911 1 38917 26 38968 33 39062 46 39110 54 39167 1 39173 27 39225 33 39316 103 39423 1 39429 27 39481 32 39567 2 39571 104 39678 2 39685 27 39737 32 39812 2 39823 104 39935 1 39941 28 39993 32 40079 104 40196 31 40249 32 40327 4 40334 104 40447 2 40453 30 40505 31 40579 1 40583 113 40703 2 40709 30 40761 29 40831 122 40954 1 40958 4 40965 31 41017 29 41083 1 41086 126 41213 5 41221 32 41273 28 41338 2 41342 132 41477 33 41529 28 41594 3 41598 126 41726 4 41731 36 41785 24 41810 3 41850 130 41982 4 41987 37 42026 1 42041 28 42099 1 42102 134 42237 5 42243 41 42297 28 42345 1 42355 143 42499 40 42553 28 42601 2 42611 143 42755 38 42811 24 42856 3 42867 1 42871 178 43057 2 43068 23 43112 1 43117 2 43127 178 43312 3 43324 21 43381 180 43567 6 43580 21 43637 184 43823 10 43834 22 43891 78 43971 141 44146 77 44228 141 44401 78 44485 2 44488 140 44655 1 44657 78 44746 141 44910 3 44914 1 44919 70 44994 1 45003 95 45099 45 45166 3 45170 1 45177 68 45249 2 45260 93 45356 45 45422 1 45434 68 45515 1 45517 92 45613 42 45690 69 45769 2 45773 91 45869 2 45873 36 45947 67 46030 90 46125 2 46128 38 46207 63 46286 85 46381 1 46384 38 46426 1 46463 63 46530 1 46543 84 46641 38 46719 62 46799 84 46897 38 46975 61 47056 81 47154 38 47227 1 47230 63 47312 81 47402 2 47411 40 47482 3 47486 64 47557 2 47568 3 47573 75 47658 1 47667 40 47738 2 47743 63 47810 2 47825 1 47829 4 47845 59 47922 42 47999 2 48003 61 48065 3 48082 1 48085 4 48104 56 48178 42 48255 2 48260 63 48337 8 48360 53 48415 1 48434 42 48517 62 48592 10 48617 52 48671 1 48689 43 48773 63 48847 5 48853 6 48874 46 48923 1 48927 1 48944 44 49029 87 49131 45 49179 1 49200 45 49285 87 49389 35 49425 1 49435 1 49455 48 49539 89 49645 31 49678 1 49691 1 49711 48 49795 88 49901 28 49932 1 49947 1 49967 49 50051 87 50157 28 50187 3 50223 49 50307 86 50411 24 50478 50 50561 90 50667 23 50734 46 50817 91 50923 22 50990 46 51072 93 51183 18 51245 48 51327 94 51439 17 51501 48 51582 97 51695 17 51757 48 51837 98 51953 15 52011 50 52093 98 52214 10 52266 51 52349 98 52471 9 52521 52 52601 103 52729 7 52777 52 52857 106 52985 7 53032 54 53111 108 53241 7 53287 55 53366 110 53494 2 53497 7 53543 56 53618 109 53730 3 53749 3 53755 5 53799 56 53873 109 53987 2 54006 1 54011 5 54055 56 54128 109 54243 2 54267 5 54310 58 54381 112 54499 2 54521 7 54565 59 54636 116 54774 10 54818 63 54892 117 55030 10 55073 64 55147 121 55285 11 55325 1 55328 65 55403 122 55537 1 55539 13 55565 1 55574 3 55580 69 55658 124 55787 2 55794 14 55829 6 55837 68 55914 125 56043 1 56050 14 56085 76 56169 127 56303 18 56341 76 56425 130 56558 20 56584 3 56597 74 56681 57 56741 70 56813 22 56840 4 56853 73 56937 57 56998 69 57068 33 57109 72 57193 58 57255 102 57365 12 57378 59 57449 58 57511 102 57621 72 57705 58 57767 101 57877 72 57962 57 58023 102 58132 72 58218 58 58278 103 58387 72 58474 58 58534 105 58642 3 58647 68 58731 57 58790 106 58898 3 58904 9 58915 56 58987 57 59046 104 59153 3 59160 2 59165 4 59172 54 59238 1 59245 56 59302 104 59408 3 59415 2 59422 3 59429 53 59493 2 59502 55 59558 103 59665 2 59669 5 59678 2 59685 54 59749 2 59759 17 59777 140 59921 2 59926 5 59940 54 60016 13 60034 145 60182 6 60198 51 60275 1 60292 152 60454 51 60548 151 60711 50 60805 151 60967 49 61065 148 61224 48 61321 149 61480 51 61553 1 61576 149 61736 53 61831 150 61992 52 62088 149 62248 51 62333 7 62345 148 62497 61 62563 1 62565 2 62587 11 62600 149 62753 62 62818 6 62839 11 62851 154 63010 61 63076 4 63095 6 63108 127 63236 4 63242 20 63267 61 63333 3 63350 3 63365 131 63498 20 63523 62 63605 4 63621 131 63755 21 63778 63 63860 7 63878 131 64010 2 64015 17 64035 62 64114 10 64134 133 64273 15 64295 58 64368 154 64529 16 64554 55 64625 152 64787 14 64815 50 64883 12 64896 137 65043 13 65071 50 65139 12 65153 135 65300 11 65327 49 65397 8 65410 126
904357,39 20 75 6 133 17 157 61 223 33 390 16 415 56 488 24 646 16 671 55 747 21 902 16 927 54 1003 21 1067 6 1157 17 1183 54 1259 21 1322 14 1413 16 1439 54 1515 21 1577 1 1579 14 1669 16 1695 54 1771 21 1833 16 1923 18 1951 54 2027 21 2074 2 2089 16 2176 21 2207 55 2283 21 2318 2 2322 1 2329 4 2344 11 2357 4 2431 23 2464 55 2540 20 2585 4 2600 10 2615 2 2687 24 2722 53 2796 20 2860 1 2895 1 2943 24 2979 52 3052 20 3200 23 3231 2 3235 52 3308 20 3456 24 3487 2 3491 51 3564 20 3712 25 3742 55 3821 19 3968 85 4077 19 4225 84 4333 19 4481 83 4589 19 4738 81 4845 19 4994 81 5101 19 5250 81 5356 20 5455 2 5506 82 5611 21 5711 2 5762 21 5785 59 5867 21 6018 21 6041 60 6122 22 6148 1 6275 20 6298 62 6361 1 6378 22 6403 4 6531 20 6554 69 6633 23 6659 3 6787 20 6811 69 6889 23 6916 2 6964 2 7043 19 7067 70 7146 22 7172 2 7299 19 7323 70 7402 22 7555 20 7578 71 7659 21 7812 19 7835 71 7916 20 8069 18 8093 72 8173 19 8325 18 8350 72 8429 19 8581 16 8609 69 8686 18 8777 2 8782 3 8837 16 8865 69 8942 18 9031 11 9092 17 9121 64 9198 18 9283 16 9348 17 9376 65 9454 18 9538 23 9603 18 9633 62 9710 18 9794 23 9859 18 9889 62 9966 18 9988 1 10049 25 10115 17 10144 63 10222 18 10244 1 10305 26 10371 17 10399 64 10478 18 10500 1 10561 26 10627 16 10655 66 10735 17 10756 1 10817 27 10883 16 10910 1 10912 65 10991 17 11012 1 11073 28 11139 16 11169 65 11247 17 11268 1 11329 28 11396 15 11427 64 11503 17 11524 1 11571 2 11582 1 11584 29 11653 13 11697 50 11761 15 11780 1 11828 1 11837 1 11840 29 11910 12 11955 48 12021 7 12031 1 12036 1 12083 3 12089 36 12168 11 12213 47 12291 3 12339 44 12426 9 12469 48 12544 1 12547 5 12594 52 12684 9 12725 48 12800 1 12803 5 12851 52 12941 10 12981 48 13056 2 13059 6 13106 55 13197 15 13237 49 13312 9 13361 57 13453 16 13493 50 13568 2 13571 6 13614 2 13617 69 13709 23 13749 50 13824 1 13827 6 13872 71 13965 24 14005 50 14083 7 14128 72 14222 23 14261 50 14339 10 14382 75 14478 23 14517 50 14595 10 14637 77 14733 25 14774 49 14851 11 14893 77 14989 25 15030 49 15107 7 15115 2 15148 79 15243 27 15286 49 15363 5 15371 1 15403 80 15498 29 15541 50 15620 1 15658 81 15750 33 15797 50 15876 1 15915 81 16006 32 16053 50 16169 84 16263 31 16309 51 16425 86 16519 31 16565 51 16681 86 16775 30 16819 54 16936 87 17032 29 17075 54 17192 88 17289 28 17331 56 17447 90 17545 28 17587 56 17701 93 17801 26 17841 59 17957 94 18057 26 18097 60 18213 126 18353 60 18469 126 18608 61 18693 2 18725 124 18864 61 18948 2 18981 5 18988 117 19121 60 19204 2 19236 3 19247 113 19377 60 19460 3 19492 3 19503 114 19624 5 19633 60 19715 5 19748 2 19760 10 19772 100 19876 11 19888 60 19971 3 20017 8 20029 98 20131 73 20227 3 20273 7 20286 97 20385 75 20483 5 20506 1 20530 5 20542 90 20633 83 20739 5 20761 2 20799 79 20889 23 20913 58 20995 3 21017 2 21055 78 21145 23 21169 58 21251 4 21273 2 21311 78 21400 24 21425 58 21507 5 21530 1 21566 79 21654 26 21681 58 21760 2 21763 5 21774 2 21823 78 21910 25 21940 54 22016 2 22019 4 22043 2 22082 74 22165 26 22197 52 22272 2 22275 4 22285 1 22297 5 22339 72 22421 26 22455 49 22528 2 22531 5 22541 2 22553 6 22598 69 22676 26 22711 49 22784 2 22787 3 22810 7 22857 65 22930 27 22969 48 23040 2 23043 2 23067 4 23113 22 23136 41 23186 27 23227 46 23296 2 23299 2 23371 20 23394 39 23441 27 23485 45 23552 2 23555 2 23628 19 23651 38 23695 29 23741 45 23808 2 23811 2 23887 18 23908 38 23949 30 23999 44 24064 2 24067 2 24144 17 24165 36 24205 30 24256 43 24320 2 24323 2 24403 17 24423 34 24460 31 24513 44 24576 2 24579 2 24660 17 24680 33 24715 32 24770 43 24832 6 24917 17 24937 9 24949 54 25025 45 25081 9 25091 3 25173 17 25194 7 25205 54 25282 44 25337 14 25429 18 25450 7 25473 43 25538 45 25591 16 25685 18 25705 10 25729 43 25793 48 25844 20 25941 31 25984 5 25990 42 26049 72 26197 31 26240 3 26247 41 26305 72 26381 1 26384 1 26453 31 26496 3 26502 41 26561 72 26637 4 26705 35 26752 3 26758 42 26817 64 26883 5 26893 6 26915 2 26959 10 26971 9 26983 14 27008 3 27015 42 27073 63 27139 4 27149 1 27151 4 27215 9 27228 7 27240 13 27263 4 27270 43 27329 63 27396 2 27407 4 27470 8 27497 12 27519 5 27525 43 27585 63 27652 3 27663 4 27678 1 27726 8 27753 12 27775 49 27841 63 27919 4 27930 5 27983 8 28011 11 28031 49 28098 62 28176 2 28185 4 28240 6 28267 12 28287 49 28354 62 28439 6 28497 4 28527 9 28542 51 28599 4 28611 61 28694 7 28754 3 28784 9 28794 57 28855 4 28867 61 28952 3 29041 66 29109 2 29113 1 29123 61 29297 70 29372 3 29379 61 29553 68 29627 5 29634 62 29809 72 29882 70 30065 78 30146 62 30321 78 30402 62 30475 2 30577 78 30659 61 30729 4 30833 78 30916 60 31089 79 31173 35 31210 22 31345 80 31429 34 31466 22 31601 80 31685 30 31721 23 31856 83 31942 29 31977 23 32111 86 32201 25 32233 23 32367 87 32458 24 32489 23 32623 88 32715 22 32745 23 32878 88 32974 19 33001 23 33127 4 33133 88 33239 9 33257 23 33381 95 33495 8 33513 23 33635 97 33768 24 33891 97 34024 24 34144 100 34280 24 34399 101 34536 24 34654 103 34792 24 34909 104 35048 24 35165 106 35304 24 35420 107 35560 26 35675 110 35816 27 35930 69 36001 40 36072 27 36181 72 36259 39 36328 27 36437 71 36515 40 36585 28 36637 2 36692 72 36771 40 36841 28 36893 3 36947 73 37028 39 37097 30 37143 10 37201 75 37285 38 37353 30 37398 12 37457 74 37541 38 37609 31 37653 14 37711 76 37797 38 37865 31 37907 16 37965 77 38054 35 38122 31 38162 17 38218 79 38311 32 38378 31 38418 18 38473 80 38567 31 38635 32 38672 20 38729 80 38823 30 38891 57 38984 81 39079 30 39148 55 39239 82 39333 32 39405 54 39494 83 39586 34 39661 54 39749 84 39841 35 39917 54 40005 85 40096 36 40173 55 40259 48 40309 37 40350 38 40431 53 40515 48 40565 38 40606 38 40687 31 40721 18 40771 86 40861 39 40943 30 40979 15 41027 86 41117 38 41200 28 41282 130 41457 26 41537 87 41626 42 41713 24 41793 83 41883 42 41970 22 42049 82 42138 43 42225 22 42305 82 42389 1 42394 44 42481 21 42561 86 42650 45 42738 20 42817 135 42995 18 43073 55 43130 79 43251 18 43330 55 43387 78 43507 18 43586 55 43643 78 43764 12 43843 54 43899 79 44020 12 44099 136 44276 12 44356 135 44531 13 44612 135 44786 14 44869 132 45041 15 45125 132 45296 16 45381 131 45552 16 45637 131 45808 16 45894 130 46063 17 46150 130 46319 17 46406 131 46576 16 46662 131 46832 16 46918 130 47088 16 47174 130 47343 17 47431 130 47599 17 47687 130 47855 17 47895 2 47943 130 48110 18 48139 15 48199 130 48366 18 48392 19 48456 128 48622 18 48648 19 48712 128 48878 18 48903 20 48968 127 49134 18 49159 21 49224 125 49391 17 49415 21 49481 122 49647 17 49671 22 49737 120 49903 17 49925 24 49993 117 50159 17 50180 26 50249 117 50415 17 50435 28 50506 116 50672 16 50691 28 50762 115 50929 17 50947 29 51019 114 51185 48 51275 114 51442 47 51531 46 51578 66 51698 16 51715 31 51787 45 51835 58 51896 3 51955 48 52043 45 52091 53 52211 49 52299 46 52346 52 52467 51 52556 99 52723 15 52739 35 52812 99 52979 15 52995 37 53068 101 53177 2 53236 12 53251 38 53325 104 53433 1 53493 11 53511 36 53581 104 53689 1 53749 11 53768 36 53839 102 54004 12 54024 39 54095 102 54259 13 54279 44 54355 102 54514 14 54535 48 54613 101 54769 15 54791 49 54870 101 55025 15 55047 53 55127 96 55280 16 55303 54 55383 96 55536 16 55559 54 55641 97 55792 16 55815 54 55897 97 56048 16 56068 57 56153 96 56304 16 56323 58 56408 97 56560 16 56579 58 56663 101 56817 15 56836 58 56917 103 57073 15 57091 58 57171 104 57329 15 57347 59 57425 106 57585 15 57603 60 57680 109 57842 14 57859 60 57935 109 58098 14 58113 1 58115 61 58189 111 58353 79 58445 113 58608 81 58698 119 58821 1 58863 83 58952 120 59077 2 59119 69 59192 11 59205 123 59332 4 59374 70 59448 135 59587 6 59629 71 59703 135 59843 6 59885 72 59959 134 60099 5 60141 208 60351 8 60397 19 60417 188 60607 8 60653 19 60674 185 60863 3 60868 2 60909 19 60931 184 61119 2 61126 1 61165 19 61187 175 61367 1 61381 2 61419 21 61442 175 61624 3 61636 4 61675 21 61697 174 61880 5 61892 3 61931 21 61953 1 61955 171 62135 6 62149 2 62187 194 62388 12 62440 217 62696 197 62895 19 62925 1 62937 1 62950 199 63153 18 63181 2 63193 3 63205 200 63409 17 63449 3 63461 199 63664 17 63705 2 63717 4 63723 192 63920 3 63925 11 63961 1 63973 3 63981 190 64177 1 64182 10 64229 3 64237 190 64437 10 64471 5 64485 4 64496 189 64689 14 64717 3 64721 3 64727 7 64741 4 64753 188 64945 14 64965 10 64976 15 64998 1 65011 188 65201 13 65221 1 65224 6 65233 14 65267 189 65458 5 65466 2 65479 6 65489 15 65523 13
905849,0 65536
907141,0 63 67 44 117 1 119 4 131 58 207 36 256 43 326 39 395 25 426 18 465 32 512 41 583 38 652 23 683 17 721 32 768 37 839 38 908 23 938 18 977 32 1024 37 1077 3 1093 41 1163 24 1193 19 1233 32 1280 37 1326 14 1345 46 1422 18 1442 1 1450 15 1488 33 1536 38 1577 2 1581 66 1679 16 1706 14 1745 31 1792 111 1937 2 1963 11 2003 29 2048 111 2220 9 2259 30 2301 2 2304 111 2477 8 2515 30 2560 57 2618 2 2621 50 2735 5 2771 29 2816 55 2875 52 3028 27 3072 44 3117 10 3131 51 3285 26 3328 44 3378 4 3386 52 3479 5 3487 2 3542 14 3558 6 3584 41 3635 3 3642 51 3735 12 3798 13 3814 4 3840 40 3885 2 3891 3 3895 53 3990 14 4054 18 4091 1 4096 40 4141 3 4147 2 4150 53 4246 15 4310 17 4347 2 4350 43 4403 2 4407 1 4410 2 4414 43 4502 17 4566 15 4603 1 4606 42 4671 42 4757 19 4823 5 4831 5 4862 42 4920 48 5013 21 5081 1 5090 2 5118 41 5174 49 5269 22 5335 4 5345 1 5347 1 5374 39 5430 47 5526 22 5585 4 5591 4 5622 1 5630 39 5687 46 5753 2 5783 22 5839 13 5886 39 5927 3 5943 33 5977 12 6005 7 6039 25 6094 15 6142 45 6199 46 6259 10 6296 25 6339 4 6349 16 6398 45 6455 47 6513 13 6552 27 6594 28 6625 6 6652 47 6710 47 6769 14 6808 27 6850 41 6906 49 6963 46 7010 3 7025 14 7064 27 7106 45 7157 4 7162 50 7218 43 7262 1 7281 13 7320 27 7350 2 7361 47 7413 1 7416 48 7465 3 7474 38 7515 1 7538 11 7575 28 7606 2 7617 49 7668 51 7723 1 7731 36 7795 10 7831 28 7873 101 7979 2 7985 42 8051 10 8084 32 8129 98 8228 2 8235 2 8239 44 8307 10 8340 35 8384 95 8491 46 8563 10 8597 138 8748 40 8791 1 8819 9 8853 139 9003 41 9046 3 9082 2 9110 139 9259 46 9323 2 9338 2 9365 140 9515 44 9578 7 9594 2 9621 139 9771 44 9834 7 9875 138 10027 41 10087 20 10133 136 10282 42 10343 20 10388 137 10538 43 10601 20 10634 2 10638 1 10643 138 10793 44 10851 1 10857 20 10887 149 11048 48 11099 1 11102 1 11106 2 11110 23 11141 150 11299 1 11304 86 11397 151 11555 94 11651 153 11811 252 12066 254 12321 508 12831 254 13086 33199 46288 253 46548 245 46805 192 47001 2 47005 43 47061 192 47255 4 47261 43 47317 192 47516 44 47572 192 47772 44 47828 192 48030 47 48083 192 48286 18 48305 28 48339 191 48549 8 48561 16 48578 14 48594 193 48808 1 48817 14 48832 16 48851 194 49073 13 49087 214 49330 3 49335 224 49593 223 49849 224 50103 228 50359 228 50610 233 50865 234 51121 234 51375 237 51622 248 51877 249 52130 253 52386 3863 56252 253 56509 250 56762 21 56786 2 56792 223 57018 19 57048 224 57273 20 57296 1 57303 246 57550 3 57559 246 57815 245 58072 241 58314 1 58327 242 58583 242 58838 243 59093 244 59349 244 59605 244 59859 246 60115 245 60371 245 60627 244 60875 3 60883 244 61132 1 61139 244 61391 248 61645 250 61901 250 62157 250 62413 251 62669 251 62924 254 63180 2356
919234,0 8594 8598 1 8601 248 8857 244 9113 244 9369 245 9625 245 9881 246 10129 6 10137 254 10393 14952 25351 249 25607 249 25864 248 26120 248 26376 248 26633 247 26889 247 27145 247 27401 247 27658 246 27914 189 28104 56 28169 190 28361 56 28424 191 28617 60 28679 192 28874 251 29131 250 29387 250 29643 250 29899 249 30155 249 30411 248 30668 247 30923 249 31179 249 31435 250 31688 253 31943 26641 58586 253 58843 251 59099 250 59356 248 59613 15 59629 227 59869 11 59885 226 60125 10 60141 226 60383 6 60399 224 60640 5 60655 228 60912 227 61168 229 61425 3 61430 223 61682 1 61687 223 61944 222 62201 222 62457 222 62713 221 62969 221 63225 201 63427 18 63481 200 63685 16 63738 197 63942 15 63995 195 64198 15 64252 195 64454 16 64508 195 64710 16 64763 197 64967 14 65019 198 65223 14 65274 199 65479 14 65529 7
925045,0 65536
927607,0 15 189 28 256 15 445 27 512 14 701 27 768 14 957 26 1024 14 1213 26 1280 14 1469 26 1536 14 1725 25 1792 14 1981 25 2048 14 2237 25 2304 14 2431 3 2493 25 2560 13 2687 3 2749 25 2816 13 2943 2 3006 24 3072 12 3263 23 3328 3 3521 21 3584 2 3779 19 3841 1 4042 12 4299 10 4556 9 4812 9 5069 6 5327 2 8600 5 8632 4 8855 7 8887 6 9110 9 9140 11 9365 11 9395 12 9621 12 9650 13 9877 12 9906 13 10133 14 10161 15 10389 14 10417 15 10625 4 10644 15 10673 15 10881 4 10900 16 10929 15 11136 7 11155 18 11185 15 11391 8 11411 18 11441 15 11647 10 11665 22 11697 15 11903 14 11920 23 11954 13 12160 41 12211 11 12416 41 12465 12 12673 42 12719 9 12929 42 12975 9 13187 40 13230 11 13447 36 13486 11 13704 33 13741 12 13960 33 13997 12 14217 18 14236 11 14254 11 14473 10 14484 5 14494 7 14510 10 14729 10 14766 9 14985 10 15022 9 15241 10 15280 5 15497 10 15753 10 16009 10 16266 9 16523 7 16573 6 16781 4 16828 9 17083 13 17303 2 17338 18 17558 6 17594 19 17813 10 17850 21 18069 10 18106 21 18325 11 18362 22 18581 11 18618 23 18837 12 18875 22 19093 14 19131 23 19350 14 19387 24 19607 14 19643 24 19863 15 19899 24 20119 15 20155 25 20376 15 20413 23 20632 15 20669 23 20886 17 20926 21 21141 18 21183 19 21397 18 21441 14 21652 19 21697 11 21908 19 21955 7 22164 18 22213 4 22420 17 22676 17 22933 15 23189 14 23445 13 23702 11 23961 7 24219 1 30921 2 31175 6 31429 8 31684 10 31940 11 32195 12 32451 12 32706 13 32778 3 32961 14 33031 17 33213 18 33286 19 33467 20 33540 21 33722 21 33795 23 33977 23 34050 25 34094 6 34233 24 34305 27 34338 2 34350 7 34489 24 34560 29 34590 9 34605 11 34745 24 34816 40 34860 14 35001 25 35072 41 35116 17 35257 26 35328 41 35371 18 35513 25 35584 63 35769 24 35840 64 36026 22 36096 65 36282 21 36352 65 36539 20 36608 65 36795 18 36864 65 37051 18 37120 67 37307 18 37376 67 37563 18 37632 69 37818 19 37888 69 38073 19 38144 69 38328 20 38400 69 38584 20 38656 69 38839 21 38913 68 39095 21 39171 66 39350 22 39427 66 39606 22 39685 63 39863 21 39941 62 40119 21 40156 3 40197 62 40375 20 40411 6 40453 61 40632 19 40667 6 40709 60 40889 17 40925 4 40965 60 41147 15 41181 4 41221 58 41405 12 41436 6 41477 58 41661 12 41691 8 41731 60 41921 4 41947 8 41987 60 42203 8 42240 63 42459 8 42496 63 42715 8 42752 62 42971 8 43008 61 43228 7 43264 47 43318 7 43520 47 43575 5 43776 5 43783 38 43960 7 44032 5 44039 37 44215 9 44288 4 44293 36 44469 12 44544 4 44549 35 44725 12 44800 35 44980 13 45056 34 45236 13 45312 29 45492 13 45568 27 45748 13 45824 23 46004 12 46080 23 46165 5 46261 11 46336 6 46345 11 46417 12 46517 8 46592 5 46602 9 46671 14 46848 3 46859 6 46926 17 47104 2 47115 6 47181 19 47360 1 47368 10 47436 21 47529 7 47624 11 47692 21 47784 11 47879 12 47947 23 48039 16 48135 13 48202 25 48294 17 48392 13 48457 26 48550 17 48648 13 48713 26 48806 17 48904 13 48968 27 49062 17 49160 13 49223 27 49318 17 49415 14 49477 30 49573 18 49669 16 49733 30 49829 18 49923 20 49987 32 50030 1 50065 2 50086 17 50110 6 50178 21 50242 33 50287 1 50319 6 50342 17 50365 7 50432 24 50497 35 50543 1 50574 10 50599 15 50621 8 50688 24 50753 36 50823 4 50829 13 50855 15 50877 8 50944 25 51008 38 51077 22 51117 8 51132 9 51200 25 51264 37 51331 24 51377 2 51388 9 51456 25 51520 37 51587 24 51645 8 51712 25 51776 37 51841 27 51901 8 51968 25 52022 44 52096 29 52158 6 52224 25 52278 43 52351 30 52386 3 52415 4 52480 25 52533 43 52604 34 52641 10 52736 25 52789 43 52859 36 52896 11 52992 24 53044 40 53103 2 53109 55 53248 24 53299 40 53353 68 53504 23 53555 34 53605 72 53760 23 53811 32 53861 74 54016 22 54066 32 54117 75 54272 21 54321 33 54372 77 54528 20 54578 30 54609 2 54627 79 54784 20 54834 30 54866 1 54883 80 55040 19 55090 30 55137 82 55296 19 55343 2 55346 28 55392 83 55552 17 55597 30 55645 87 55808 15 55849 29 55898 90 56064 15 56102 31 56150 95 56320 12 56333 3 56357 32 56405 96 56577 16 56613 34 56658 99 56833 3 56838 13 56869 35 56914 99 57095 13 57119 24 57148 20 57169 100 57345 2 57349 15 57373 26 57405 120 57601 21 57627 28 57663 118 57857 21 57883 28 57921 115 58112 22 58139 28 58177 114 58368 21 58395 28 58434 112 58624 22 58647 32 58690 110 58880 54 58946 109 59136 54 59201 108 59392 55 59457 108 59604 3 59648 55 59715 108 59859 8 59904 55 59971 108 60115 8 60160 54 60227 110 60369 10 60416 54 60483 110 60597 2 60625 11 60672 54 60739 124 60881 12 60928 54 60995 125 61137 12 61184 54 61251 91 61343 34 61393 14 61440 54 61507 90 61599 36 61649 14 61696 53 61763 90 61856 35 61905 14 61952 53 62019 90 62112 35 62161 14 62208 52 62275 128 62418 12 62464 52 62531 128 62674 11 62720 50 62789 126 62932 9 62976 49 63045 126 63194 2 63232 48 63301 125 63488 47 63557 125 63733 2 63744 47 63805 1 63809 129 63989 2 64000 46 64059 97 64157 37 64245 2 64256 45 64314 97 64413 36 64499 4 64512 45 64570 98 64669 36 64755 4 64768 45 64825 98 64925 35 65011 4 65024 45 65081 98 65180 36 65267 5 65280 45 65337 135 65523 6
927691,0 9823 9825 252 10079 32033 42113 254 42368 23168
933048,1 26 39 4 44 1 48 29 81 10 97 7 115 114 252 3 256 7 275 6 308 23 355 3 377 106 512 6 531 1 534 2 564 23 612 1 634 105 768 5 787 5 821 22 868 1 883 112 1024 5 1041 7 1076 23 1124 1 1139 112 1280 5 1288 16 1332 23 1385 1 1395 114 1531 1 1536 6 1543 17 1588 23 1645 1 1651 115 1781 2 1787 1 1792 25 1843 24 1901 3 1908 116 2037 2 2043 1 2048 25 2099 24 2157 4 2164 116 2288 2 2292 3 2298 3 2304 25 2355 4 2361 17 2392 3 2413 5 2420 72 2494 7 2504 33 2544 2 2548 3 2553 4 2560 24 2598 2 2611 4 2617 17 2646 6 2669 6 2677 70 2751 4 2756 1 2760 32 2805 2 2810 2 2816 23 2853 6 2873 15 2901 7 2925 6 2934 69 3007 1 3017 24 3044 3 3072 19 3109 6 3129 14 3156 2 3159 4 3181 6 3192 66 3272 25 3300 3 3328 7 3339 7 3365 2 3381 1 3387 2 3412 2 3416 3 3441 1 3449 64 3528 24 3556 3 3584 6 3596 6 3621 3 3643 1 3673 2 3709 59 3789 4 3798 10 3813 1 3840 5 3877 3 3929 3 3966 57 4060 3 4096 5 4122 1 4133 2 4185 3 4223 55 4317 2 4325 1 4352 5 4378 1 4388 3 4441 2 4479 55 4581 1 4608 5 4634 1 4645 2 4698 1 4735 53 4864 5 4890 2 4900 3 4955 1 4991 53 5066 3 5120 5 5145 3 5156 3 5210 2 5247 52 5320 6 5376 5 5401 3 5412 2 5504 53 5575 7 5632 5 5658 2 5761 51 5830 9 5888 3 5923 1 6017 51 6085 10 6098 1 6145 4 6179 2 6273 56 6341 10 6353 2 6400 5 6425 2 6529 50 6580 4 6585 4 6593 1 6599 8 6612 2 6656 2 6660 1 6681 2 6785 50 6837 2 6841 4 6855 8 6912 2 6915 2 6938 1 7042 47 7097 5 7115 4 7168 2 7171 2 7259 1 7298 44 7353 5 7372 2 7424 2 7556 41 7609 4 7680 2 7706 1 7813 35 7850 2 7865 4 7936 1 7962 1 8070 33 8113 2 8122 3 8249 2 8311 6 8326 33 8368 3 8378 3 8565 8 8582 33 8624 2 8821 10 8838 33 8880 2 9075 13 9093 31 9136 3 9331 14 9348 31 9392 3 9585 49 9676 1 9818 1 9841 48 9931 2 10074 1 10096 48 10187 2 10329 2 10352 46 10443 3 10609 1 10613 26 10641 5 10653 1 10700 1 10871 23 11129 19 11385 14 11400 5 11645 16 11720 1 11901 8 11912 5 12156 8 12169 4 12187 2 12379 1 12412 7 12425 4 12443 2 12634 2 12667 6 12700 1 12890 2 12922 7 13177 8 13433 7 13689 5 13945 4 14491 2 14740 1 14745 6 14753 1 15001 7 15256 8 15513 6 15791 2 16047 2 16303 1 17519 1 32673 1 32929 2 37549 3 37830 1 38085 2 38327 1 38341 6 38582 2 38597 6 38816 2 38828 2 38853 5 39083 3 39109 4 39309 3 39364 1 39368 1 39566 1 39606 1 39623 1 39861 4 39877 3 40115 6 40131 5 40371 7 40386 5 40627 8 40642 4 40882 18 41137 20 41384 3 41393 22 41640 3 41649 22 41888 6 41895 4 41905 20 42143 10 42160 21 42421 14 42678 9 43493 5 43749 5 44005 4 44236 2 44259 6 44485 8 44741 8 44790 2 44996 9 45252 9 45509 5 45765 2 48315 2 48555 2 48809 4 49064 3 49147 1 49328 1 49403 2 49564 3 49581 4 49659 2 49819 4 49836 5 49915 1 50075 8 50090 7 50149 2 50330 9 50345 8 50404 3 50586 9 50599 6 50608 1 50628 1 50842 8 50855 4 50883 1 50888 4 51099 11 51111 2 51138 1 51143 4 51164 2 51172 3 51355 2 51359 7 51368 1 51397 6 51420 1 51427 4 51619 2 51652 3 51657 1 51683 4 51707 5 51908 3 51940 2 51955 1 51962 6 52163 2 52197 2 52209 15 52420 1 52452 3 52464 16 52669 2 52684 2 52707 5 52719 17 52926 1 52939 4 52963 4 52976 16 53195 2 53201 8 53219 4 53227 2 53232 16 53455 10 53475 4 53480 5 53488 16 53705 1 53709 8 53731 9 53744 16 53959 2 53965 6 53987 8 54000 16 54210 7 54221 5 54243 8 54257 15 54465 10 54476 7 54499 6 54506 1 54513 15 54608 3 54720 23 54760 4 54769 15 54865 2 54976 11 54989 10 55015 5 55024 16 55121 3 55233 4 55240 3 55246 9 55270 5 55279 17 55377 2 55488 5 55503 8 55525 4 55535 17 55675 2 55698 12 55744 1 55747 2 55765 1 55791 17 55930 3 55953 14 55969 3 56003 2 56047 17 56185 5 56208 20 56239 8 56259 2 56306 2 56311 9 56441 6 56450 1 56464 20 56495 8 56515 2 56561 3 56567 9 56697 15 56720 2 56727 12 56750 12 56770 4 56805 1 56817 2 56823 9 56954 14 56984 11 57005 14 57025 6 57079 9 57210 12 57239 12 57263 12 57280 8 57290 3 57332 12 57465 12 57494 13 57519 12 57535 14 57564 2 57577 2 57585 1 57587 13 57721 11 57745 16 57775 12 57792 11 57832 2 57841 15 57977 10 58001 6 58008 7 58031 3 58037 5 58048 7 58056 1 58087 1 58097 15 58233 10 58256 1 58267 4 58286 3 58293 4 58304 12 58334 1 58353 5 58359 9 58444 1 58489 10 58512 1 58523 3 58541 12 58560 15 58589 2 58608 5 58615 9 58699 2 58718 1 58745 8 58799 11 58816 15 58836 2 58843 4 58857 11 58869 11 58954 3 58974 1 59001 8 59056 3 59072 16 59090 2 59097 6 59110 26 59210 3 59258 7 59312 2 59325 34 59363 29 59465 6 59477 1 59513 7 59567 3 59579 35 59619 29 59717 2 59721 7 59731 1 59769 4 59817 1 59823 2 59833 32 59873 31 59973 2 59978 10 60026 3 60079 2 60088 33 60132 28 60227 4 60234 10 60283 2 60312 3 60323 1 60327 1 60333 5 60342 25 60370 5 60389 4 60394 22 60483 3 60490 4 60495 4 60504 2 60509 3 60538 4 60567 4 60578 3 60587 7 60597 25 60627 3 60645 27 60759 4 60765 2 60793 6 60807 2 60823 2 60833 1 60843 6 60852 19 60872 5 60883 2 60900 28 61013 5 61021 2 61049 9 61060 7 61079 1 61088 1 61099 6 61107 13 61122 5 61130 3 61155 29 61269 4 61304 13 61320 4 61342 3 61347 2 61355 20 61379 5 61385 4 61407 2 61411 29 61561 12 61576 6 61597 33 61636 9 61663 2 61667 29 61801 5 61817 12 61830 11 61846 2 61850 36 61893 2 61896 2 61917 35 62009 1 62057 5 62073 24 62101 40 62153 1 62173 35 62265 2 62282 5 62290 1 62297 2 62312 7 62328 69 62407 4 62427 37 62517 2 62521 2 62537 11 62551 4 62560 4 62568 8 62578 1 62583 71 62655 2 62660 7 62683 37 62772 9 62793 18 62815 5 62825 6 62834 1 62838 75 62916 8 62938 38 63030 7 63048 18 63070 9 63081 6 63089 2 63093 76 63173 7 63194 38 63289 3 63304 17 63325 8 63338 9 63349 69 63429 7 63449 39 63560 17 63581 4 63595 78 63683 9 63696 4 63705 39 63816 11 63837 3 63851 78 63939 5 63949 7 63961 39 64070 13 64093 3 64107 78 64196 3 64201 2 64204 8 64216 40 64313 3 64323 17 64348 5 64365 6 64373 66 64452 60 64567 5 64579 17 64603 7 64622 3 64626 1 64629 66 64699 1 64708 62 64835 18 64859 10 64885 73 64964 62 65092 17 65115 10 65141 73 65220 60 65349 16 65373 3 65377 3 65398 71 65476 60
938416,21 12 278 11 534 11 791 10 1047 10 1304 7 1562 3 15088 4 15101 2 15340 10 15353 7 15594 12 15609 7 15848 24 16104 24 16359 25 16615 25 16870 26 17126 26 17381 27 17637 27 17893 27 18148 28 18402 30 18655 33 18909 35 19165 35 19420 36 19675 37 19925 43 20180 44 20435 45 20690 46 20946 46 21202 46 21457 47 21713 47 21970 46 22226 46 22482 46 22738 46 22994 46 23250 46 23506 46 23762 46 24019 45 24275 45 24531 45 24787 45 25043 45 25299 45 25555 45 25811 45 26067 45 26277 4 26323 45 26531 8 26578 46 26787 8 26833 47 27042 9 27086 50 27298 10 27341 51 27553 11 27596 52 27809 12 27852 52 28065 12 28108 52 28321 12 28364 52 28577 11 28620 52 28834 10 28877 51 29091 8 29133 51 29347 6 29389 51 29645 51 29901 51 30155 53 30411 53 30667 52 30901 3 30922 53 31151 13 31177 54 31405 17 31433 54 31661 18 31688 56 31916 20 31943 49 31993 7 32167 26 32199 49 32249 7 32419 30 32455 48 32505 7 32674 32 32711 47 32762 6 32929 34 32967 47 33018 6 33184 37 33224 45 33274 6 33440 36 33480 44 33529 7 33695 37 33737 42 33785 7 33951 38 33993 42 34040 8 34205 42 34249 40 34296 8 34461 42 34505 39 34551 9 34716 83 34807 9 34971 84 35063 9 35227 84 35315 13 35483 85 35571 1 35573 11 35739 85 35827 1 35829 11 35995 86 36082 14 36252 100 36508 100 36765 99 37021 99 37276 100 37521 111 37777 111 38032 112 38287 111 38543 110 38797 115 39053 115 39307 117 39563 117 39818 118 40074 118 40330 118 40586 118 40842 118 41099 18 41119 97 41356 13 41376 96 41614 5 41632 96 41888 96 42143 97 42397 99 42653 99 42907 101 43163 101 43419 101 43675 101 43931 26 43959 18 43978 1 43982 3 43991 2 43997 35 44186 28 44216 17 44239 2 44253 35 44442 28 44473 16 44496 1 44509 35 44698 29 44729 16 44765 35 44954 33 44989 10 45001 3 45021 35 45209 30 45240 3 45245 2 45248 3 45253 1 45256 5 45277 35 45465 28 45497 1 45511 10 45535 33 45721 28 45765 13 45791 33 45977 28 46009 1 46019 16 46047 33 46232 28 46265 2 46275 17 46303 33 46488 27 46529 63 46744 27 46786 62 47000 27 47041 63 47256 27 47297 63 47513 27 47553 63 47769 28 47809 63 48025 28 48065 63 48282 27 48321 63 48539 26 48578 62 48795 26 48833 63 49051 26 49089 63 49307 25 49344 64 49563 24 49597 67 49819 22 49853 67 50076 19 50107 69 50331 13 50345 5 50363 69 50587 12 50618 70 50845 9 50874 70 51101 9 51129 71 51358 1 51362 4 51384 72 51593 7 51614 1 51620 1 51639 73 51847 10 51870 2 51895 73 52101 14 52149 75 52357 14 52405 75 52611 17 52659 77 52866 19 52915 77 53121 20 53166 49 53217 31 53376 21 53420 50 53473 31 53631 24 53676 49 53732 28 53887 25 53934 46 53989 27 54143 25 54182 1 54191 1 54195 40 54246 26 54398 27 54437 4 54447 42 54502 26 54653 44 54703 36 54759 25 54909 47 54959 1 54961 33 55015 25 55159 57 55217 31 55271 25 55413 90 55527 25 55667 87 55783 25 55922 87 56039 25 56177 88 56294 26 56433 88 56549 27 56688 89 56805 27 56944 89 57060 28 57200 90 57315 29 57455 92 57571 29 57711 92 57827 29 57967 92 58082 30 58223 92 58338 30 58479 92 58594 30 58683 5 58735 92 58849 31 58938 8 58991 93 59105 31 59192 12 59247 94 59361 31 59447 13 59503 94 59617 31 59651 4 59703 14 59721 2 59760 94 59874 30 59905 7 59959 14 59976 5 60016 94 60130 42 60214 15 60232 7 60273 94 60386 43 60471 13 60488 8 60530 93 60641 46 60727 14 60743 9 60787 91 60896 48 60983 25 61043 91 61151 51 61239 25 61298 92 61406 53 61496 24 61554 92 61659 58 61754 22 61810 91 61913 60 62010 22 62066 91 62166 1 62169 62 62267 20 62322 91 62417 70 62523 20 62577 166 62780 17 62834 165 63037 16 63090 166 63295 13 63347 165 63552 13 63603 165 63781 6 63808 14 63859 165 64036 8 64059 1 64062 17 64115 168 64289 12 64314 21 64372 167 64544 13 64571 21 64629 163 64800 13 64826 28 64885 162 65056 13 65082 29 65141 107 65249 50 65313 12 65338 29 65397 107 65505 31
942725,0 40 72 1 79 20 153 44 256 39 337 17 410 43 512 39 593 16 666 43 768 39 849 16 921 43 1024 9 1034 29 1105 16 1177 43 1280 7 1292 26 1360 16 1434 42 1536 6 1548 26 1616 16 1690 42 1792 5 1804 25 1872 15 1947 40 2048 5 2060 25 2128 15 2203 40 2304 6 2317 24 2385 13 2460 40 2560 7 2573 23 2641 12 2717 40 2816 6 2831 20 2898 9 2975 40 3041 2 3072 5 3087 20 3155 6 3232 39 3295 6 3343 20 3490 38 3549 10 3599 20 3683 2 3746 39 3804 12 3856 19 3936 7 4002 41 4057 22 4112 19 4191 9 4257 43 4309 30 4369 18 4446 11 4511 49 4561 36 4625 18 4702 11 4767 86 4881 18 4958 11 5023 89 5137 19 5214 11 5279 90 5393 20 5471 10 5535 92 5649 20 5727 6 5734 2 5791 92 5905 20 6049 6 6063 2 6067 77 6161 20 6306 3 6325 75 6417 21 6581 75 6672 23 6836 76 6928 23 7091 77 7183 23 7344 80 7439 20 7599 81 7696 17 7855 81 7952 15 8020 8 8031 8 8043 8 8107 85 8207 16 8274 22 8298 11 8361 87 8463 16 8529 39 8617 87 8719 16 8784 41 8873 87 8975 17 9039 50 9129 87 9232 16 9295 53 9385 87 9488 17 9550 60 9641 87 9745 16 9806 62 9897 87 10001 15 10061 64 10154 86 10257 15 10317 66 10411 85 10513 16 10547 5 10573 66 10669 83 10770 15 10803 5 10829 66 10926 82 11027 16 11057 8 11077 3 11085 66 11186 78 11283 18 11311 12 11330 7 11340 67 11443 77 11539 21 11565 97 11701 75 11795 22 11820 98 11957 75 12051 122 12213 75 12307 122 12470 74 12563 121 12727 73 12819 120 12983 73 13074 121 13240 72 13329 120 13497 71 13585 118 13755 5 13764 60 13841 118 14021 59 14095 119 14279 57 14350 120 14536 56 14605 120 14793 55 14849 3 14861 75 14938 43 15050 62 15117 73 15195 41 15307 62 15371 73 15451 41 15563 133 15707 40 15820 131 15964 39 16077 130 16220 37 16334 129 16476 37 16592 127 16733 35 16850 125 16989 34 17106 111 17219 10 17245 12 17259 18 17364 108 17475 10 17502 11 17516 17 17621 106 17733 8 17759 8 17775 12 17879 104 17994 2 18017 4 18031 10 18135 9 18148 90 18290 5 18332 7 18405 89 18511 4 18546 5 18587 8 18661 88 18766 6 18801 8 18843 9 18918 87 19022 6 19056 9 19098 11 19175 86 19279 6 19310 17 19354 11 19431 86 19535 6 19566 19 19609 13 19687 86 19792 4 19821 22 19865 14 19943 17 19966 63 20049 2 20077 23 20121 14 20199 16 20224 59 20333 24 20377 14 20455 12 20480 59 20589 24 20632 16 20711 11 20736 57 20845 26 20888 16 20959 4 20967 10 20992 57 21101 26 21144 16 21214 6 21223 10 21248 56 21356 29 21401 15 21469 8 21480 8 21504 22 21528 31 21581 2 21611 30 21657 15 21725 8 21737 6 21760 21 21785 30 21831 8 21863 35 21913 14 21980 10 22016 21 22041 29 22087 8 22118 37 22170 12 22236 11 22272 20 22299 26 22342 6 22359 9 22373 38 22427 10 22493 10 22528 20 22555 26 22599 4 22615 10 22629 38 22684 7 22749 10 22784 2 22787 16 22814 23 22871 13 22885 38 23005 10 23040 1 23045 14 23071 21 23127 51 23262 9 23303 11 23329 18 23383 50 23520 6 23561 8 23638 50 23778 2 23894 48 24001 11 24150 47 24256 13 24405 48 24511 18 24615 6 24661 48 24767 18 24868 11 24916 48 25023 20 25123 12 25172 47 25279 20 25378 13 25427 48 25535 20 25634 14 25683 48 25791 20 25889 15 25940 47 26048 19 26145 15 26197 46 26305 18 26401 15 26456 7 26467 30 26562 17 26658 14 26716 3 26720 1 26723 30 26819 16 26879 1 26915 13 26972 36 27078 12 27127 9 27171 12 27228 36 27335 10 27381 11 27429 9 27474 45 27594 5 27635 13 27686 7 27729 46 27891 13 27982 49 28146 14 28237 50 28402 14 28493 55 28658 14 28749 56 28821 5 28913 15 29005 58 29074 15 29169 15 29261 59 29329 16 29425 15 29517 60 29584 18 29681 15 29773 60 29840 18 29937 15 30029 62 30096 17 30193 15 30285 62 30352 17 30449 15 30541 63 30607 17 30705 15 30798 82 30961 15 31054 81 31217 15 31310 81 31473 15 31567 78 31729 15 31823 42 31867 34 31985 15 32079 40 32128 28 32241 15 32335 38 32384 28 32497 15 32591 36 32641 26 32753 15 32847 35 32896 28 33010 14 33104 33 33152 29 33267 13 33360 33 33409 28 33523 13 33617 30 33665 29 33784 8 33874 27 33920 30 34043 5 34132 23 34176 30 34299 5 34389 22 34432 29 34556 4 34647 18 34688 29 34811 5 34903 18 34944 29 35067 5 35161 16 35200 29 35322 6 35417 16 35457 28 35577 7 35674 14 35713 28 35831 9 35931 12 35969 28 36085 11 36122 6 36187 12 36226 28 36339 13 36377 7 36444 10 36482 29 36593 15 36632 9 36701 8 36738 29 36847 17 36888 9 36957 8 36993 31 37103 17 37144 10 37243 37 37283 5 37290 3 37355 21 37400 10 37499 37 37538 13 37611 21 37657 8 37753 57 37864 24 37913 8 38009 58 38119 25 38171 4 38265 60 38375 25 38520 61 38630 26 38776 62 38885 27 39031 64 39141 27 39283 1 39285 66 39396 28 39537 70 39652 31 39791 71 39908 38 40047 70 40163 41 40302 71 40419 42 40488 3 40558 71 40675 42 40741 15 40813 74 40931 43 40997 18 41069 79 41187 44 41253 18 41325 88 41443 45 41509 19 41581 39 41621 52 41699 48 41764 19 41838 37 41883 48 41954 49 42020 19 42095 35 42139 48 42209 52 42275 20 42357 29 42395 50 42465 52 42531 18 42615 26 42651 50 42720 53 42787 17 42874 24 42907 50 42976 53 43043 16 43131 23 43163 50 43232 53 43300 15 43390 20 43419 50 43489 52 43556 14 43648 1 43658 8 43674 51 43745 52 43813 12 43917 4 43929 52 44003 50 44069 12 44185 53 44240 5 44260 1 44267 8 44279 30 44325 12 44440 69 44538 27 44582 10 44696 70 44795 28 44839 8 44951 73 45056 23 45095 7 45207 74 45312 23 45350 5 45462 76 45568 24 45605 7 45718 77 45824 25 45861 8 45974 78 46080 27 46116 9 46230 78 46336 31 46371 11 46487 78 46592 32 46626 13 46743 78 46848 48 47002 77 47104 49 47260 76 47360 50 47518 75 47616 51 47775 74 47872 54 48031 75 48128 56 48287 76 48384 57 48543 78 48640 57 48799 78 48896 58 49055 80 49152 58 49311 10 49327 66 49408 59 49567 8 49598 54 49664 59 49824 7 49855 54 49920 59 50113 54 50176 59 50369 55 50432 59 50624 60 50688 59 50880 61 50944 59 51135 62 51200 59 51390 64 51456 58 51645 65 51712 58 51901 66 51968 56 52074 8 52156 67 52224 56 52297 4 52308 5 52327 13 52412 67 52480 55 52551 24 52581 16 52668 67 52736 55 52806 27 52836 18 52925 65 52992 54 53055 2 53061 50 53181 64 53248 53 53311 57 53437 64 53504 9 53517 23 53544 13 53567 58 53694 62 53760 9 53774 1 53778 17 53801 12 53823 58 53951 61 54016 8 54038 9 54060 7 54077 63 54208 60 54272 8 54296 3 54332 65 54466 58 54528 8 54588 69 54725 55 54784 8 54844 69 54983 54 55040 8 55100 71 55241 53 55296 8 55355 72 55497 63 55611 73 55756 59 55867 73 56014 57 56124 73 56273 54 56380 73 56529 53 56637 72 56786 52 56893 71 57042 51 57149 70 57297 51 57405 70 57553 50 57661 70 57809 50 57917 70 58065 50 58172 71 58320 45 58367 4 58427 73 58576 44 58624 2 58683 74 58833 42 58939 74 59089 42 59179 8 59194 75 59345 42 59435 10 59449 77 59601 40 59689 13 59705 78 59858 38 59945 14 59960 80 60115 36 60200 73 60275 22 60371 33 60455 73 60532 21 60629 26 60711 72 60788 29 60869 9 60886 23 60966 73 61044 29 61125 10 61143 21 61184 2 61221 72 61300 30 61380 14 61410 9 61440 3 61477 72 61556 31 61636 15 61667 7 61696 5 61733 72 61812 31 61891 17 61952 5 61989 72 62068 31 62123 3 62147 18 62208 6 62245 71 62325 30 62375 9 62403 18 62464 6 62501 71 62581 30 62630 11 62659 19 62720 7 62757 70 62838 30 62885 13 62915 19 62976 7 63013 70 63095 29 63141 13 63171 19 63232 8 63269 66 63353 27 63395 16 63427 19 63488 9 63526 61 63610 26 63651 16 63683 19 63744 9 63783 56 63867 25 63904 19 63939 18 64000 9 64040 54 64123 26 64155 24 64195 18 64256 9 64298 47 64380 56 64452 17 64512 9 64555 46 64637 55 64709 15 64768 9 64812 45 64895 53 64965 14 65024 9 65068 45 65151 53 65222 13 65280 9 65325 43 65408 23 65434 26 65478 12
944809,19 16 38 19 73 45 119 137 276 2 281 2 286 3 301 11 331 41 377 135 532 2 537 2 542 3 557 10 587 22 611 16 633 135 779 2 787 9 798 5 812 9 843 21 867 16 890 4 903 121 1034 3 1043 10 1054 5 1068 9 1099 20 1123 16 1146 4 1159 124 1290 5 1300 15 1323 9 1355 35 1395 3 1403 3 1408 3 1413 111 1526 13 1546 5 1556 15 1577 11 1611 35 1651 3 1664 7 1672 108 1781 16 1802 6 1813 8 1823 21 1866 37 1906 4 1919 6 1929 124 2059 6 2069 7 2079 21 2122 37 2161 4 2175 6 2185 123 2315 8 2327 4 2337 20 2379 32 2418 3 2430 8 2440 124 2571 8 2583 2 2593 21 2635 32 2674 3 2680 3 2686 134 2827 8 2849 10 2861 9 2893 30 2925 2 2930 1 2943 1 2949 8 2958 118 3083 8 3106 5 3118 8 3149 31 3181 2 3199 1 3205 8 3214 119 3340 6 3363 2 3374 3 3405 28 3461 8 3471 118 3596 5 3619 2 3631 2 3662 27 3717 8 3727 118 3918 26 3973 4 3981 104 4087 15 4175 25 4229 2 4237 104 4343 16 4389 3 4432 25 4483 3 4492 103 4599 16 4647 2 4689 24 4740 1 4747 105 4854 15 4902 4 4939 2 4949 20 5002 118 5157 6 5195 3 5206 18 5247 2 5257 119 5401 4 5411 10 5449 7 5461 15 5511 6 5518 114 5641 3 5657 6 5667 10 5705 7 5717 15 5767 4 5774 114 5897 3 5912 7 5924 7 5963 4 5974 13 6023 5 6031 113 6153 3 6167 7 6180 7 6231 12 6249 2 6279 5 6287 113 6409 2 6421 8 6436 8 6487 11 6503 4 6537 119 6677 9 6691 9 6743 10 6759 4 6793 119 6937 8 6947 10 6999 11 7014 2 7051 104 7158 10 7193 20 7253 14 7269 2 7308 103 7415 9 7451 10 7465 4 7509 17 7564 3 7568 112 7708 8 7722 4 7765 16 7819 4 7824 112 7965 6 8024 13 8071 121 8222 5 8281 11 8327 121 8537 10 8582 122 8793 10 8837 123 9013 4 9050 9 9093 123 9269 4 9306 8 9349 123 9515 3 9525 3 9562 4 9574 3 9605 110 9718 10 9771 4 9781 4 9817 4 9830 3 9841 2 9861 110 9974 10 10027 4 10037 3 10072 5 10097 8 10116 102 10219 21 10284 3 10293 3 10327 5 10353 8 10372 124 10519 3 10540 3 10583 5 10609 4 10627 125 10775 4 10837 7 10848 2 10865 4 10882 126 11031 3 11096 1 11103 4 11120 4 11138 126 11287 3 11359 2 11375 6 11391 2 11394 126 11543 3 11560 3 11629 10 11647 129 11798 4 11816 3 11885 12 11902 5 11911 121 12052 6 12073 1 12101 1 12133 5 12139 6 12146 15 12167 121 12308 6 12357 1 12389 12 12402 15 12424 120 12564 2 12587 2 12613 4 12645 6 12653 11 12667 6 12683 117 12842 5 12869 4 12900 7 12910 9 12923 6 12940 116 13098 4 13125 4 13154 8 13167 5 13179 6 13187 2 13195 106 13302 10 13324 1 13381 4 13408 10 13423 4 13435 10 13449 119 13579 2 13588 1 13636 9 13662 13 13679 4 13689 27 13718 106 13835 2 13844 2 13855 1 13892 9 13912 3 13917 15 13935 4 13944 27 13974 15 13991 89 14091 2 14107 11 14148 10 14167 4 14173 16 14191 5 14198 28 14230 15 14247 89 14362 13 14404 11 14423 4 14430 15 14447 19 14467 10 14479 2 14486 15 14503 89 14618 13 14659 13 14687 14 14703 30 14735 113 14874 13 14918 11 14944 13 14959 12 14973 15 14991 113 15129 14 15175 11 15201 12 15215 29 15247 66 15314 46 15385 14 15432 10 15457 33 15492 9 15502 114 15639 15 15689 3 15713 6 15722 6 15731 14 15749 123 15895 12 15946 2 15970 5 15978 5 15988 13 16005 52 16059 69 16151 10 16202 1 16227 4 16233 5 16245 55 16303 10 16315 50 16367 17 16396 1 16407 10 16457 2 16483 4 16488 6 16501 16 16519 9 16529 27 16559 10 16571 49 16622 18 16652 1 16665 7 16713 2 16740 13 16757 11 16771 42 16815 81 16907 2 16922 6 16969 2 16997 12 17013 10 17027 42 17071 81 17163 2 17179 5 17253 12 17269 9 17283 43 17327 81 17419 1 17435 5 17457 3 17509 12 17525 9 17539 12 17553 29 17584 80 17691 5 17711 6 17727 5 17766 11 17782 9 17794 12 17810 27 17840 44 17886 34 17939 2 17947 4 17965 9 17983 6 18022 10 18038 9 18049 13 18066 26 18096 44 18142 36 18194 3 18203 4 18219 11 18238 7 18277 11 18294 23 18322 26 18351 66 18421 14 18451 2 18459 3 18474 12 18494 7 18533 11 18550 23 18577 26 18607 66 18677 15 18715 2 18727 15 18751 6 18788 13 18805 24 18833 26 18863 66 18931 17 18971 2 18983 15 19007 3 19041 17 19061 24 19089 26 19118 67 19187 18 19227 2 19239 14 19295 20 19318 55 19374 23 19399 42 19443 18 19483 2 19496 14 19551 20 19575 78 19655 42 19698 19 19737 4 19758 9 19806 3 19811 14 19831 130 19963 9 19993 4 20013 17 20071 10 20087 130 20218 9 20248 7 20268 19 20332 3 20342 39 20383 100 20504 7 20524 19 20588 3 20598 39 20639 100 20760 9 20779 18 20854 102 20961 33 21016 7 21035 17 21110 2 21113 11 21125 70 21197 14 21217 33 21272 6 21293 14 21369 10 21382 85 21471 2 21475 31 21528 5 21549 14 21607 1 21614 4 21625 10 21638 85 21727 2 21732 30 21784 4 21805 13 21856 1 21863 11 21883 4 21893 10 21905 48 21955 7 21965 14 21983 35 22038 5 22062 11 22087 2 22111 2 22119 12 22148 11 22161 48 22212 6 22221 14 22239 25 22265 9 22283 3 22295 4 22318 11 22341 5 22365 4 22374 13 22403 12 22416 49 22467 7 22476 15 22496 34 22538 4 22551 4 22574 11 22593 1 22597 6 22613 3 22617 8 22630 13 22658 89 22753 34 22793 4 22831 10 22849 12 22867 16 22885 15 22913 90 23010 35 23048 5 23087 10 23105 12 23123 34 23170 22 23193 66 23266 34 23305 4 23344 8 23364 51 23416 7 23426 21 23452 63 23521 34 23561 4 23586 1 23602 4 23607 1 23621 59 23683 6 23690 12 23709 66 23777 34 23817 4 23861 3 23881 57 23941 2 23948 11 23965 13 23980 87 24073 5 24119 1 24137 21 24159 15 24177 17 24205 11 24221 13 24235 85 24327 7 24349 1 24395 17 24417 12 24433 19 24462 10 24477 37 24516 60 24583 6 24652 2 24655 13 24673 12 24689 19 24718 10 24733 36 24773 59 24839 4 24863 3 24910 13 24927 14 24943 20 24975 8 24989 35 25030 58 25089 2 25115 7 25127 1 25165 14 25181 30 25212 7 25233 7 25244 35 25283 47 25331 16 25364 21 25397 3 25419 14 25437 29 25469 6 25490 45 25539 45 25588 17 25617 24 25651 5 25675 4 25683 6 25693 13 25709 13 25725 6 25747 44 25795 44 25844 16 25872 3 25876 21 25906 6 25931 2 25940 5 25949 12 25965 23 26003 26 26030 19 26054 40 26099 16 26127 4 26132 3 26137 17 26162 5 26187 2 26196 5 26205 11 26221 23 26259 26 26286 20 26312 39 26355 16 26382 5 26393 17 26421 6 26441 2 26453 4 26461 12 26477 23 26515 23 26541 22 26568 39 26610 17 26637 7 26649 17 26677 6 26697 2 26709 4 26717 12 26733 24 26770 23 26798 22 26824 39 26866 16 26892 8 26905 18 26933 5 26953 2 26967 2 26973 12 26989 24 27025 24 27055 23 27081 5 27088 31 27122 14 27148 9 27161 18 27189 5 27209 2 27223 19 27245 23 27281 24 27311 23 27338 4 27343 32 27379 13 27405 9 27417 19 27444 5 27478 20 27501 20 27522 1 27536 25 27564 27 27593 38 27634 14 27663 7 27673 21 27699 6 27733 22 27757 23 27791 26 27819 28 27848 39 27890 14 27920 6 27929 33 27989 50 28045 97 28146 7 28157 3 28176 7 28185 33 28226 1 28245 50 28301 61 28363 35 28402 7 28414 2 28433 23 28462 13 28498 37 28538 15 28557 94 28658 9 28689 23 28719 13 28753 38 28795 104 28901 5 28914 11 28945 22 28975 14 29003 2 29007 26 29036 11 29052 84 29141 13 29156 5 29171 12 29201 22 29231 14 29258 31 29292 11 29308 83 29397 20 29427 12 29442 1 29457 23 29486 14 29512 32 29549 2 29555 6 29563 84 29653 21 29685 7 29694 2 29697 3 29712 4 29719 16 29743 12 29765 35 29811 6 29819 84 29908 22 29933 2 29941 6 29950 2 29969 1 29976 7 29988 1 29998 13 30020 17 30041 15 30067 93 30163 29 30199 4 30206 2 30233 6 30254 13 30276 12 30291 2 30298 13 30323 93 30419 30 30455 2 30462 2 30490 5 30510 7 30519 4 30531 10 30555 12 30581 4 30587 81 30671 37 30717 3 30747 4 30766 5 30775 4 30787 8 30814 8 30837 4 30843 12 30857 66 30927 37 30973 3 31003 5 31014 1 31022 5 31032 4 31042 9 31071 3 31075 2 31094 3 31099 10 31113 108 31229 3 31239 2 31259 6 31269 2 31278 4 31288 5 31298 8 31327 2 31351 2 31354 11 31369 108 31485 3 31495 2 31515 5 31525 2 31535 2 31543 7 31553 9 31583 2 31606 14 31624 111 31741 3 31751 5 31772 3 31781 1 31791 1 31799 19 31862 129 31996 4 32007 5 32036 1 32054 8 32063 11 32117 124 32244 4 32251 5 32263 5 32291 2 32310 7 32320 10 32364 1 32373 124 32500 5 32507 5 32519 4 32545 2 32576 12 32589 6 32620 3 32626 1 32630 123 32755 10 32775 4 32821 1 32832 19 32876 3 32882 1 32887 35 32923 95 33019 1 33076 3 33088 20 33133 2 33138 1 33143 18 33164 13 33180 93 33275 1 33332 3 33344 21 33369 2 33389 3 33393 1 33399 18 33420 13 33436 93 33531 2 33535 1 33556 4 33588 3 33599 22 33623 6 33646 2 33655 18 33675 1 33678 11 33691 101 33809 6 33843 3 33854 34 33911 18 33934 114 34063 7 34099 3 34108 31 34140 5 34166 138 34319 7 34335 4 34355 3 34364 29 34397 4 34421 139 34575 8 34591 3 34611 2 34621 27 34653 4 34669 4 34675 27 34703 104 34809 7 34831 8 34847 2 34867 1 34877 9 34889 15 34910 3 34925 32 34960 103 35066 7 35087 9 35133 8 35146 9 35167 4 35180 13 35196 17 35219 102 35328 2 35343 9 35389 7 35402 8 35423 4 35435 13 35452 17 35476 23 35500 78 35584 3 35597 12 35643 9 35659 7 35679 6 35689 12 35707 19 35733 102 35838 7 35853 12 35899 8 35915 8 35928 1 35935 6 35945 12 35963 20 35989 102 36093 11 36105 16 36155 8 36173 7 36181 5 36191 7 36201 12 36219 21 36245 28 36276 102 36411 8 36430 13 36447 7 36457 12 36475 21 36501 27 36533 87 36623 11 36663 12 36687 24 36715 10 36731 22 36755 29 36790 85 36879 10 36915 2 36919 11 36944 23 36971 10 36986 23 37011 3 37015 26 37046 77 37125 6 37135 10 37169 4 37175 9 37205 18 37227 37 37267 3 37272 25 37300 78 37381 6 37392 2 37397 6 37426 13 37461 17 37483 37 37524 29 37556 78 37637 6 37656 6 37665 5 37674 3 37683 12 37719 14 37740 37 37782 23 37812 79 37893 6 37912 14 37929 4 37940 11 37975 14 37996 32 38029 5 38039 21 38069 88 38168 13 38185 5 38197 10 38223 4 38229 13 38248 2 38253 29 38286 5 38296 19 38325 5 38333 82 38424 13 38441 4 38453 10 38479 3 38485 13 38505 2 38511 27 38541 6 38555 16 38581 5 38589 76 38667 4 38680 12 38695 4 38709 10 38744 10 38769 36 38808 2 38814 13 38837 4 38843 78 38924 4 38935 13 38950 3 38964 11 39001 9 39026 35 39065 1 39071 13 39092 5 39099 77 39182 1 39191 13 39205 2 39219 8 39258 5 39284 3 39292 26 39329 12 39347 6 39355 77 39446 17 39474 8 39551 24 39584 7 39592 5 39603 6 39612 69 39684 4 39701 18 39729 8 39805 27 39838 7 39848 17 39869 68 39940 5 39956 19 39983 10 40031 3 40041 4 40061 28 40093 7 40104 18 40126 66 40197 8 40209 22 40237 12 40268 7 40285 6 40295 7 40315 29 40349 6 40359 19 40384 64 40453 9 40463 24 40492 13 40523 8 40541 7 40549 9 40571 28 40605 6 40615 20 40639 65 40711 50 40778 13 40796 5 40805 10 40823 2 40826 29 40861 2 40870 90 40967 50 41034 3 41039 10 41051 6 41063 7 41079 32 41116 2 41126 92 41223 16 41243 31 41291 1 41295 17 41333 32 41377 2 41381 15 41399 70 41472 3 41480 2 41483 12 41499 32 41546 1 41551 17 41589 30 41626 1 41632 14 41647 6 41656 65 41728 3 41740 11 41755 20 41777 13 41797 7 41807 17 41841 13 41859 16 41880 4 41887 24 41913 63 41983 3 41996 11 42011 20 42033 16 42051 9 42063 18 42097 12 42115 16 42135 6 42143 25 42169 63 42238 2 42247 1 42252 11 42267 19 42291 48 42353 13 42369 17 42391 14 42406 66 42474 15 42492 4 42503 1 42507 7 42523 19 42547 24 42572 24 42610 13 42624 18 42646 14 42662 66 42730 15 42748 4 42758 1 42761 3 42765 3 42779 19 42804 17 42829 5 42835 6 42846 6 42865 33 42901 14 42917 3 42921 81 43005 3 43017 2 43022 1 43036 3 43041 13 43060 17 43085 5 43092 5 43102 6 43121 50 43173 2 43178 80 43261 3 43273 2 43298 13 43315 18 43340 11 43358 6 43376 55 43434 80 43517 3 43525 1 43528 3 43554 13 43571 17 43596 11 43614 6 43629 58 43690 80 43773 3 43781 6 43795 2 43809 15 43826 17 43851 11 43871 1 43883 50 43935 8 43946 6 43955 5 43962 65 44029 3 44037 5 44051 3 44065 34 44106 12 44138 51 44191 8 44202 6 44211 5 44217 66 44285 3 44294 7 44307 4 44317 29 44349 2 44353 2 44361 13 44393 6 44401 54 44457 6 44466 72 44542 2 44551 7 44563 5 44573 28 44609 2 44617 13 44649 5 44659 48 44708 11 44721 70 44797 3 44807 7 44820 36 44865 2 44874 14 44897 5 44905 5 44915 48 44965 20 44986 60 45052 4 45064 5 45077 34 45121 3 45129 12 45142 3 45152 6 45161 4 45172 42 45215 26 45242 60 45305 7 45320 5 45333 14 45351 17 45376 6 45384 18 45407 6 45427 42 45471 20 45494 75 45575 6 45589 14 45607 17 45631 19 45655 4 45662 7 45684 33 45719 6 45726 19 45751 74 45832 4 45844 14 45863 42 45910 15 45941 31 45975 26 46005 56 46065 17 46088 3 46095 2 46100 14 46119 42 46165 16 46201 27 46231 17 46249 9 46261 56 46321 17 46344 2 46350 20 46375 42 46421 16 46457 46 46506 9 46516 78 46599 2 46606 14 46621 5 46631 42 46677 15 46713 46 46763 87 46861 14 46877 6 46887 43 46931 17 46961 3 46969 48 47019 88 47117 6 47124 7 47133 8 47144 54 47199 4 47217 2 47225 48 47275 88 47368 9 47385 2 47391 6 47403 56 47473 2 47483 47 47532 79 47614 6 47623 9 47646 7 47659 57 47729 2 47739 128 47870 7 47879 8 47902 7 47916 56 47975 2 47993 129 48125 8 48135 8 48148 3 48161 3 48172 57 48231 1 48248 27 48277 101 48381 8 48392 7 48403 6 48428 60 48505 25 48533 90 48625 20 48647 8 48659 6 48685 61 48761 25 48789 90 48881 30 48916 4 48943 55 49017 123 49143 8 49152 16 49173 3 49199 54 49273 123 49399 7 49408 17 49430 1 49455 54 49528 58 49587 65 49655 26 49711 18 49731 34 49783 58 49843 65 49910 28 49967 8 49977 8 49988 33 50039 125 50166 29 50222 19 50243 34 50295 30 50326 95 50422 30 50472 16 50489 8 50499 35 50551 29 50587 91 50679 30 50727 16 50747 43 50807 29 50841 124 50983 7 50994 3 51003 43 51052 3 51064 29 51096 3 51101 121 51239 6 51251 1 51259 44 51307 4 51320 31 51353 2 51357 7 51367 112 51490 2 51496 6 51516 52 51578 33 51613 6 51623 112 51745 3 51752 6 51771 53 51834 40 51879 8 51888 105 51999 4 52008 7 52022 1 52029 52 52091 26 52119 8 52133 9 52144 107 52253 6 52264 7 52277 1 52285 52 52347 26 52375 4 52389 9 52400 116 52519 8 52546 48 52602 9 52612 22 52644 128 52775 9 52803 47 52858 8 52868 22 52899 143 53059 48 53113 8 53123 22 53151 15 53167 132 53315 49 53369 9 53379 21 53407 14 53424 51 53476 79 53574 81 53662 15 53679 44 53725 6 53733 78 53830 81 53918 5 53925 54 53981 7 53989 78 54073 4 54086 81 54175 4 54183 51 54237 88 54329 5 54341 82 54431 4 54439 52 54493 88 54586 4 54597 82 54687 6 54695 142 54843 3 54853 4 54859 76 54938 3 54944 5 54953 140 55099 3 55107 6 55116 68 55187 3 55192 5 55200 4 55211 63 55277 73 55354 7 55363 6 55372 67 55444 2 55447 6 55457 2 55467 62 55533 92 55627 48 55677 18 55700 9 55723 62 55789 88 55881 10 55892 39 55933 18 55956 9 55979 62 56045 87 56136 9 56149 58 56211 12 56227 5 56235 10 56246 52 56302 7 56311 78 56391 10 56405 59 56467 22 56491 10 56503 52 56558 98 56663 95 56759 52 56815 97 56922 145 57071 98 57179 80 57265 59 57328 12 57342 1 57344 85 57438 77 57526 55 57584 13 57600 86 57698 73 57781 56 57841 12 57856 87 57955 73 58035 30 58067 27 58099 11 58112 89 58211 74 58288 33 58324 27 58356 11 58368 89 58467 74 58544 33 58580 29 58613 102 58723 109 58837 29 58869 102 58980 108 59093 30 59125 104 59237 108 59348 6 59355 5 59362 17 59381 106 59493 109 59603 6 59612 4 59618 17 59638 227 59868 4 59873 19 59895 226 60124 25 60151 225 60380 29 60411 188 60600 31 60635 31 60668 219 60891 252 61147 253 61401 942 62345 254 62601 13 62615 1 62617 252 62871 505 63378 99 63479 153 63635 98 63735 153 63891 8 63901 252 64158 251 64414 251 64669 162 64832 90 64925 162 65089 90 65181 254 65437 99
962767,29 10 131 16 191 65 285 10 387 15 446 66 541 9 642 15 701 67 801 4 897 16 957 67 1058 3 1153 16 1214 66 1409 16 1472 64 1665 15 1729 63 1922 13 1987 61 2179 12 2196 1 2243 61 2437 7 2499 61 2561 1 2563 1 2755 66 3003 1 3011 67 3268 67 3525 66 3781 66 4037 66 4291 68 4546 69 4801 69 5057 69 5313 68 5569 67 5825 63 6081 63 6337 63 6593 63 6755 3 6849 63 7006 17 7104 64 7260 19 7360 64 7513 24 7616 64 7767 26 7872 64 8020 29 8128 64 8273 32 8384 64 8526 36 8640 64 8782 37 8896 64 9038 37 9152 64 9294 37 9408 64 9550 37 9664 64 9807 36 9921 63 10062 36 10177 63 10318 35 10433 63 10573 36 10691 61 10829 36 10947 61 11085 36 11203 61 11341 36 11459 61 11597 36 11716 60 11853 36 11972 60 12108 36 12229 59 12364 36 12485 59 12620 6 12631 24 12741 59 12876 5 12887 24 12997 59 13144 22 13255 12 13269 43 13401 20 13511 12 13525 43 13657 20 13770 9 13782 42 13914 19 14027 7 14039 41 14179 8 14285 4 14296 40 14436 7 14541 4 14553 39 14810 38 15067 37 15325 35 15581 35 15841 22 16097 22 16355 19 16612 17 16747 1 16754 3 16872 1 16877 7 16998 17 17135 4 17251 21 17507 22 17763 22 18018 24 18274 24 18388 2 18530 23 18641 7 18786 23 18896 9 19042 23 19151 10 19299 21 19407 12 19557 18 19663 12 19815 14 19918 13 20072 13 20173 14 20331 8 20429 15 20685 16 20931 5 20939 20 21185 31 21440 33 21696 34 21951 36 22207 37 22461 40 22698 2 22717 41 22952 5 22967 47 23207 7 23223 48 23462 9 23477 50 23718 9 23733 50 23973 10 23989 49 24228 11 24245 49 24481 14 24501 49 24610 6 24736 15 24757 50 24864 13 24990 18 25013 50 25119 16 25151 2 25245 20 25271 49 25344 1 25375 17 25405 7 25500 22 25529 47 25600 1 25631 18 25660 9 25757 22 25785 48 25887 18 25916 12 26012 23 26046 43 26143 19 26172 13 26268 23 26303 4 26310 35 26399 19 26428 23 26523 25 26569 32 26655 19 26684 24 26779 25 26825 32 26911 19 26940 27 27035 25 27083 30 27167 19 27196 27 27291 25 27340 30 27423 18 27451 29 27549 22 27597 29 27679 18 27707 30 27808 19 27854 29 27935 18 27963 30 28067 14 28111 27 28191 18 28219 31 28324 12 28368 26 28447 18 28474 33 28625 24 28703 18 28723 3 28730 33 28881 24 28958 19 28978 42 29058 2 29139 21 29213 63 29313 4 29395 21 29469 63 29567 8 29651 20 29724 64 29821 11 29907 20 29980 64 30072 1 30075 13 30125 2 30163 17 30235 65 30328 17 30380 4 30419 10 30492 63 30585 16 30625 16 30675 8 30748 12 30761 40 30802 9 30843 14 30879 20 30933 6 31005 10 31019 36 31060 5 31099 14 31133 22 31262 8 31275 35 31356 12 31387 25 31531 34 31613 11 31641 32 31787 34 31869 10 31897 34 32044 33 32127 7 32152 38 32301 33 32384 5 32407 40 32557 33 32663 43 32812 35 32919 44 33059 44 33176 45 33314 45 33432 45 33568 39 33610 5 33689 44 33823 40 33867 4 33947 42 34077 42 34204 41 34333 42 34460 41 34582 1 34587 44 34717 40 34837 50 34973 40 35093 51 35229 40 35349 51 35484 41 35605 52 35739 42 35861 52 35994 43 36117 53 36248 44 36373 53 36503 45 36629 54 36758 45 36885 54 37014 45 37141 54 37269 44 37397 54 37525 44 37629 3 37649 2 37653 53 37781 44 37883 5 37903 58 38037 43 38139 5 38156 61 38293 43 38394 6 38411 62 38549 42 38650 6 38667 62 38738 11 38804 43 38905 7 38923 62 38993 13 39059 44 39161 7 39179 61 39248 15 39269 9 39315 44 39417 7 39435 27 39463 33 39504 15 39524 12 39570 45 39673 7 39691 23 39722 30 39759 18 39778 22 39825 45 39928 8 39947 14 39964 5 39979 28 40015 42 40080 45 40184 8 40204 10 40236 27 40271 45 40336 45 40439 9 40461 7 40493 26 40527 46 40592 45 40695 9 40750 17 40769 5 40783 47 40849 46 40951 9 41007 13 41025 4 41039 48 41105 46 41207 9 41266 3 41295 48 41361 46 41463 9 41551 48 41617 46 41719 9 41741 3 41808 48 41874 45 41976 8 41996 5 42065 47 42130 45 42233 7 42251 7 42325 43 42387 44 42490 6 42506 9 42583 41 42644 43 42747 5 42761 10 42842 39 42901 42 43004 4 43016 12 43099 38 43157 42 43271 15 43355 40 43414 41 43527 16 43610 41 43670 41 43783 16 43865 44 43929 38 44039 17 44087 3 44095 4 44121 44 44193 30 44294 18 44337 20 44376 46 44451 28 44550 18 44592 22 44632 47 44707 28 44805 26 44845 27 44887 50 44964 26 45061 29 45098 31 45143 51 45221 24 45317 68 45399 52 45478 21 45572 69 45655 52 45735 20 45828 70 45911 53 45998 11 46079 1 46084 70 46167 54 46256 8 46334 2 46339 71 46423 54 46515 1 46562 19 46589 3 46595 71 46679 54 46816 21 46845 3 46849 73 46934 55 47069 27 47099 79 47190 55 47323 111 47445 56 47578 111 47701 56 47833 112 47956 56 48088 113 48212 56 48344 113 48468 55 48599 113 48724 54 48855 113 48979 52 49111 112 49235 52 49368 111 49491 52 49624 111 49747 51 49880 111 50004 49 50137 110 50261 48 50393 36 50432 71 50517 44 50650 34 50688 70 50772 44 50907 32 50944 63 51027 44 51164 31 51200 2 51207 56 51283 44 51421 30 51465 52 51539 42 51677 30 51723 49 51794 45 51933 30 51984 41 52049 50 52188 31 52248 31 52305 50 52443 32 52505 21 52528 4 52538 2 52561 51 52699 32 52763 18 52793 4 52817 52 52955 32 53021 16 53048 5 53073 52 53210 33 53277 14 53303 8 53329 52 53439 4 53465 34 53535 10 53558 9 53585 52 53694 6 53721 31 53791 9 53814 9 53841 52 53949 7 53977 30 54048 7 54069 11 54099 50 54205 7 54232 27 54304 7 54325 11 54356 49 54462 6 54489 24 54561 5 54581 13 54613 47 54719 4 54745 21 54818 3 54837 14 54871 45 55001 20 55092 15 55131 40 55257 19 55347 16 55389 38 55513 19 55601 18 55648 35 55770 17 55856 18 55905 34 56026 17 56064 2 56111 18 56161 33 56283 15 56320 2 56366 18 56418 31 56540 13 56576 1 56622 16 56675 30 56801 8 56878 15 56931 29 57060 4 57088 2 57134 9 57189 26 57344 2 57390 8 57451 19 57600 2 57647 7 57711 2 57718 5 57856 3 57903 7 58023 8 58112 4 58160 13 58271 20 58368 5 58417 14 58525 23 58624 7 58676 12 58780 25 58880 8 58932 12 59036 26 59136 13 59188 13 59291 28 59392 15 59444 15 59547 29 59581 5 59648 17 59699 16 59720 3 59802 42 59904 17 59955 16 59975 4 60058 43 60160 19 60211 16 60231 5 60313 44 60416 19 60467 16 60487 6 60569 44 60672 19 60723 16 60743 5 60825 46 60928 19 60979 16 61000 3 61081 46 61184 19 61233 17 61337 46 61440 19 61489 16 61593 46 61696 17 61743 18 61848 47 61952 17 61999 18 62104 47 62208 16 62255 19 62359 48 62464 16 62511 20 62615 48 62720 15 62767 20 62871 47 62976 15 63023 20 63127 46 63232 15 63280 19 63383 46 63488 15 63536 19 63638 47 63744 15 63792 19 63894 46 64000 15 64049 18 64150 46 64256 15 64306 17 64405 48 64512 16 64563 16 64661 49 64768 16 64821 14 64917 51 65024 17 65078 13 65173 52 65280 16 65335 12 65429 55 65486 3
966384,0 59 60 1 84 18 122 7 168 15 189 20 233 80 342 16 378 7 425 14 446 19 493 75 599 14 635 5 682 13 702 18 750 74 854 15 891 5 938 13 957 20 1005 76 1110 15 1147 4 1194 12 1213 20 1260 78 1369 11 1451 10 1469 25 1515 80 1626 3 1710 5 1725 26 1771 81 1981 27 2027 82 2236 29 2283 90 2492 30 2539 92 2748 31 2795 93 3003 32 3053 92 3258 33 3309 93 3513 34 3566 93 3769 34 3823 94 4024 36 4078 95 4280 36 4333 98 4535 38 4586 102 4791 38 4842 104 5046 40 5097 106 5301 42 5353 107 5557 42 5608 109 5811 44 5864 110 6059 53 6120 111 6313 55 6375 121 6497 8 6567 58 6631 132 6822 59 6887 134 7077 60 7143 134 7332 61 7399 134 7588 61 7656 134 7844 23 7870 35 7912 135 8051 5 8099 24 8129 32 8169 134 8307 6 8354 25 8385 32 8426 133 8563 7 8608 27 8643 30 8683 132 8818 9 8863 28 8900 29 8940 143 9117 30 9157 27 9199 140 9372 31 9415 25 9456 140 9624 33 9672 22 9697 1 9714 138 9879 34 9929 15 9946 2 9954 2 9971 138 10133 36 10187 11 10211 2 10227 138 10385 39 10443 2 10446 2 10449 5 10465 5 10483 138 10640 40 10706 5 10718 9 10744 133 10895 41 10964 3 10973 11 11002 130 11149 42 11220 2 11229 12 11250 2 11263 124 11404 43 11483 15 11506 3 11519 124 11659 44 11739 28 11776 123 11915 44 11994 29 12032 123 12170 45 12235 4 12242 1 12246 35 12288 123 12426 45 12491 46 12544 123 12683 43 12749 47 12799 124 12939 43 13006 173 13194 44 13263 172 13450 44 13519 158 13682 9 13707 44 13775 157 13939 8 13963 44 14031 156 14219 44 14286 153 14475 44 14542 151 14731 44 14798 150 14987 44 15054 50 15107 82 15193 9 15243 44 15310 50 15365 80 15450 2 15499 43 15567 49 15622 78 15755 42 15823 49 15879 77 16011 42 16079 49 16136 76 16268 41 16336 48 16393 24 16420 49 16525 22 16549 16 16593 47 16651 22 16678 51 16782 13 16808 12 16849 47 16907 21 16934 53 17039 11 17065 10 17105 47 17164 20 17191 54 17297 4 17363 45 17420 19 17447 56 17619 45 17676 19 17703 58 17877 43 17931 20 17959 59 18134 42 18187 21 18215 60 18395 37 18443 22 18471 60 18653 35 18698 23 18727 16 18747 40 18910 34 18954 23 18984 14 19004 39 19167 33 19209 24 19241 11 19261 38 19423 33 19465 24 19497 11 19517 37 19680 32 19721 24 19758 3 19773 36 19936 32 19977 24 20029 36 20192 32 20234 22 20285 36 20327 4 20449 31 20491 20 20541 38 20582 7 20705 31 20748 17 20798 49 20961 31 21005 14 21055 49 21217 31 21313 48 21473 31 21570 47 21730 30 21833 40 21987 29 22091 38 22243 29 22347 38 22400 14 22426 2 22504 24 22602 39 22653 18 22681 4 22691 12 22761 23 22857 40 22908 21 22938 24 23017 23 23114 38 23163 22 23194 25 23273 23 23371 36 23419 22 23450 27 23529 23 23627 36 23675 22 23705 28 23784 24 23884 34 23929 25 23957 1 23961 30 24037 27 24141 19 24163 10 24185 26 24217 30 24291 29 24398 16 24421 5 24438 29 24473 31 24545 31 24654 15 24693 30 24729 32 24799 33 24911 14 24947 32 24987 30 25053 35 25167 14 25203 32 25243 3 25247 1 25249 24 25309 35 25424 12 25458 33 25499 2 25505 24 25563 37 25681 11 25713 34 25756 1 25759 26 25818 38 25937 10 25969 34 26013 28 26073 39 26155 4 26194 7 26225 35 26269 28 26329 39 26408 11 26481 36 26523 30 26585 39 26663 13 26683 4 26736 38 26779 30 26840 40 26918 26 26991 40 27035 30 27097 39 27173 27 27245 42 27290 31 27354 38 27429 28 27471 3 27500 44 27545 32 27610 38 27685 29 27726 5 27755 77 27866 38 27940 31 27981 6 28011 77 28113 2 28123 37 28196 31 28236 8 28267 77 28367 5 28379 37 28451 34 28490 11 28523 77 28621 8 28635 37 28705 52 28779 77 28877 9 28891 37 28929 6 28948 4 28960 53 29034 79 29131 12 29147 45 29203 6 29215 54 29290 79 29387 12 29404 47 29456 11 29470 55 29545 81 29642 13 29661 47 29711 13 29725 58 29801 82 29897 14 29917 123 30056 85 30153 15 30173 123 30312 87 30409 15 30429 124 30569 91 30665 15 30686 123 30824 95 30921 15 30943 122 31081 111 31199 122 31337 35 31373 74 31455 123 31594 31 31631 72 31713 121 31850 29 31888 71 31970 121 32107 26 32145 69 32227 120 32363 25 32401 69 32482 122 32619 24 32658 67 32736 125 32875 24 32915 66 32992 48 33044 73 33131 23 33171 53 33229 6 33249 47 33302 71 33387 23 33427 53 33505 46 33562 68 33643 22 33685 50 33761 46 33818 68 33897 26 33941 50 34017 46 34075 38 34120 23 34153 31 34197 49 34274 45 34331 38 34377 23 34409 32 34454 47 34531 44 34587 37 34635 22 34665 34 34712 44 34787 45 34843 37 34892 23 34921 34 34969 42 35044 44 35099 36 35149 62 35225 39 35301 42 35355 36 35406 62 35481 38 35557 42 35612 35 35661 64 35738 34 35811 44 35869 34 35916 65 35994 33 36067 43 36126 33 36170 73 36245 2 36249 28 36323 42 36384 31 36425 107 36579 12 36595 1 36597 22 36643 27 36679 108 36833 14 36854 1 36857 16 36900 26 36933 109 37089 14 37107 8 37117 3 37157 24 37189 108 37344 16 37362 9 37373 3 37414 22 37444 108 37599 17 37618 10 37629 3 37677 13 37699 108 37855 33 37934 11 37954 108 38110 34 38209 99 38309 7 38365 35 38465 99 38567 2 38621 35 38661 9 38721 42 38766 3 38771 50 38877 35 38916 11 38977 42 39035 12 39048 29 39133 35 39170 15 39232 43 39305 29 39390 19 39413 28 39488 42 39561 29 39646 19 39670 29 39743 42 39817 30 39903 17 39928 27 39999 41 40073 30 40159 16 40184 32 40255 34 40330 29 40416 15 40441 32 40511 33 40587 28 40672 15 40699 32 40767 29 40843 28 40929 14 40955 32 41024 28 41105 22 41187 12 41210 34 41281 26 41311 11 41367 14 41445 10 41465 35 41537 25 41565 14 41589 5 41623 14 41703 8 41720 37 41794 22 41817 18 41844 9 41881 10 41961 52 42050 21 42073 18 42099 10 42139 6 42218 51 42307 18 42329 18 42353 12 42475 50 42565 15 42584 19 42609 12 42683 4 42732 49 42827 8 42839 20 42865 12 42937 8 42987 50 43095 20 43120 13 43193 9 43209 2 43243 50 43351 20 43376 12 43447 11 43463 9 43497 52 43607 20 43631 12 43702 13 43717 11 43752 52 43863 21 43888 11 43956 30 44006 54 44119 21 44145 10 44211 32 44261 54 44375 21 44403 8 44466 33 44516 55 44631 21 44661 6 44722 33 44771 54 44887 21 44977 35 45027 54 45143 22 45233 35 45282 53 45399 28 45488 37 45537 54 45655 29 45744 32 45777 6 45792 54 45912 28 45947 14 46000 31 46033 8 46048 53 46169 28 46202 17 46256 31 46289 9 46303 54 46431 22 46457 21 46512 29 46544 68 46689 20 46713 22 46768 28 46800 67 46946 18 46968 25 47025 27 47056 67 47203 17 47224 26 47283 24 47311 66 47464 10 47481 26 47540 23 47567 61 47629 4 47721 8 47737 26 47797 22 47822 61 47993 27 48053 20 48077 62 48249 28 48310 19 48333 60 48505 28 48567 17 48588 61 48761 28 48825 11 48839 1 48843 62 49018 27 49091 1 49100 61 49275 26 49347 1 49357 60 49531 25 49612 61 49787 25 49867 62 50045 22 50115 70 50301 22 50369 72 50557 30 50623 74 50814 30 50878 75 51069 32 51134 75 51221 4 51325 33 51390 75 51477 6 51581 34 51645 77 51732 7 51837 34 51901 77 51987 9 52092 35 52157 38 52197 19 52221 13 52243 9 52347 36 52413 38 52455 16 52477 14 52499 10 52603 36 52670 36 52714 10 52734 13 52755 10 52859 36 52926 37 52971 8 52991 12 53011 9 53115 36 53183 36 53248 10 53268 8 53371 36 53439 36 53504 10 53525 6 53599 4 53627 36 53695 35 53760 9 53783 3 53855 6 53883 36 53951 35 54016 9 54074 2 54109 10 54139 35 54209 33 54272 9 54329 3 54365 10 54396 8 54405 25 54466 31 54528 7 54585 6 54593 2 54621 11 54655 2 54663 22 54725 16 54744 9 54784 6 54841 7 54850 1 54877 12 54919 22 54984 13 55001 7 55040 3 55097 9 55134 11 55178 17 55243 10 55261 2 55296 2 55352 11 55390 11 55435 14 55500 8 55552 1 55608 11 55647 9 55692 10 55806 3 55865 10 55904 8 55949 8 56061 3 56121 11 56207 4 56313 7 56377 12 56481 7 56569 7 56633 14 56733 15 56825 7 56889 14 56988 17 57081 7 57145 14 57242 21 57337 7 57401 15 57497 22 57593 7 57657 15 57753 22 57849 7 57913 15 58009 22 58105 7 58170 13 58265 23 58361 7 58426 13 58520 24 58617 7 58683 10 58776 25 58873 7 58922 2 58943 5 59031 26 59129 7 59176 5 59287 26 59386 6 59431 7 59543 26 59642 6 59687 8 59799 26 59899 5 59943 8 60055 26 60155 5 60199 9 60311 27 60412 4 60455 9 60567 32 60669 3 60711 10 60824 33 60925 3 60967 12 61080 35 61181 3 61223 12 61339 32 61435 5 61479 12 61598 30 61689 7 61735 12 61855 31 61941 11 61991 12 62112 31 62197 11 62248 11 62349 6 62369 31 62451 13 62504 11 62605 7 62625 32 62703 17 62761 8 62855 1 62858 11 62882 32 62955 21 63017 6 63109 16 63139 32 63210 22 63363 17 63397 30 63463 25 63618 17 63653 31 63718 26 63767 5 63777 12 63869 22 63912 28 63962 4 63973 27 64022 24 64124 23 64169 28 64217 6 64229 27 64277 26 64380 21 64426 27 64473 7 64483 29 64533 26 64637 20 64683 26 64728 8 64739 29 64789 26 64893 19 64940 25 64985 8 64996 28 65045 26 65149 19 65197 24 65241 8 65252 28 65303 24 65406 17 65453 24 65497 8 65509 27
972712,0 123 124 4 131 32 188 9 199 10 239 3 256 108 395 9 457 4 463 2 512 107 654 3 658 1 719 1 768 107 970 3 974 3 1024 107 1225 8 1280 106 1410 2 1421 5 1429 4 1481 9 1516 1 1536 105 1667 1 1675 16 1737 9 1769 6 1792 103 1898 1 1905 4 1914 4 1923 1 1929 20 1950 2 1991 12 2015 19 2048 103 2153 14 2169 5 2183 28 2244 21 2270 21 2304 102 2409 20 2435 36 2491 4 2499 8 2508 13 2524 23 2553 3 2560 101 2665 15 2681 3 2689 39 2737 3 2741 2 2747 4 2755 7 2765 12 2779 24 2809 3 2816 101 2922 19 2942 41 2987 2 2992 7 3010 2 3023 3 3030 2 3039 16 3065 4 3072 102 3177 24 3203 35 3243 2 3248 7 3264 4 3279 2 3296 14 3321 4 3328 2 3333 44 3381 49 3433 5 3439 4 3445 6 3460 33 3505 6 3517 8 3553 6 3563 2 3584 2 3589 44 3637 49 3690 3 3695 4 3702 5 3716 32 3754 1 3762 5 3773 9 3809 6 3819 1 3840 2 3845 7 3853 36 3891 51 3947 1 3958 3 3962 1 3972 32 4009 2 4018 5 4027 13 4065 3 4096 2 4101 6 4111 34 4147 51 4203 2 4214 3 4218 1 4228 31 4264 4 4273 3 4283 14 4321 3 4352 3 4360 3 4369 23 4393 8 4403 52 4458 6 4469 3 4484 32 4519 6 4529 2 4539 14 4577 1 4608 3 4616 2 4626 21 4653 4 4659 52 4714 7 4725 2 4740 33 4775 6 4785 3 4795 14 4864 3 4871 2 4884 18 4909 3 4915 50 4970 1 4974 5 4981 2 4995 33 5034 3 5041 3 5051 15 5120 3 5127 1 5136 1 5140 15 5157 1 5165 4 5171 50 5225 2 5231 4 5237 2 5251 32 5290 3 5298 1 5306 16 5376 5 5386 1 5396 13 5427 49 5481 1 5487 4 5494 1 5506 33 5547 3 5554 1 5558 20 5632 5 5642 1 5653 12 5683 49 5743 4 5750 1 5762 31 5803 2 5809 2 5814 20 5888 5 5897 2 5910 7 5919 1 5939 49 5994 1 5998 6 6006 2 6018 30 6059 2 6065 3 6069 6 6076 13 6144 5 6153 3 6167 5 6185 2 6192 1 6195 48 6250 1 6254 6 6261 4 6273 31 6315 3 6320 25 6400 17 6419 7 6438 61 6506 2 6512 2 6515 8 6529 29 6577 3 6582 3 6587 14 6656 17 6674 7 6693 62 6762 2 6772 8 6786 27 6833 2 6838 2 6843 14 6892 1 6912 25 6947 62 7027 38 7083 1 7090 2 7094 1 7098 15 7144 7 7168 17 7187 6 7197 2 7202 62 7283 38 7335 6 7345 6 7354 15 7400 6 7424 9 7443 12 7457 62 7535 42 7588 9 7604 3 7611 13 7656 2 7680 8 7699 12 7713 35 7749 27 7779 2 7790 42 7847 6 7861 2 7867 13 7936 7 7947 1 7954 48 8005 28 8034 3 8046 41 8107 2 8123 11 8192 7 8201 4 8209 49 8259 24 8284 9 8301 29 8332 11 8363 2 8379 9 8448 15 8465 74 8541 8 8554 32 8589 10 8617 5 8635 2 8704 15 8722 73 8797 4 8802 3 8810 31 8845 11 8873 6 8891 2 8960 15 8979 72 9053 4 9058 3 9066 4 9071 27 9101 12 9127 13 9147 3 9167 2 9216 91 9309 4 9315 2 9322 4 9327 27 9357 13 9371 2 9383 15 9403 3 9423 2 9472 91 9565 4 9571 2 9578 4 9583 28 9612 19 9638 17 9658 4 9679 2 9728 91 9821 4 9827 2 9834 3 9838 5 9844 23 9869 18 9894 17 9914 4 9930 1 9935 1 9984 91 10077 3 10091 6 10101 22 10125 19 10149 18 10170 4 10186 1 10191 2 10240 91 10333 4 10340 1 10346 5 10357 6 10365 14 10381 18 10405 19 10425 5 10447 2 10496 91 10589 4 10596 2 10602 4 10616 19 10637 18 10660 29 10704 1 10745 2 10752 92 10845 4 10852 2 10858 2 10863 2 10873 18 10893 18 10916 28 11001 2 11008 97 11108 2 11118 3 11130 3 11137 10 11149 17 11172 26 11258 1 11264 97 11364 3 11373 4 11394 8 11405 16 11428 26 11520 4 11525 92 11620 3 11627 6 11651 7 11661 16 11683 22 11706 3 11716 8 11776 3 11781 92 11876 3 11883 6 11907 7 11917 16 11939 13 11953 8 11962 3 11972 8 12032 3 12037 8 12047 82 12138 8 12151 4 12163 8 12174 14 12197 10 12210 6 12218 6 12228 9 12288 11 12303 82 12394 9 12404 23 12430 13 12453 9 12467 5 12474 7 12484 9 12544 11 12559 82 12649 34 12687 11 12723 5 12730 7 12740 10 12800 3 12804 7 12814 82 12906 23 12930 9 12943 10 12979 5 12986 7 12996 9 13056 3 13061 91 13162 33 13199 4 13236 4 13242 7 13252 9 13312 3 13316 92 13418 33 13455 2 13491 6 13498 7 13507 10 13568 5 13575 89 13674 33 13711 2 13747 14 13763 10 13824 5 13831 6 13839 81 13930 12 13944 19 13967 2 14003 14 14019 10 14080 12 14099 77 14187 8 14202 1 14213 3 14217 1 14223 2 14258 27 14336 13 14355 77 14443 3 14447 3 14479 2 14514 27 14592 16 14610 78 14699 2 14735 3 14769 28 14848 16 14866 78 14955 2 14991 3 15025 27 15104 65 15171 26 15198 3 15205 1 15210 3 15276 17 15294 4 15300 3 15360 65 15428 35 15466 4 15532 13 15551 3 15616 66 15684 25 15710 10 15722 4 15788 12 15809 1 15872 65 15940 24 15966 10 15978 3 16043 14 16064 3 16128 29 16159 2 16163 6 16171 22 16195 10 16213 2 16217 2 16222 9 16298 18 16317 6 16384 29 16415 2 16419 6 16428 28 16479 8 16548 31 16582 1 16640 28 16679 1 16687 12 16735 8 16791 6 16803 32 16896 27 16943 11 16989 10 17023 1 17042 2 17046 7 17058 33 17152 27 17198 12 17213 6 17221 6 17245 10 17278 3 17303 1 17306 3 17314 23 17338 9 17408 27 17445 21 17469 6 17476 7 17501 10 17516 2 17535 2 17560 5 17569 24 17594 8 17664 27 17701 21 17725 5 17758 9 17792 1 17815 6 17827 21 17920 28 17957 21 18014 8 18071 6 18083 5 18089 7 18097 7 18176 27 18213 4 18219 15 18269 8 18327 6 18339 5 18347 4 18353 7 18432 25 18468 22 18525 8 18583 6 18596 2 18603 4 18609 7 18688 24 18724 22 18776 1 18780 4 18785 4 18837 8 18851 4 18859 4 18865 7 18944 24 18970 1 18980 21 19029 11 19042 3 19089 12 19107 4 19115 4 19121 6 19200 28 19235 22 19283 13 19298 3 19343 15 19363 4 19371 4 19378 5 19456 28 19491 23 19537 16 19554 2 19599 15 19619 4 19624 2 19627 4 19633 6 19712 28 19747 23 19793 16 19810 2 19855 15 19875 12 19889 6 19968 28 20003 23 20050 18 20110 16 20131 12 20145 6 20224 24 20249 3 20259 23 20305 22 20362 2 20366 5 20378 4 20386 21 20480 24 20505 2 20512 1 20515 23 20560 23 20617 10 20635 3 20641 22 20736 27 20767 26 20812 26 20873 10 20890 5 20897 23 20937 1 20992 27 21023 21 21045 3 21071 23 21131 10 21145 6 21153 23 21190 2 21248 27 21280 20 21327 24 21387 20 21409 7 21418 14 21446 2 21504 27 21536 20 21580 27 21643 20 21664 6 21672 16 21760 27 21791 30 21836 26 21900 19 21920 6 21928 2 21931 14 22016 27 22046 31 22093 24 22158 10 22169 6 22177 6 22186 14 22272 27 22302 31 22359 14 22410 3 22414 10 22426 5 22433 4 22442 14 22528 27 22558 31 22616 2 22619 10 22649 1 22665 4 22670 17 22688 6 22697 14 22784 27 22814 4 22820 25 22865 1 22868 18 22905 2 22921 22 22947 2 22955 12 23040 22 23063 4 23070 3 23076 25 23117 24 23161 2 23177 4 23182 17 23203 1 23211 12 23296 22 23319 4 23326 3 23333 19 23353 4 23386 10 23417 2 23433 22 23469 10 23552 22 23575 4 23583 1 23589 18 23609 4 23641 11 23689 22 23725 9 23808 21 23831 4 23839 3 23844 19 23865 4 23892 17 23945 21 23981 8 24064 14 24079 1 24087 4 24095 3 24100 19 24121 4 24142 3 24147 17 24200 11 24212 11 24238 7 24320 12 24344 3 24351 4 24356 24 24404 15 24456 10 24473 6 24494 7 24576 13 24600 3 24607 4 24612 23 24660 15 24712 10 24729 5 24741 2 24749 9 24832 17 24851 2 24863 3 24869 19 24889 2 24917 14 24968 6 24985 3 24998 3 25005 14 25088 17 25107 2 25114 1 25119 2 25126 18 25175 9 25225 4 25242 2 25261 14 25344 17 25363 2 25370 1 25375 2 25395 4 25515 17 25600 17 25620 1 25631 2 25771 18 25856 17 26027 19 26112 17 26283 19 26368 17 26538 20 26574 2 26624 17 26668 1 26794 21 26829 4 26880 16 27049 26 27083 8 27136 16 27306 25 27338 9 27392 15 27431 6 27562 25 27593 10 27648 15 27685 10 27817 24 27848 11 27904 16 27934 3 27940 9 28073 22 28103 13 28157 20 28186 1 28189 16 28329 22 28359 13 28413 20 28441 23 28511 8 28586 19 28613 15 28667 23 28697 26 28766 11 28794 1 28844 17 28869 16 28922 26 28952 31 29017 16 29104 12 29125 16 29176 29 29207 32 29241 4 29273 16 29311 1 29361 10 29381 16 29423 2 29431 74 29529 19 29565 7 29623 4 29636 17 29679 3 29685 76 29785 20 29820 10 29880 3 29892 17 29935 4 29941 78 30041 20 30075 12 30137 2 30148 17 30191 84 30298 19 30330 13 30404 17 30447 84 30547 2 30555 18 30586 14 30661 16 30703 84 30803 2 30811 19 30841 15 30917 16 30959 84 31067 19 31097 15 31128 7 31173 15 31215 3 31219 80 31323 19 31353 15 31383 9 31430 13 31477 78 31579 20 31609 15 31639 9 31687 10 31733 78 31835 20 31864 16 31895 10 31945 1 31949 1 31989 79 32091 20 32121 16 32150 11 32246 78 32347 20 32377 16 32406 11 32502 81 32591 1 32602 21 32634 13 32659 1 32661 14 32697 2 32759 81 32847 2 32858 21 32891 11 32914 17 32944 2 32951 4 33015 32 33049 49 33101 4 33114 21 33147 10 33169 19 33195 1 33199 3 33206 5 33271 25 33297 6 33305 50 33359 1 33370 21 33405 7 33427 16 33455 2 33461 6 33528 23 33554 2 33562 50 33626 21 33683 13 33712 2 33716 9 33784 23 33810 1 33821 48 33883 20 33939 13 33968 14 34040 24 34079 48 34139 20 34197 10 34226 13 34297 23 34335 31 34367 17 34397 18 34456 7 34483 12 34553 21 34580 1 34591 33 34625 15 34653 18 34713 5 34738 14 34810 19 34835 1 34847 32 34881 16 34909 18 34970 3 34993 15 35067 18 35104 32 35137 16 35167 14 35226 3 35252 12 35323 18 35361 48 35425 12 35482 3 35508 12 35581 16 35617 24 35642 22 35683 8 35765 12 35840 13 35873 24 35901 20 36021 12 36096 13 36128 23 36159 17 36277 12 36352 9 36385 23 36415 17 36533 12 36608 9 36643 25 36670 15 36790 11 36864 10 36901 39 37047 10 37120 11 37158 25 37187 7 37303 9 37376 11 37415 6 37422 1 37425 14 37443 1 37560 8 37632 13 37681 14 37819 2 37888 13 37914 2 37937 14 38144 14 38171 2 38193 14 38400 9 38427 1 38450 12 38656 8 38707 5 38713 4 38912 11 38934 1 38963 4 38969 4 39168 14 39186 2 39189 2 39219 4 39226 3 39424 12 39437 1 39442 2 39446 1 39450 1 39475 2 39482 3 39680 5 39687 7 39738 3 39936 5 39943 7 39994 3 40192 6 40199 8 40243 2 40250 3 40448 6 40455 8 40482 1 40499 3 40506 3 40704 4 40709 10 40730 1 40749 2 40755 3 40762 3 40960 15 40979 2 40985 2 41005 1 41011 3 41018 3 41216 3 41223 8 41234 5 41241 3 41267 3 41274 3 41472 2 41479 8 41490 6 41497 3 41523 2 41530 3 41728 2 41735 8 41746 10 41779 3 41984 2 41991 8 42001 12 42035 3 42240 2 42247 8 42257 12 42273 4 42291 3 42299 2 42496 1 42503 9 42514 11 42529 4 42547 3 42555 2 42752 2 42758 23 42785 4 42797 2 42804 2 42811 2 43008 3 43013 24 43041 4 43053 4 43059 3 43067 2 43264 29 43296 5 43308 10 43323 1 43520 29 43552 5 43565 8 43579 1 43776 21 43798 7 44032 21 44054 3 44059 2 44288 17 44310 2 44316 1 44544 16 44566 1 44571 2 44800 16 44818 5 44827 6 45056 15 45072 7 45083 7 45312 15 45330 6 45343 4 45568 15 45587 5 45601 1 45824 15 45843 4 45925 5 46080 15 46100 3 46179 10 46336 16 46356 3 46433 14 46592 16 46612 3 46688 16 46848 17 46943 18 47104 17 47199 18 47360 17 47455 18 47616 17 47710 19 47872 17 47965 20 48128 17 48221 20 48384 17 48477 20 48640 17 48733 21 48896 17 48989 23 49152 16 49245 23 49408 16 49467 1 49501 23 49664 16 49723 1 49757 23 49920 17 50014 23 50176 17 50235 1 50271 22 50432 17 50483 2 50491 1 50528 22 50688 17 50739 2 50785 22 50944 13 50995 1 51003 2 51042 21 51200 12 51259 2 51298 21 51456 8 51515 2 51555 20 51712 6 51771 2 51811 20 51968 5 52021 1 52026 3 52067 20 52224 5 52277 1 52281 4 52324 19 52480 5 52537 3 52581 17 52736 5 52793 3 52837 16 52992 5 53050 3 53094 14 53248 6 53301 3 53306 3 53350 13 53504 7 53557 3 53562 3 53607 8 53760 8 53818 2 53865 2 54016 9 54065 3 54272 9 54321 3 54528 9 54577 4 54585 2 54784 5 54833 4 54841 2 55040 5 55089 4 55097 2 55296 5 55345 4 55353 2 55552 4 55609 2 55808 3 55865 2 56064 3 56320 3 56576 3 56634 1 56832 3 56890 1 57088 3 57145 2 57344 3 57401 2 57600 3 57657 1 57856 3 57914 1 58112 3 58169 4 58368 3 58425 4 58624 3 58681 4 58880 3 58938 2 59136 3 59392 3 59648 3 59904 4 60160 4 60416 5 60475 1 60672 5 60928 5 61184 5 61440 5 61696 1 61952 1 62208 2 62226 5 62464 2 62479 8 62720 2 62728 3 62733 10 62749 1 62757 3 62976 2 62985 2 62990 9 63013 3 63232 1 64768 2 64806 4 65024 2 65061 6 65317 5
976097,0 315 316 163 484 88 573 160 741 246 996 247 1252 247 1506 249 1761 251 2016 253 2271 657 2929 255 3185 254 3441 255 3697 138 3836 116 3954 135 4094 115 4210 134 4350 249 4605 250 4861 248 5117 248 5373 138 5513 106 5632 134 5769 106 5888 133 6024 106 6144 133 6279 106 6400 133 6535 105 6655 134 6791 104 6905 2 6911 103 7016 8 7025 20 7047 103 7158 5 7166 103 7272 3 7277 3 7281 20 7303 102 7413 6 7422 109 7532 5 7538 19 7559 101 7669 2 7677 110 7788 25 7815 100 7925 1 7933 88 8023 32 8056 115 8187 85 8273 33 8307 3 8313 113 8441 87 8530 27 8559 3 8563 3 8569 19 8591 91 8683 2 8695 89 8787 26 8815 7 8825 17 8847 46 8895 46 8949 92 9043 26 9071 6 9081 16 9102 47 9151 46 9204 93 9299 34 9336 16 9357 48 9407 46 9459 130 9591 11 9603 4 9609 51 9663 45 9714 131 9847 5 9853 5 9861 2 9864 52 9919 44 9970 98 10069 33 10103 4 10109 5 10117 55 10175 41 10217 2 10225 94 10321 3 10326 27 10355 3 10359 3 10365 5 10372 55 10430 41 10481 100 10583 24 10611 6 10620 6 10628 55 10686 40 10737 100 10839 24 10867 6 10876 6 10884 55 10941 40 10993 100 11099 12 11113 8 11123 6 11131 7 11140 55 11197 39 11248 101 11355 13 11373 5 11379 6 11387 7 11396 55 11453 38 11503 104 11611 14 11631 16 11649 57 11709 37 11759 104 11868 3 11873 10 11887 16 11905 56 11965 36 12014 107 12122 3 12128 3 12132 7 12144 3 12149 10 12160 57 12221 35 12262 1 12268 113 12384 2 12388 8 12398 5 12405 68 12477 34 12517 3 12523 75 12599 36 12646 13 12662 10 12673 56 12733 34 12773 4 12778 113 12899 2 12902 15 12918 10 12930 53 12989 33 13029 4 13034 113 13155 2 13158 27 13186 45 13232 10 13244 33 13285 4 13291 112 13408 1 13411 30 13442 45 13488 10 13500 33 13540 4 13547 110 13664 79 13744 10 13756 32 13796 3 13803 110 13921 89 14012 31 14051 3 14058 112 14177 78 14256 10 14268 31 14313 114 14434 77 14512 10 14523 31 14569 119 14691 13 14705 62 14769 8 14779 31 14823 89 14913 31 14947 13 14961 62 15025 40 15079 84 15164 3 15168 30 15203 24 15228 40 15270 9 15281 40 15334 84 15421 32 15459 24 15484 39 15527 8 15536 41 15589 84 15676 33 15712 1 15715 2 15718 21 15740 5 15748 25 15775 4 15782 9 15792 41 15844 7 15853 76 15932 33 15968 5 15974 20 15996 5 16004 25 16031 16 16048 41 16099 7 16109 76 16187 34 16223 5 16229 55 16287 57 16352 10 16365 41 16407 34 16443 34 16479 61 16543 57 16607 11 16624 37 16663 33 16699 92 16793 3 16799 56 16862 13 16881 36 16919 33 16955 91 17049 3 17055 3 17060 6 17069 42 17119 12 17137 36 17175 33 17210 93 17305 3 17320 47 17376 13 17392 37 17431 33 17466 93 17561 3 17576 47 17633 12 17647 36 17684 1 17687 7 17695 25 17723 34 17758 32 17793 22 17831 48 17883 1 17891 44 17936 2 17939 2 17944 32 17979 34 18014 32 18050 12 18065 7 18083 51 18139 1 18149 50 18201 30 18235 65 18309 4 18321 7 18340 49 18394 3 18410 45 18457 28 18491 34 18526 29 18566 3 18578 7 18599 46 18650 4 18667 73 18747 33 18782 23 18807 3 18817 1 18821 4 18834 9 18855 45 18905 7 18926 43 18970 26 19004 32 19039 22 19063 6 19073 1 19077 8 19090 8 19111 45 19161 8 19183 68 19260 31 19294 33 19332 9 19345 8 19356 5 19366 45 19417 15 19442 65 19515 32 19549 35 19587 10 19601 8 19611 6 19619 6 19627 40 19673 19 19697 42 19741 5 19748 15 19767 73 19843 3 19849 4 19857 1 19859 4 19865 14 19883 41 19929 60 19992 2 19997 4 20004 15 20022 2 20026 70 20099 2 20105 3 20110 1 20115 4 20121 12 20138 42 20186 59 20254 2 20259 15 20277 3 20282 60 20343 8 20355 2 20363 4 20369 4 20377 12 20392 44 20442 59 20504 1 20510 3 20514 15 20533 2 20538 59 20599 9 20611 1 20619 4 20624 3 20633 11 20648 43 20697 38 20736 20 20766 18 20790 1 20794 5 20801 52 20855 12 20871 1 20875 7 20887 5 20895 4 20904 43 20953 32 20986 2 20992 19 21021 18 21050 5 21057 52 21111 12 21127 1 21131 7 21143 4 21151 4 21160 43 21209 34 21248 19 21275 19 21306 5 21313 52 21366 14 21381 10 21393 2 21398 4 21407 2 21415 13 21429 30 21465 34 21504 17 21531 4 21537 12 21561 6 21569 78 21649 2 21655 2 21662 3 21670 14 21685 30 21721 19 21741 14 21760 15 21786 4 21794 11 21809 1 21817 5 21825 53 21879 23 21905 2 21911 3 21915 6 21925 17 21944 19 21965 5 21977 18 21998 2 22004 5 22016 15 22042 4 22049 12 22065 1 22073 5 22081 76 22161 1 22166 10 22181 17 22200 18 22221 4 22233 18 22253 2 22261 2 22272 15 22298 3 22304 3 22308 9 22321 1 22327 6 22337 76 22415 2 22421 11 22434 20 22456 17 22477 4 22483 2 22489 22 22528 15 22555 3 22559 4 22564 10 22576 2 22582 7 22593 65 22659 9 22671 1 22676 35 22712 17 22732 5 22739 2 22745 22 22784 15 22811 8 22820 2 22825 20 22849 65 22915 7 22932 5 22939 44 22987 5 22995 2 23001 22 23026 1 23031 2 23040 15 23058 1 23069 5 23081 19 23104 72 23188 5 23195 2 23198 41 23243 5 23252 1 23257 26 23287 3 23291 2 23296 19 23325 4 23336 19 23359 72 23437 11 23455 39 23497 6 23513 28 23547 2 23552 19 23581 5 23591 20 23615 71 23691 12 23711 26 23738 12 23753 6 23769 30 23803 2 23808 13 23824 3 23828 2 23835 30 23869 38 23909 33 23945 14 23965 6 23972 20 23994 12 24007 8 24024 31 24059 2 24064 13 24091 4 24098 22 24125 38 24165 33 24200 17 24221 6 24228 20 24250 21 24279 32 24320 10 24345 4 24353 15 24369 5 24379 40 24421 52 24477 50 24535 32 24576 10 24601 4 24609 15 24625 5 24633 42 24677 52 24732 51 24791 32 24832 10 24857 4 24865 10 24876 55 24933 52 24988 50 25047 30 25088 10 25109 2 25113 4 25121 10 25133 54 25189 52 25243 31 25275 19 25303 29 25344 10 25364 1 25369 4 25377 66 25444 86 25531 18 25558 29 25595 4 25600 13 25619 2 25625 4 25633 153 25787 18 25813 30 25851 4 25856 12 25881 4 25888 173 26069 3 26075 22 26105 6 26112 12 26136 5 26145 172 26325 2 26330 22 26357 10 26368 11 26394 3 26401 175 26581 1 26585 22 26611 12 26624 11 26650 3 26657 175 26840 23 26866 7 26874 5 26880 12 26897 1 26905 4 26913 64 26978 87 27068 19 27093 1 27095 23 27119 10 27131 4 27136 13 27152 3 27161 5 27169 63 27234 87 27324 19 27348 25 27375 10 27386 5 27392 9 27403 1 27408 4 27416 8 27425 2 27429 58 27489 88 27580 17 27604 43 27648 9 27665 2 27671 10 27685 58 27745 88 27836 16 27859 54 27915 3 27927 8 27941 57 28001 88 28092 9 28115 28 28149 20 28171 3 28183 8 28197 56 28256 89 28370 29 28405 18 28433 6 28440 9 28453 54 28511 90 28625 29 28661 18 28689 5 28696 9 28709 54 28767 90 28879 31 28916 19 28945 5 28952 8 28962 57 29022 91 29124 9 29134 25 29163 27 29201 5 29208 7 29218 56 29278 8 29287 81 29377 38 29419 26 29457 13 29473 56 29533 86 29629 42 29675 26 29713 13 29729 56 29788 86 29884 42 29930 27 29968 15 29985 55 30044 7 30052 11 30064 61 30127 2 30137 45 30185 14 30201 12 30224 14 30241 27 30270 22 30299 8 30309 10 30321 24 30346 35 30392 46 30439 16 30457 12 30481 14 30498 25 30527 5 30538 8 30555 8 30568 7 30577 24 30603 28 30633 2 30646 40 30687 4 30695 15 30713 12 30731 2 30738 13 30753 25 30783 4 30795 6 30811 8 30824 7 30832 19 30852 5 30858 29 30889 2 30901 38 30944 1 30951 15 30970 10 30987 4 30996 11 31009 24 31038 4 31053 1 31056 1 31067 8 31080 61 31157 37 31205 17 31225 10 31243 4 31252 11 31264 22 31295 2 31323 8 31336 61 31413 36 31457 1 31459 31 31492 1 31503 3 31509 32 31579 9 31591 60 31663 2 31669 37 31707 39 31747 2 31759 3 31765 32 31835 10 31847 60 31919 2 31925 81 32011 1 32014 5 32020 32 32091 72 32167 1 32175 2 32181 80 32266 3 32270 34 32305 3 32347 71 32430 3 32438 79 32520 1 32524 35 32561 2 32603 71 32686 1 32693 76 32775 3 32780 35 32818 1 32859 74 32947 78 33029 5 33036 35 33116 71 33201 80 33285 5 33291 36 33366 1 33372 70 33457 81 33540 2 33543 3 33547 32 33581 2 33622 2 33628 67 33709 88 33799 32 33833 1 33838 1 33879 2 33884 66 33965 121 34093 3 34135 3 34141 64 34219 97 34317 17 34335 7 34348 4 34392 2 34397 62 34475 123 34604 3 34617 2 34624 6 34649 2 34653 62 34727 127 34872 3 34879 9 34905 1 34909 61 34977 133 35127 4 35133 17 35151 7 35161 2 35165 61 35229 136 35383 3 35388 27 35417 3 35421 60 35485 135 35638 3 35643 28 35677 59 35740 135 35894 3 35898 29 35933 58 35996 131 36150 2 36154 29 36189 53 36251 130 36406 1 36410 29 36445 18 36465 32 36507 126 36661 2 36665 32 36700 32 36733 20 36761 56 36819 66 36917 2 36921 32 36955 54 37011 61 37075 64 37168 1 37173 2 37176 33 37211 53 37267 126 37423 2 37429 2 37433 32 37468 19 37489 31 37523 124 37657 10 37679 2 37683 40 37725 18 37745 28 37784 119 37911 16 37935 2 37939 40 37981 18 38001 25 38040 117 38165 18 38190 1 38193 62 38257 24 38291 2 38297 116 38421 18 38445 2 38449 62 38513 2 38517 19 38547 3 38553 115 38673 22 38700 53 38754 13 38769 2 38772 9 38784 6 38801 6 38811 112 38929 22 38953 56 39011 11 39024 3 39029 8 39039 6 39055 8 39067 112 39184 19 39209 56 39268 8 39287 4 39293 4 39309 10 39325 52 39380 55 39439 19 39465 56 39525 4 39551 2 39564 11 39581 52 39635 55 39695 19 39720 53 39775 2 39815 16 39838 49 39889 56 39950 21 39976 53 40069 18 40093 1 40095 106 40206 22 40232 53 40313 4 40324 19 40350 107 40462 23 40487 13 40502 38 40562 2 40570 3 40581 19 40606 103 40710 6 40718 37 40757 38 40817 3 40826 3 40837 19 40863 102 40967 5 40974 37 41012 38 41074 2 41083 2 41093 19 41115 106 41223 5 41231 72 41338 7 41349 19 41372 3 41377 99 41479 5 41487 36 41524 35 41594 7 41605 19 41628 3 41633 99 41738 2 41743 4 41749 29 41779 35 41830 7 41851 7 41860 20 41884 2 41890 98 41990 1 41994 1 41999 4 42005 64 42085 8 42108 28 42139 3 42146 101 42250 1 42255 3 42261 64 42337 2 42342 12 42358 2 42363 28 42397 1 42403 98 42506 1 42511 4 42516 65 42585 6 42592 3 42598 13 42613 15 42629 18 42653 2 42658 99 42761 1 42766 70 42840 27 42869 35 42909 103 43017 1 43021 37 43060 32 43096 27 43125 36 43165 103 43272 3 43277 37 43316 32 43351 28 43381 36 43422 102 43527 4 43533 37 43572 32 43606 9 43618 17 43636 37 43679 100 43783 4 43789 38 43828 43 43875 56 43936 99 44039 4 44045 38 44084 43 44131 56 44192 99 44296 3 44301 38 44340 42 44386 59 44448 99 44552 3 44557 38 44596 42 44641 60 44704 99 44808 2 44813 38 44852 106 44960 99 45064 2 45069 38 45108 107 45216 99 45325 38 45364 73 45441 129 45580 39 45620 36 45657 36 45697 127 45836 111 45958 122 46092 111 46215 121 46337 1 46348 113 46467 3 46471 32 46508 87 46604 114 46723 36 46763 88 46859 116 46977 130 47115 248 47370 145 47519 100 47625 145 47776 99 47881 137 48020 5 48028 1 48033 1 48036 95 48137 128 48267 6 48276 4 48283 2 48291 95 48393 127 48523 5 48533 2 48537 3 48545 97 48648 128 48779 4 48789 2 48793 2 48800 97 48903 12 48917 122 49048 3 49056 49 49107 45 49158 137 49303 4 49312 48 49363 45 49413 6 49421 2 49425 126 49559 4 49569 95 49668 7 49677 2 49680 127 49813 5 49825 95 49922 9 49933 128 50067 6 50080 111 50192 125 50323 3 50327 2 50336 110 50447 126 50593 109 50703 125 50849 24 50874 211 51091 3 51104 24 51130 211 51347 4 51355 29 51386 211 51601 38 51642 98 51741 112 51857 5 51863 32 51897 211 52113 5 52121 30 52153 212 52369 6 52377 30 52409 212 52626 5 52633 29 52665 101 52767 111 52882 6 52889 29 52921 101 53024 111 53137 8 53147 26 53179 68 53248 30 53280 111 53393 9 53403 4 53408 21 53435 68 53504 144 53649 9 53660 2 53663 6 53670 15 53688 67 53758 1 53760 144 53905 9 53916 2 53919 6 53926 6 53935 6 53943 66 54016 155 54172 25 54199 64 54272 155 54428 12 54442 11 54455 62 54518 2 54528 167 54697 12 54711 58 54784 167 54953 11 54966 58 55040 174 55215 63 55296 173 55471 59 55552 233 55808 4 55816 223 56064 4 56073 192 56266 26 56320 7 56328 192 56523 22 56576 7 56584 191 56781 18 56832 199 57036 18 57088 148 57237 41 57281 26 57344 3 57350 185 57537 24 57606 208 57856 1 57861 208 58112 1 58116 205 58368 2 58371 204 58625 203 58883 199 59136 1 59139 196 59392 2 59395 195 59648 195 59904 194 60160 191 60416 191 60672 188 60928 186 61184 183 61368 2 61440 181 61696 180 61952 180 62208 177 62464 176 62720 173 62976 172 63232 169 63488 168 63744 165 64000 163 64256 156 64413 2 64512 156 64670 1 64768 155 65024 154 65280 149
980103,0 177 205 186 393 8 405 6 420 10 461 186 648 3 652 4 663 4 677 7 718 186 921 2 934 5 973 185 1163 2 1177 3 1190 4 1229 187 1418 6 1431 11 1445 4 1488 4 1497 184 1685 1 1687 12 1701 3 1753 184 1939 20 1987 2 2009 184 2195 17 2243 2 2265 195 2465 2 2499 3 2519 196 2755 2 2775 196 3031 195 3288 187 3547 184 3806 181 4063 180 4249 2 4319 181 4505 2 4575 180 4761 2 4831 180 5089 180 5273 2 5309 1 5345 176 5524 1 5529 2 5564 1 5603 176 5785 2 5819 2 5826 1 5860 175 6041 2 6074 3 6082 2 6117 174 6293 6 6330 3 6338 2 6373 182 6585 5 6594 1 6628 183 6818 1 6841 5 6850 2 6884 184 7073 2 7097 5 7106 3 7141 183 7329 2 7354 4 7362 3 7397 183 7585 3 7613 1 7618 3 7651 185 7841 2 7869 2 7874 4 7906 186 8125 2 8131 4 8136 2 8161 187 8387 4 8392 2 8417 187 8643 3 8648 2 8673 187 8899 3 8903 3 8930 186 9155 8 9185 182 9369 3 9402 1 9411 8 9438 185 9625 3 9657 3 9668 6 9684 1 9692 187 9881 4 9913 3 9924 6 9939 2 9948 193 10169 3 10180 7 10195 4 10203 194 10425 3 10436 7 10450 6 10459 194 10680 4 10693 6 10706 7 10715 193 10936 5 10949 6 10962 7 10971 193 11193 4 11205 4 11218 7 11226 194 11449 4 11460 5 11475 201 11706 5 11717 3 11722 1 11731 7 11739 193 11962 4 11973 3 11977 3 11987 6 11994 197 12217 6 12226 2 12229 8 12243 4 12251 196 12472 17 12491 2 12500 3 12508 195 12709 1 12722 23 12757 2 12766 193 12965 2 12977 24 13023 193 13219 6 13231 29 13280 193 13475 8 13486 31 13528 3 13537 202 13741 31 13783 5 13795 199 13998 29 14039 6 14052 197 14255 18 14274 3 14279 3 14295 6 14309 195 14510 18 14531 3 14535 3 14551 8 14567 193 14765 18 14807 9 14824 11 14838 178 15020 18 15039 1 15063 10 15081 10 15094 178 15273 21 15296 1 15323 8 15337 10 15350 200 15552 1 15579 8 15593 10 15606 200 15839 4 15849 10 15863 199 16067 1 16095 5 16105 8 16119 8 16128 197 16330 2 16347 5 16358 10 16374 9 16384 197 16586 3 16603 4 16615 7 16629 10 16640 197 16843 2 16896 192 17089 5 17152 161 17316 28 17345 6 17406 1 17408 161 17571 29 17603 4 17661 195 17859 3 17917 195 18115 4 18173 202 18429 202 18676 1 18685 159 18846 41 18930 3 18934 166 19101 43 19186 3 19190 170 19361 7 19370 23 19396 3 19427 4 19441 175 19617 7 19627 21 19653 2 19683 8 19696 177 19875 4 19882 20 19909 2 19939 189 20132 3 20138 19 20164 2 20195 188 20387 4 20393 9 20407 5 20451 187 20643 4 20649 9 20663 4 20706 188 20899 24 20961 188 21155 23 21217 188 21411 5 21418 9 21473 188 21667 5 21675 1 21677 6 21729 188 21923 4 21933 5 21985 187 22180 3 22191 2 22241 186 22436 3 22497 185 22692 3 22753 185 22947 3 23008 185 23203 3 23264 184 23455 2 23459 3 23520 183 23706 1 23710 3 23715 3 23776 199 24031 200 24288 184 24474 13 24544 184 24730 13 24772 2 24801 183 24991 1 24993 6 25027 2 25057 183 25242 1 25250 3 25283 2 25313 187 25506 3 25539 2 25571 186 25758 8 25796 1 25821 1 25826 7 25837 176 26015 8 26031 1 26077 2 26085 2 26098 171 26271 8 26287 2 26333 2 26354 171 26527 9 26543 2 26609 172 26782 9 26799 2 26864 183 27053 4 27119 16 27136 167 27309 3 27376 15 27392 158 27551 9 27633 12 27648 157 27807 8 27889 12 27904 157 28063 9 28074 1 28145 11 28160 168 28330 1 28401 11 28416 171 28591 2 28657 12 28672 171 28847 4 28916 9 28928 179 29164 1 29173 3 29179 1 29184 167 29352 11 29420 2 29429 2 29435 1 29440 166 29616 2 29677 2 29696 167 29871 2 29933 2 29939 1 29952 167 30125 2 30194 3 30208 171 30382 3 30450 3 30464 169 30638 6 30646 1 30672 2 30705 3 30720 181 30906 6 30927 4 30962 2 30976 184 31161 8 31171 3 31183 4 31232 193 31426 5 31433 2 31437 6 31488 193 31682 10 31693 6 31744 162 31907 30 31938 17 32000 192 32195 17 32246 1 32256 176 32433 15 32453 15 32512 192 32709 15 32768 172 32941 20 32962 18 33024 171 33197 39 33280 171 33453 39 33536 213 33792 213 34048 214 34304 214 34560 213 34816 214 35072 217 35328 217 35584 219 35835 1 35837 222 36091 224 36332 1 36347 224 36588 1 36603 5 36609 218 36836 3 36843 2 36857 7 36865 218 37092 3 37099 1 37109 2 37112 8 37123 216 37348 3 37354 2 37365 11 37380 215 37605 2 37609 3 37621 11 37638 210 37860 2 37865 2 37876 12 37895 209 38116 2 38121 2 38131 13 38151 209 38368 1 38371 4 38386 14 38407 210 38618 1 38621 1 38624 1 38627 4 38641 15 38663 226 38897 15 38918 228 39155 13 39173 230 39412 12 39429 230 39669 11 39684 231 39925 6 39934 2 39937 1 39940 231 40181 6 40190 239 40434 1 40447 238 40703 239 40957 241 41212 241 41467 242 41723 34 41758 208 41975 1 41978 37 42017 204 42231 39 42272 203 42485 41 42527 203 42742 243 42987 1 42998 248 43254 251 43511 9 43521 240 43766 10 43777 242 44022 10 44033 22 44056 1485 45543 253 45799 250 46057 248 46313 32 46347 213 46570 31 46604 212 46827 30 46861 212 47086 27 47117 212 47343 26 47373 212 47599 26 47629 212 47855 26 47885 212 48110 26 48143 6 48150 203 48366 23 48407 202 48622 23 48662 203 48878 22 48918 203 49133 24 49174 203 49389 24 49431 202 49647 22 49687 202 49903 23 49944 201 50159 24 50200 201 50415 27 50449 4 50457 200 50671 28 50704 5 50713 200 50927 38 50975 195 51183 40 51233 194 51439 40 51492 192 51694 36 51732 3 51749 191 51950 36 52005 192 52205 38 52261 193 52461 38 52518 193 52715 13 52731 25 52774 194 52971 12 52987 26 53030 194 53227 12 53244 25 53286 195 53482 12 53500 25 53541 209 53755 26 53797 209 54011 26 54051 210 54265 28 54305 212 54521 29 54559 213 54775 31 54814 213 55031 32 55067 189 55258 25 55285 227 55513 16 55531 8 55541 2270 57815 25 57843 223 58071 25 58100 224 58327 26 58354 226 58582 541 59125 236 59362 14 59383 249 59639 230 59870 18 59895 249 60150 223 60374 1 60378 23 60406 224 60634 24 60661 224 60889 25 60917 223 61145 25 61173 222 61400 27 61430 221 61656 27 61685 221 61911 8 61923 16 61940 221 62167 1 62171 2 62174 1 62179 226 62406 11 62427 2 62437 235 62683 2 62693 235 62934 1 62936 5 62949 235 63193 4 63205 234 63447 6 63461 234 63703 6 63717 231 63958 9 63971 234 64214 9 64226 234 64471 8 64484 19 64504 210 64727 8 64741 230 64983 8 64999 229 65239 8 65257 228 65497 6 65509 27
981723,0 11 15 65 143 72 229 37 277 58 400 69 487 34 534 57 656 69 743 35 791 56 912 69 997 37 1046 57 1168 69 1253 38 1297 62 1423 70 1509 38 1553 6 1561 54 1679 69 1766 38 1810 4 1819 52 1906 5 1935 69 2026 35 2067 2 2079 50 2161 6 2191 69 2283 35 2323 1 2339 3 2346 39 2415 8 2448 67 2541 34 2596 1 2603 38 2670 9 2704 67 2797 35 2861 36 2926 9 2960 65 3053 36 3117 37 3182 10 3216 65 3310 35 3375 35 3437 12 3472 64 3567 35 3631 35 3693 12 3728 64 3823 36 3887 34 3948 13 3983 65 4079 36 4144 33 4203 14 4238 67 4336 35 4400 33 4459 16 4477 2 4494 67 4593 34 4656 32 4715 16 4733 2 4750 68 4850 33 4912 31 4971 18 4990 1 5006 69 5108 31 5168 31 5228 18 5261 70 5365 31 5424 31 5484 20 5517 70 5621 32 5679 31 5740 20 5773 70 5878 31 5935 30 5987 4 5996 21 6029 70 6113 9 6135 31 6191 30 6243 4 6251 22 6285 70 6365 15 6391 32 6447 28 6501 4 6506 24 6542 69 6619 19 6647 33 6702 29 6759 28 6798 69 6874 22 6903 34 6958 27 7017 26 7055 68 7130 28 7159 34 7213 27 7255 5 7273 26 7311 68 7385 66 7469 26 7507 12 7530 25 7567 68 7640 67 7725 24 7763 12 7787 24 7824 67 7897 69 7967 7 7979 25 8017 18 8038 4 8047 19 8079 72 8152 79 8235 24 8271 29 8302 19 8335 180 8525 52 8591 109 8703 68 8777 55 8846 110 8960 68 9031 54 9101 112 9216 69 9286 55 9349 3 9357 112 9472 127 9604 5 9613 112 9728 127 9859 4 9869 112 9984 124 10116 3 10125 114 10240 123 10373 3 10381 114 10496 124 10630 2 10637 114 10752 124 10887 1 10893 234 11149 234 11405 44 11452 100 11556 81 11659 44 11711 96 11813 80 11915 43 11970 59 12032 31 12069 81 12167 26 12199 14 12229 55 12288 31 12325 82 12421 28 12455 14 12490 49 12544 29 12581 81 12676 29 12713 10 12749 45 12800 29 12837 81 12931 30 12970 9 13005 44 13056 28 13093 80 13185 33 13227 6 13263 41 13312 28 13349 79 13441 34 13484 4 13519 40 13568 27 13604 79 13696 37 13776 39 13823 28 13860 79 13952 38 14033 38 14079 27 14116 79 14207 40 14290 37 14333 29 14371 80 14463 40 14546 37 14587 31 14627 80 14718 41 14803 36 14842 32 14883 79 14974 41 15059 36 15098 31 15139 79 15230 41 15305 8 15314 35 15353 32 15394 80 15485 43 15560 45 15609 30 15649 81 15741 43 15815 46 15864 31 15905 81 15998 42 16071 46 16119 33 16161 80 16254 43 16326 86 16417 81 16510 43 16581 173 16767 42 16837 172 17023 42 17093 158 17252 12 17279 42 17347 158 17509 10 17535 43 17603 157 17792 43 17839 7 17857 159 18048 44 18094 10 18113 159 18305 59 18365 164 18561 223 18816 223 19073 222 19329 223 19585 224 19814 7 19839 226 20069 10 20093 244 20346 249 20601 2866 23470 49 23523 200 23728 47 23779 199 23986 43 24035 198 24243 27 24273 11 24291 198 24501 24 24531 7 24547 197 24759 22 24803 197 25016 20 25059 196 25273 19 25315 196 25532 15 25571 196 25791 11 25827 197 26083 199 26338 202 26594 7 26616 181 26850 7 26872 36 26913 140 27107 5 27129 14 27145 18 27170 140 27363 4 27385 14 27402 15 27423 144 27642 13 27664 9 27678 145 27899 12 27932 147 28160 7 28187 9 28197 138 28416 7 28443 9 28455 136 28672 7 28699 9 28711 136 28928 7 28955 8 28967 77 29047 56 29184 7 29211 8 29223 76 29305 54 29440 6 29469 6 29481 74 29563 52 29696 5 29725 6 29737 73 29819 53 29952 5 29992 74 30075 53 30208 5 30248 74 30332 52 30464 4 30503 75 30588 52 30720 4 30759 75 30844 53 30976 3 31015 76 31100 53 31232 1 31272 75 31356 53 31528 76 31613 51 31785 75 31869 51 32041 75 32126 49 32298 73 32382 49 32555 72 32637 50 32811 72 32889 54 33068 71 33143 56 33325 67 33399 56 33581 67 33655 55 33839 66 33911 54 34104 58 34166 54 34362 57 34422 53 34590 6 34619 112 34845 8 34875 112 35098 12 35135 106 35353 14 35392 105 35605 18 35650 101 35860 19 35907 100 36114 21 36164 99 36369 22 36421 98 36625 22 36678 97 36881 22 36935 3 36939 91 37117 2 37136 23 37195 90 37370 6 37392 23 37453 88 37625 7 37647 24 37687 1 37710 87 37881 7 37903 24 37937 8 37966 87 38136 8 38159 24 38191 12 38223 94 38392 8 38415 25 38446 13 38479 96 38649 7 38671 26 38699 18 38735 97 38905 12 38927 46 38991 98 39161 14 39183 46 39239 2 39247 98 39393 4 39418 14 39439 46 39493 4 39503 99 39644 1 39647 7 39674 15 39695 47 39747 9 39759 100 39899 13 39930 15 39951 48 40003 112 40154 15 40186 15 40208 47 40258 114 40409 18 40442 15 40464 47 40514 14 40529 99 40664 19 40697 17 40720 47 40771 114 40915 24 40952 19 40977 47 41027 115 41169 27 41205 22 41233 48 41284 115 41406 8 41423 29 41459 24 41489 48 41538 1 41540 115 41661 11 41678 31 41715 24 41744 51 41796 169 41970 25 42000 51 42053 168 42226 25 42257 221 42482 25 42513 221 42739 24 42769 220 42995 24 43025 220 43252 23 43284 218 43508 23 43541 218 43764 20 43800 216 44019 20 44056 217 44275 17 44312 232 44545 2 44568 232 44825 231 45081 231 45337 231 45593 231 45849 231 46105 231 46342 2 46361 231 46595 7 46617 231 46850 10 46869 235 47105 13 47123 122 47248 251 47505 243 47749 3 47761 140 47907 94 48018 139 48165 92 48273 142 48423 90 48529 144 48680 88 48785 145 48937 86 49042 144 49193 84 49298 83 49382 60 49449 81 49554 82 49638 60 49705 79 49810 81 49895 59 49962 75 50067 79 50151 59 50219 74 50324 77 50407 59 50475 74 50581 75 50664 58 50732 72 50837 74 50921 57 50990 70 51094 73 51178 55 51247 69 51350 71 51435 54 51507 65 51608 68 51692 54 51765 63 51865 8 51875 57 51949 53 52023 64 52134 53 52207 14 52224 35 52279 67 52391 52 52464 8 52473 4 52480 35 52537 67 52647 52 52736 35 52794 3 52798 62 52904 51 52992 35 53057 60 53160 52 53248 36 53314 59 53416 53 53504 37 53571 59 53672 55 53760 37 53828 58 53928 55 54016 38 54085 58 54185 56 54272 39 54341 58 54441 57 54528 39 54597 58 54697 59 54784 39 54853 58 54954 58 55040 39 55110 58 55210 59 55296 39 55367 57 55466 59 55552 39 55624 57 55723 59 55808 38 55880 57 55979 59 56064 37 56137 56 56235 24 56265 30 56320 36 56393 56 56491 23 56521 30 56576 35 56649 56 56748 19 56779 29 56832 33 56906 54 57005 18 57036 29 57088 29 57162 54 57261 16 57293 28 57344 29 57419 52 57519 14 57549 28 57600 29 57675 53 57782 6 57805 28 57856 29 57932 52 58039 4 58061 29 58112 30 58189 51 58316 31 58368 31 58445 51 58572 31 58624 31 58701 50 58829 30 58880 31 58957 50 59085 30 59136 31 59213 50 59268 6 59290 9 59340 30 59392 31 59469 51 59523 9 59545 12 59595 30 59648 31 59725 66 59800 14 59847 34 59904 32 59981 66 60055 16 60102 33 60160 31 60237 67 60310 17 60355 29 60416 31 60492 68 60565 18 60611 26 60672 31 60744 24 60771 6 60780 60 60865 26 60928 31 60999 24 61030 1 61037 59 61121 26 61184 30 61253 24 61295 57 61377 26 61441 29 61509 24 61551 57 61633 27 61696 30 61763 24 61809 8 61818 45 61890 26 61952 30 62019 23 62066 6 62074 45 62146 26 62203 2 62208 31 62274 23 62330 45 62379 12 62402 27 62457 4 62464 31 62529 24 62585 64 62658 27 62712 40 62784 25 62840 72 62914 28 62965 43 63040 25 63096 43 63141 57 63221 44 63296 24 63344 3 63350 45 63397 58 63479 44 63552 23 63599 52 63652 59 63735 44 63808 21 63855 111 63989 47 64065 19 64111 111 64245 47 64321 13 64365 113 64499 49 64577 12 64621 113 64755 50 64835 9 64877 112 65010 13 65024 36 65092 8 65134 111 65266 12 65280 36 65349 6 65390 111 65523 6 65530 1
982804,0 65536
986585,0 65536
990714,1 74 77 144 228 53 296 2 300 28 335 1 341 32 380 22 410 59 493 40 534 1 561 21 598 1 601 27 637 20 667 57 749 42 820 17 847 1 856 27 891 23 922 57 1005 42 1075 17 1102 3 1112 27 1145 26 1177 58 1253 2 1261 42 1319 2 1331 16 1358 4 1368 29 1399 29 1433 59 1509 2 1517 42 1575 2 1588 15 1615 2 1624 29 1655 28 1690 57 1765 2 1774 42 1831 2 1845 14 1871 5 1878 1 1881 59 1950 52 2021 2 2031 41 2076 2 2087 3 2101 15 2127 8 2137 60 2205 53 2276 3 2288 29 2319 20 2344 2 2357 14 2384 7 2392 60 2461 54 2533 1 2547 25 2575 21 2602 1 2613 14 2641 5 2649 59 2718 53 2803 25 2829 11 2841 12 2869 12 2905 58 2975 9 2985 42 3061 34 3097 12 3125 11 3161 58 3232 2 3236 3 3241 1 3244 39 3319 19 3339 13 3353 12 3383 6 3417 58 3484 2 3488 1 3492 3 3501 38 3573 20 3595 13 3609 11 3641 4 3673 57 3739 6 3749 2 3757 38 3827 22 3850 14 3867 4 3873 2 3898 3 3929 56 3995 10 4011 41 4081 40 4123 4 4129 2 4154 2 4185 56 4250 12 4267 42 4337 39 4381 2 4386 1 4443 53 4505 14 4523 44 4592 40 4637 2 4699 53 4761 14 4780 44 4847 25 4874 15 4955 41 4998 9 5021 60 5103 25 5129 16 5212 52 5278 59 5359 26 5387 15 5471 50 5535 59 5615 25 5643 16 5727 52 5791 59 5871 24 5899 17 5984 5 5991 4 5997 3 6001 2 6007 29 6045 61 6127 24 6155 18 6240 2 6249 1 6253 2 6256 3 6263 29 6296 1 6300 62 6383 24 6412 17 6505 1 6508 10 6519 30 6551 68 6639 23 6669 17 6764 111 6895 23 6925 20 6970 2 7020 9 7030 101 7151 23 7181 21 7226 3 7277 5 7284 2 7287 101 7407 24 7437 22 7482 3 7533 4 7544 100 7665 22 7693 22 7739 2 7790 3 7800 100 7922 21 7950 22 7995 2 8057 98 8178 21 8207 21 8251 8 8308 2 8315 96 8435 19 8472 12 8508 8 8572 95 8691 18 8729 10 8764 8 8829 94 8947 18 8986 7 9020 1 9023 5 9083 1 9085 93 9203 18 9223 8 9233 1 9242 4 9275 2 9278 6 9337 96 9458 33 9492 3 9529 12 9593 1 9595 40 9636 52 9712 23 9739 8 9748 3 9785 5 9793 2 9851 92 9967 24 9997 4 10004 3 10041 4 10106 1 10109 90 10224 23 10253 2 10260 2 10297 4 10361 1 10365 90 10480 25 10516 3 10553 3 10617 1 10621 1 10623 87 10737 24 10810 2 10879 87 10993 23 11135 87 11249 23 11273 5 11391 35 11429 50 11505 30 11648 2 11651 24 11677 3 11685 50 11761 31 11908 23 11933 2 11941 50 12017 31 12109 1 12159 2 12165 20 12197 50 12272 32 12359 8 12412 2 12415 3 12421 20 12453 50 12527 20 12554 5 12612 12 12665 9 12676 22 12701 4 12709 50 12781 21 12811 4 12867 14 12921 10 12933 20 12957 4 12966 49 13037 21 13122 15 13175 11 13190 16 13207 2 13214 3 13222 49 13293 24 13318 1 13378 15 13431 11 13445 17 13463 2 13469 4 13477 50 13549 26 13581 3 13634 15 13685 13 13703 18 13726 3 13733 50 13804 26 13837 3 13890 15 13941 12 13959 3 13963 13 13989 50 14060 22 14091 5 14146 16 14197 10 14220 11 14248 47 14317 22 14347 5 14353 2 14402 17 14452 10 14472 2 14475 12 14507 44 14573 25 14601 4 14607 6 14658 17 14709 1 14712 10 14728 3 14732 11 14750 1 14763 46 14829 24 14857 3 14863 7 14899 5 14914 17 14969 8 14985 2 14989 9 15006 1 15020 45 15084 43 15152 10 15171 16 15228 4 15249 2 15276 44 15340 42 15407 11 15428 15 15484 3 15533 1 15537 36 15597 41 15661 14 15685 14 15789 2 15793 34 15834 1 15853 40 15917 14 15942 12 16044 3 16050 33 16090 1 16108 25 16138 11 16171 20 16199 11 16291 47 16363 26 16396 9 16426 23 16456 7 16465 1 16509 2 16512 1 16543 51 16619 26 16653 1 16679 32 16765 1 16769 2 16798 51 16875 26 16935 33 17053 52 17129 28 17189 35 17309 51 17383 30 17445 36 17536 1 17564 51 17638 30 17701 36 17780 2 17820 50 17893 30 17957 36 18076 49 18149 30 18213 36 18316 7 18327 52 18403 32 18469 36 18549 1 18571 9 18581 54 18655 42 18725 36 18825 68 18909 46 18959 1 18980 37 19080 69 19162 2 19165 54 19235 38 19334 71 19413 62 19491 38 19589 72 19668 67 19745 40 19844 70 19921 70 20001 40 20100 69 20177 77 20256 41 20355 69 20431 122 20611 68 20687 121 20868 66 20943 120 21124 65 21199 112 21380 52 21434 2 21455 94 21550 17 21636 52 21711 93 21806 20 21892 51 21967 92 22062 10 22073 8 22148 51 22223 92 22319 8 22330 9 22403 52 22479 92 22575 7 22587 8 22659 53 22735 92 22835 3 22844 7 22900 1 22915 52 22991 92 23099 2 23103 4 23171 52 23247 91 23355 2 23413 2 23427 6 23438 41 23502 91 23611 2 23668 4 23683 6 23694 41 23757 91 23924 4 23938 6 23948 3 23952 6 23960 5 23967 24 24013 90 24181 2 24194 6 24203 2 24210 3 24216 5 24222 25 24270 89 24431 2 24449 8 24459 1 24471 32 24527 88 24687 2 24691 3 24704 12 24728 31 24783 87 24947 3 24960 11 24985 32 25040 82 25123 2 25202 3 25216 11 25241 33 25296 81 25455 6 25471 13 25497 37 25553 80 25709 8 25725 17 25748 1 25753 38 25809 80 25965 9 25981 24 26009 39 26052 1 26065 80 26162 5 26221 9 26237 24 26265 40 26308 1 26321 81 26416 10 26479 1 26483 1 26493 30 26528 1 26531 29 26575 84 26671 12 26749 30 26789 28 26831 85 26925 14 27006 29 27047 26 27087 85 27181 14 27262 29 27305 24 27343 85 27437 14 27518 28 27551 3 27561 24 27598 87 27693 14 27775 27 27807 2 27817 23 27853 88 27950 13 28031 4 28037 20 28074 22 28109 87 28206 13 28295 18 28315 1 28331 20 28355 2 28365 87 28463 11 28552 17 28587 21 28611 3 28621 86 28720 9 28808 17 28843 21 28867 4 28877 82 28960 1 28978 5 29028 2 29064 23 29099 22 29123 4 29133 81 29235 3 29284 1 29320 23 29355 21 29389 72 29491 8 29576 23 29611 21 29646 72 29748 7 29832 23 29867 22 29902 72 30087 24 30124 21 30158 72 30343 25 30381 20 30414 72 30599 25 30638 21 30670 72 30745 1 30854 26 30894 21 30926 71 31000 5 31111 24 31151 21 31183 70 31255 7 31367 24 31407 22 31439 70 31510 9 31530 3 31623 23 31664 21 31698 67 31766 9 31783 7 31879 22 31920 21 31955 65 32022 8 32038 9 32135 22 32177 20 32213 63 32277 9 32294 9 32391 22 32433 20 32470 75 32552 8 32647 22 32690 19 32726 78 32809 8 32903 22 32947 19 32983 79 33064 9 33160 21 33183 3 33204 19 33239 89 33416 27 33461 19 33495 89 33672 28 33717 22 33751 90 33928 3 33934 23 33973 22 34007 90 34127 2 34190 23 34231 19 34262 91 34445 24 34487 17 34518 90 34699 26 34743 18 34775 89 34955 26 34999 19 35031 89 35208 29 35254 22 35277 4 35287 89 35463 31 35509 28 35543 90 35714 38 35765 26 35799 90 35969 39 36020 27 36055 90 36224 40 36277 27 36312 89 36480 39 36533 26 36568 89 36699 1 36735 41 36781 5 36788 27 36824 91 36955 2 36991 41 37034 37 37080 91 37247 80 37336 91 37503 80 37593 91 37724 1 37760 37 37799 40 37849 92 37979 2 38016 38 38055 40 38105 92 38235 2 38273 79 38360 3 38365 88 38491 1 38530 78 38617 2 38624 85 38787 77 38886 1 38890 75 39043 78 39151 70 39300 77 39407 70 39557 75 39662 69 39815 8 39826 62 39909 4 39918 69 40072 5 40083 60 40163 7 40173 69 40328 3 40339 60 40412 3 40417 80 40586 1 40595 58 40668 83 40852 56 40922 83 41107 56 41178 81 41363 55 41435 22 41458 56 41618 55 41691 20 41715 54 41874 51 41947 20 41971 4 41978 47 42130 49 42203 20 42227 54 42386 45 42460 76 42642 45 42715 76 42898 45 42971 75 43154 45 43227 74 43410 45 43483 74 43667 45 43739 74 43923 46 43977 8 43995 4 44003 66 44179 47 44231 10 44251 5 44259 66 44346 3 44436 48 44487 10 44507 5 44515 66 44603 3 44692 49 44743 10 44762 76 44859 3 44907 8 44949 145 45115 3 45161 10 45206 146 45403 1 45416 13 45463 46 45511 97 45659 1 45671 14 45721 43 45767 97 45866 1 45913 4 45927 14 45979 40 46023 100 46166 7 46183 14 46236 39 46279 100 46417 14 46439 15 46492 37 46533 102 46673 15 46695 15 46749 34 46789 102 46893 1 46928 17 46951 16 47005 32 47046 101 47148 2 47184 19 47207 16 47236 3 47261 30 47303 103 47440 19 47463 16 47491 5 47517 14 47535 12 47550 1 47561 101 47696 20 47718 17 47747 5 47773 4 47779 6 47792 17 47818 93 47914 3 47953 38 48003 4 48029 4 48037 3 48051 15 48075 92 48170 3 48209 38 48260 1 48285 4 48293 2 48307 16 48331 92 48465 39 48541 4 48549 1 48563 17 48587 92 48722 37 48797 3 48819 17 48845 90 48979 36 49073 20 49103 90 49235 36 49292 5 49328 22 49359 90 49493 34 49548 6 49582 24 49617 88 49749 34 49804 7 49838 24 49874 85 50005 34 50059 9 50084 3 50094 24 50131 85 50255 2 50261 34 50315 10 50340 3 50350 24 50387 87 50510 1 50516 35 50571 16 50594 5 50608 21 50645 88 50739 2 50771 21 50794 12 50827 15 50845 10 50865 20 50901 89 50995 4 51027 20 51051 10 51083 30 51122 17 51157 90 51250 5 51286 17 51339 30 51379 15 51413 99 51535 2 51544 15 51594 32 51639 11 51669 98 51792 1 51800 15 51850 32 51896 9 51925 42 51968 55 52057 4 52062 10 52105 34 52155 2 52182 39 52224 55 52313 4 52319 3 52323 4 52360 35 52439 37 52480 55 52580 3 52614 39 52695 37 52736 55 52836 3 52870 40 52952 36 52992 55 53091 4 53125 43 53209 30 53242 2 53248 55 53347 6 53381 44 53465 28 53498 2 53504 55 53604 9 53621 5 53636 45 53723 22 53760 55 53860 10 53875 8 53891 46 53980 20 54006 1 54016 55 54116 23 54147 45 54237 18 54272 55 54371 24 54403 45 54493 16 54528 55 54627 26 54658 47 54743 2 54747 13 54784 55 54883 28 54914 47 54999 2 55002 8 55012 3 55040 55 55139 78 55259 4 55296 55 55395 78 55515 4 55552 55 55652 77 55749 8 55762 1 55768 7 55779 4 55808 54 55908 77 55994 1 56004 11 56017 16 56035 7 56064 53 56164 77 56248 4 56257 51 56320 53 56420 31 56452 45 56504 4 56513 56 56576 52 56675 29 56709 44 56760 5 56768 57 56832 51 56931 28 56965 44 57016 4 57024 55 57088 50 57186 29 57221 44 57271 5 57279 55 57342 51 57441 29 57476 45 57526 7 57534 55 57598 46 57646 3 57698 26 57735 42 57781 64 57854 45 57903 1 57955 25 57992 41 58037 64 58110 46 58186 1 58211 24 58248 41 58291 66 58367 48 58441 1 58467 24 58504 108 58623 48 58724 23 58760 107 58880 45 58980 24 59017 106 59136 43 59185 4 59206 1 59236 25 59273 106 59392 43 59440 5 59461 4 59492 25 59529 105 59648 43 59696 6 59715 4 59720 1 59749 24 59779 3 59783 94 59879 9 59904 43 59953 5 59971 2 60005 24 60035 98 60134 10 60160 44 60209 5 60226 2 60261 24 60291 108 60416 44 60464 6 60482 1 60517 24 60546 109 60672 53 60773 24 60800 109 60928 52 61029 24 61057 107 61184 44 61233 4 61275 1 61284 25 61314 105 61440 21 61462 22 61489 4 61540 25 61569 106 61696 18 61718 11 61736 3 61800 20 61825 106 61947 21 61973 11 62057 18 62081 106 62203 23 62227 13 62314 15 62335 114 62459 38 62560 1 62571 14 62591 116 62715 40 62789 2 62827 13 62846 117 62970 14 62985 26 63084 11 63101 119 63225 14 63241 27 63341 10 63357 37 63395 100 63497 26 63598 9 63611 1 63613 36 63650 127 63857 12 63870 137 64008 27 64115 160 64279 12 64371 157 64535 13 64612 1 64627 156 64791 14 64834 3 64867 2 64878 1 64884 154 65047 14 65089 6 65123 4 65133 2 65140 152 65303 14 65346 3 65350 2 65379 1 65381 2 65389 2 65402 134
995278,185 71 443 69 699 69 955 69 1211 69 1467 69 1724 68 1981 67 2237 67 2492 68 2748 68 3003 69 3113 3 3259 69 3367 6 3515 69 3623 7 3771 69 3877 9 4026 70 4131 11 4282 70 4382 15 4539 69 4637 16 4795 69 4891 18 5051 69 5147 18 5307 69 5402 18 5564 68 5658 18 5821 67 5914 17 6077 67 6170 17 6333 67 6427 16 6589 67 6683 16 6845 67 6940 13 7101 67 7197 12 7357 67 7454 10 7613 67 7711 8 7868 68 7970 2 8123 69 8378 70 8633 71 8889 71 9144 72 9399 73 9655 73 9911 73 10030 6 10167 73 10285 8 10423 73 10541 8 10679 73 10797 8 10935 73 11053 9 11192 72 11309 9 11449 71 11566 7 11701 75 11823 6 11956 76 12081 2 12211 77 12466 78 12720 80 12976 80 13231 81 13487 81 13743 81 13999 81 14255 81 14491 2 14494 1 14511 81 14747 9 14768 80 15003 10 15024 80 15258 13 15281 79 15487 2 15513 15 15537 79 15740 9 15771 14 15793 14 15809 63 15995 13 16027 14 16050 12 16067 3 16072 56 16251 20 16283 14 16308 9 16328 56 16507 23 16539 14 16565 6 16584 56 16761 28 16795 14 16840 56 17017 28 17051 14 17096 56 17273 28 17309 12 17353 55 17529 28 17565 12 17609 55 17784 30 17823 10 17865 55 18039 31 18079 9 18121 46 18171 5 18295 32 18337 7 18377 40 18429 3 18539 3 18550 33 18596 4 18634 39 18685 3 18792 47 18853 4 18891 10 18904 25 18940 4 19047 48 19109 4 19147 10 19161 24 19196 4 19302 49 19365 5 19417 24 19558 49 19621 6 19674 23 19813 50 19876 7 19931 22 20069 50 20132 7 20188 21 20323 52 20388 8 20447 18 20578 53 20644 8 20710 10 20833 55 20901 6 21088 55 21158 5 21343 56 21599 56 21853 39 21893 17 22109 38 22149 16 22364 39 22406 15 22620 40 22662 15 22875 40 22918 15 23131 40 23174 14 23387 40 23429 14 23643 40 23685 14 23899 54 24154 55 24409 58 24665 60 24920 63 25176 63 25431 65 25673 5 25687 66 25927 8 25943 67 26183 9 26199 68 26438 11 26455 68 26694 11 26711 68 26949 13 26966 70 27205 14 27222 71 27461 88 27717 88 27973 88 28229 88 28483 91 28739 91 28996 89 29253 88 29511 86 29768 86 30025 86 30281 87 30538 89 30794 92 31051 93 31306 94 31563 94 31818 95 31917 4 32074 96 32171 6 32330 96 32427 7 32586 96 32685 6 32842 96 32941 6 33098 97 33199 2 33355 96 33611 95 33867 95 34123 93 34379 92 34635 90 34726 1 34891 89 35147 88 35403 87 35659 20 35695 48 35915 19 35951 42 35994 3 36171 18 36208 41 36427 18 36465 40 36683 18 36722 37 36939 18 36979 34 37197 16 37235 32 37453 16 37489 33 37711 12 37743 32 37967 12 37996 33 38219 2 38226 10 38251 31 38473 4 38483 9 38505 31 38727 8 38739 10 38760 29 38983 8 38995 10 39016 26 39238 23 39272 23 39494 24 39528 21 39749 26 39784 18 40005 27 40040 17 40261 29 40297 7 40305 4 40516 31 40553 4 40561 1 40772 31 41028 31 41284 32 41541 31 41797 32 42055 30 42318 21 42575 20 42832 17 43089 14 43346 11 43603 8 43860 2
